Id,ActivityDate,TotalSteps,TotalDistance,TrackerDistance,LoggedActivitiesDistance,VeryActiveDistance,ModeratelyActiveDistance,LightActiveDistance,SedentaryActiveDistance,VeryActiveMinutes,FairlyActiveMinutes,LightlyActiveMinutes,SedentaryMinutes,Calories,Calories_lag_1,Calories_lag_2,Calories_lag_3,Calories_lag_7,TotalSteps_lag_1,TotalSteps_lag_2,TotalSteps_lag_3,TotalSteps_lag_7,TotalDistance_lag_1,TotalDistance_lag_2,TotalDistance_lag_3,TotalDistance_lag_7,VeryActiveMinutes_lag_1,VeryActiveMinutes_lag_2,VeryActiveMinutes_lag_3,VeryActiveMinutes_lag_7,FairlyActiveMinutes_lag_1,FairlyActiveMinutes_lag_2,FairlyActiveMinutes_lag_3,FairlyActiveMinutes_lag_7,LightlyActiveMinutes_lag_1,LightlyActiveMinutes_lag_2,LightlyActiveMinutes_lag_3,LightlyActiveMinutes_lag_7,SedentaryMinutes_lag_1,SedentaryMinutes_lag_2,SedentaryMinutes_lag_3,SedentaryMinutes_lag_7,Calories_rolling_mean_3,Calories_rolling_std_3,Calories_rolling_mean_7,Calories_rolling_std_7,TotalSteps_rolling_mean_3,TotalSteps_rolling_std_3,TotalSteps_rolling_mean_7,TotalSteps_rolling_std_7,TotalDistance_rolling_mean_3,TotalDistance_rolling_std_3,TotalDistance_rolling_mean_7,TotalDistance_rolling_std_7,VeryActiveMinutes_rolling_mean_3,VeryActiveMinutes_rolling_std_3,VeryActiveMinutes_rolling_mean_7,VeryActiveMinutes_rolling_std_7,LightlyActiveMinutes_rolling_mean_3,LightlyActiveMinutes_rolling_std_3,LightlyActiveMinutes_rolling_mean_7,LightlyActiveMinutes_rolling_std_7,SedentaryMinutes_rolling_mean_3,SedentaryMinutes_rolling_std_3,SedentaryMinutes_rolling_mean_7,SedentaryMinutes_rolling_std_7,target_calories_next_day
1503960366,2016-04-19,15506,9.88000011444092,9.88000011444092,0.0,3.52999997138977,1.32000005245209,5.03000020980835,0.0,50,31,264,775,2035,1921.0,1728.0,1863.0,1985.0,13019.0,9705.0,12669.0,13162.0,8.59000015258789,6.48000001907349,8.15999984741211,8.5,42.0,38.0,36.0,25.0,16.0,20.0,10.0,13.0,233.0,164.0,221.0,328.0,1149.0,539.0,773.0,728.0,1837.3333333333333,99.02693236354112,1830.7142857142858,95.76484094856923,11797.666666666666,1820.7320871927689,11358.857142857143,1538.7338332290642,7.743333339691163,1.1150037555317815,7.388571398598807,0.9936536802972107,38.666666666666664,3.0550504633038895,31.571428571428573,7.457817885886436,206.0,36.86461718233353,221.85714285714286,52.59413329586159,820.3333333333334,307.7423164488974,844.1428571428571,245.95760377988492,1786.0
1503960366,2016-04-20,10544,6.67999982833862,6.67999982833862,0.0,1.96000003814697,0.479999989271164,4.23999977111816,0.0,28,12,205,818,1786,2035.0,1921.0,1728.0,1797.0,15506.0,13019.0,9705.0,10735.0,9.88000011444092,8.59000015258789,6.48000001907349,6.96999979019165,50.0,42.0,38.0,21.0,31.0,16.0,20.0,19.0,264.0,233.0,164.0,217.0,775.0,1149.0,539.0,776.0,1894.6666666666667,155.18483602895398,1837.857142857143,109.99761902185061,12743.333333333334,2910.308288366258,11693.714285714286,2135.758078863,8.316666762034101,1.716401328046084,7.5857142720903665,1.3306622499304406,43.333333333333336,6.110100926607784,35.142857142857146,9.494359227607578,220.33333333333334,51.189191567491406,212.71428571428572,32.96823868369012,821.0,307.5906370486592,850.8571428571429,242.88092320547298,1775.0
1503960366,2016-04-21,9819,6.34000015258789,6.34000015258789,0.0,1.3400000333786,0.349999994039536,4.65000009536743,0.0,19,8,211,838,1775,1786.0,2035.0,1921.0,1776.0,10544.0,15506.0,13019.0,10460.0,6.67999982833862,9.88000011444092,8.59000015258789,6.73999977111816,28.0,50.0,42.0,30.0,12.0,31.0,16.0,11.0,205.0,264.0,233.0,181.0,818.0,775.0,1149.0,1218.0,1914.0,124.64750298341316,1836.2857142857142,110.75455488859785,13023.0,2481.002418378507,11666.42857142857,2151.211817956169,8.383333365122477,1.609979449727437,7.544285706111363,1.357274977555325,40.0,11.135528725660041,36.142857142857146,8.008923594519878,234.0,29.512709126747403,211.0,33.02019584032374,914.0,204.64847910502527,856.8571428571429,241.23669467380552,1827.0
1503960366,2016-04-22,12764,8.13000011444092,8.13000011444092,0.0,4.76000022888184,1.12000000476837,2.24000000953674,0.0,66,27,130,1217,1827,1775.0,1786.0,2035.0,1745.0,9819.0,10544.0,15506.0,9762.0,6.34000015258789,6.67999982833862,9.88000011444092,6.28000020980835,19.0,28.0,50.0,29.0,8.0,12.0,31.0,34.0,211.0,205.0,264.0,209.0,838.0,818.0,775.0,726.0,1865.3333333333333,147.0385436997161,1836.142857142857,110.84588185318175,11956.333333333334,3095.4008356484846,11574.857142857143,2223.551920432069,7.6333333651224775,1.953083090077706,7.487142903464182,1.4043825997049186,32.333333333333336,15.947831618540913,34.57142857142857,10.19570404397759,226.66666666666666,32.47049943153528,215.28571428571428,30.313441934309633,810.3333333333334,32.1921315437997,802.5714285714286,181.87620069968582,1949.0
1503960366,2016-04-23,14371,9.03999996185303,9.03999996185303,0.0,2.80999994277954,0.870000004768372,5.3600001335144,0.0,41,21,262,732,1949,1827.0,1775.0,1786.0,1863.0,12764.0,9819.0,10544.0,12669.0,8.13000011444092,6.34000015258789,6.67999982833862,8.15999984741211,66.0,19.0,28.0,36.0,27.0,8.0,12.0,10.0,130.0,211.0,205.0,221.0,1217.0,838.0,818.0,773.0,1796.0,27.404379212089044,1847.857142857143,103.7118260235681,11042.333333333334,1534.4407233038805,12003.714285714286,2101.7960346876125,7.050000031789144,0.9506314105759068,7.7514286041259775,1.310272637530178,37.666666666666664,24.94660965609021,39.857142857142854,15.192416654684134,182.0,45.13313638558702,204.0,44.45222154178573,957.6666666666666,224.81177311994432,872.7142857142857,234.4928671876924,1788.0
1503960366,2016-04-24,10039,6.40999984741211,6.40999984741211,0.0,2.92000007629395,0.209999993443489,3.27999997138977,0.0,39,5,238,709,1788,1949.0,1827.0,1775.0,1728.0,14371.0,12764.0,9819.0,9705.0,9.03999996185303,8.13000011444092,6.34000015258789,6.48000001907349,41.0,66.0,19.0,38.0,21.0,27.0,8.0,20.0,262.0,130.0,211.0,164.0,732.0,1217.0,838.0,539.0,1850.3333333333333,89.31591870060632,1860.142857142857,110.66530406504795,12318.0,2308.5413143368264,12246.857142857143,2282.2827336222995,7.836666742960613,1.3736932309019922,7.877142906188965,1.3954535338539948,42.0,23.515952032609693,40.57142857142857,15.09809196396621,201.0,66.56575696257048,209.85714285714286,49.48207948819643,929.0,254.98431324299145,866.8571428571429,237.88612722016708,2013.0
1503960366,2016-04-25,15355,9.80000019073486,9.80000019073486,0.0,5.28999996185303,0.569999992847443,3.94000005722046,0.0,73,14,216,814,2013,1788.0,1949.0,1827.0,1921.0,10039.0,14371.0,12764.0,13019.0,6.40999984741211,9.03999996185303,8.13000011444092,8.59000015258789,39.0,41.0,66.0,42.0,5.0,21.0,27.0,16.0,238.0,262.0,130.0,233.0,709.0,732.0,1217.0,1149.0,1854.6666666666667,83.99007877918275,1868.7142857142858,100.58945320081071,12391.333333333334,2189.91240311875,12294.57142857143,2223.006437023433,7.859999974568686,1.3356272710371275,7.867142881665911,1.4073345903598595,48.666666666666664,15.04437879519567,40.714285714285715,15.07441857048209,210.0,70.31358332498777,220.42857142857142,45.821600229793894,886.0,286.88499437928084,891.1428571428571,205.27983223836068,1970.0
1503960366,2016-04-26,13755,8.78999996185303,8.78999996185303,0.0,2.32999992370605,0.920000016689301,5.53999996185303,0.0,31,23,279,833,1970,2013.0,1788.0,1949.0,2035.0,15355.0,10039.0,14371.0,15506.0,9.80000019073486,6.40999984741211,9.03999996185303,9.88000011444092,73.0,39.0,41.0,50.0,14.0,5.0,21.0,31.0,216.0,238.0,262.0,264.0,814.0,709.0,732.0,775.0,1916.6666666666667,115.9324515971836,1881.857142857143,113.71371739508608,13255.0,2828.260242622663,12628.285714285714,2507.070515846846,8.416666666666666,1.7788855723733357,8.04000002997262,1.5752143495617519,51.0,19.07878402833891,45.142857142857146,19.437322958924252,238.66666666666666,23.00724523564984,218.0,45.493589291972405,751.6666666666666,55.19359866264675,843.2857142857143,171.39983886195682,2159.0
1503960366,2016-04-27,18134,12.210000038147,12.210000038147,0.0,6.40000009536743,0.409999996423721,5.40999984741211,0.0,78,11,243,1108,2159,1970.0,2013.0,1788.0,1786.0,13755.0,15355.0,10039.0,10544.0,8.78999996185303,9.80000019073486,6.40999984741211,6.67999982833862,31.0,73.0,39.0,28.0,23.0,14.0,5.0,12.0,279.0,216.0,238.0,205.0,833.0,814.0,709.0,818.0,1923.6666666666667,119.44175707571166,1872.5714285714287,101.07564352644856,13049.666666666666,2727.285341384971,12378.142857142857,2245.835436875064,8.333333333333334,1.7405268998595664,7.884285722460065,1.4080111535081425,47.666666666666664,22.30097157823697,42.42857142857143,19.96544634159346,244.33333333333334,31.973947728319878,220.14285714285714,48.288813650881124,785.3333333333334,66.78572701807865,851.5714285714286,168.93278460466374,1898.0
1503960366,2016-04-28,13154,8.52999973297119,8.52999973297119,0.0,3.53999996185303,1.1599999666214,3.78999996185303,0.0,48,28,189,782,1898,2159.0,1970.0,2013.0,1775.0,18134.0,13755.0,15355.0,9819.0,12.210000038147,8.78999996185303,9.80000019073486,6.34000015258789,78.0,31.0,73.0,19.0,11.0,23.0,14.0,8.0,243.0,279.0,216.0,211.0,1108.0,833.0,814.0,838.0,2047.3333333333333,99.06731718045722,1925.857142857143,139.02569135646397,15748.0,2215.794891229783,13462.42857142857,2938.2178190836953,10.266666730244962,1.7571093804275386,8.674285752432692,2.032558811985594,60.666666666666664,25.813433195399114,49.57142857142857,22.69990560081064,246.0,31.60696125855819,225.57142857142858,48.43847349252157,918.3333333333334,164.53064557502142,893.0,193.15106350557147,1837.0
1503960366,2016-04-29,11181,7.15000009536743,7.15000009536743,0.0,1.05999994277954,0.5,5.57999992370605,0.0,16,12,243,815,1837,1898.0,2159.0,1970.0,1827.0,13154.0,18134.0,13755.0,12764.0,8.52999973297119,12.210000038147,8.78999996185303,8.13000011444092,48.0,78.0,31.0,66.0,28.0,11.0,23.0,27.0,189.0,243.0,279.0,130.0,782.0,1108.0,833.0,1217.0,2009.0,134.79985163196577,1943.4285714285713,123.71049152875278,15014.333333333334,2718.3708969405443,13938.857142857143,2484.2977162282973,9.84333324432374,2.0537122034243045,8.98714283534459,1.764206349351552,52.333333333333336,23.79775899813537,53.714285714285715,18.4365062282625,237.0,45.29900661162448,222.42857142857142,50.2223626911928,907.6666666666666,175.35772960817354,885.0,196.93146015809657,1947.0
1503960366,2016-04-30,14673,9.25,9.25,0.0,3.55999994277954,1.41999995708466,4.26999998092651,0.0,52,34,217,712,1947,1837.0,1898.0,2159.0,1949.0,11181.0,13154.0,18134.0,14371.0,7.15000009536743,8.52999973297119,12.210000038147,9.03999996185303,16.0,48.0,78.0,41.0,12.0,28.0,11.0,21.0,243.0,189.0,243.0,262.0,815.0,782.0,1108.0,732.0,1964.6666666666667,171.03898191153186,1944.857142857143,122.19032772881856,14156.333333333334,3583.2326652526126,13712.714285714286,2673.8833628442417,9.296666622161872,2.6156707446596386,8.847142832619808,1.878729360333115,47.333333333333336,31.00537587795596,46.57142857142857,22.18751257544915,225.0,31.176914536239764,238.57142857142858,29.41007278046726,901.6666666666666,179.45008591063228,827.5714285714286,131.83431159711694,1820.0
1503960366,2016-05-01,10602,6.80999994277954,6.80999994277954,0.0,2.28999996185303,1.60000002384186,2.92000007629395,0.0,33,35,246,730,1820,1947.0,1837.0,1898.0,1788.0,14673.0,11181.0,13154.0,10039.0,9.25,7.15000009536743,8.52999973297119,6.40999984741211,52.0,16.0,48.0,39.0,34.0,12.0,28.0,5.0,217.0,243.0,189.0,238.0,712.0,815.0,782.0,709.0,1894.0,55.10898293381942,1944.5714285714287,122.18136402203739,13002.666666666666,1750.911857671123,13755.857142857143,2688.6704538719137,8.30999994277954,1.067145646398599,8.877142838069375,1.8839915109058014,38.666666666666664,19.731531449264992,48.142857142857146,22.116574263272717,216.33333333333334,27.00617213403876,232.14285714285714,28.333893551884533,769.6666666666666,52.595944076832566,824.7142857142857,134.44170271374668,2004.0
1503960366,2016-05-02,14727,9.71000003814697,9.71000003814697,0.0,3.21000003814697,0.569999992847443,5.92000007629395,0.0,41,15,277,798,2004,1820.0,1947.0,1837.0,2013.0,10602.0,14673.0,11181.0,15355.0,6.80999994277954,9.25,7.15000009536743,9.80000019073486,33.0,52.0,16.0,73.0,35.0,34.0,12.0,14.0,246.0,217.0,243.0,216.0,730.0,712.0,815.0,814.0,1868.0,68.94200461257273,1949.142857142857,115.7777016116492,12152.0,2202.360324742527,13836.285714285714,2564.507731468536,7.7366666793823216,1.3215647280435205,8.93428570883615,1.8009243986738424,33.666666666666664,18.009256878986807,47.285714285714285,22.640040383608607,235.33333333333334,15.947831618540851,233.28571428571428,28.767541232636287,752.3333333333334,55.01211987674443,827.7142857142857,131.63423349786876,1990.0
1503960366,2016-05-03,15103,9.65999984741211,9.65999984741211,0.0,3.73000001907349,1.04999995231628,4.88000011444092,0.0,50,24,254,816,1990,2004.0,1820.0,1947.0,1970.0,14727.0,10602.0,14673.0,13755.0,9.71000003814697,6.80999994277954,9.25,8.78999996185303,41.0,33.0,52.0,31.0,15.0,35.0,34.0,23.0,277.0,246.0,217.0,279.0,798.0,730.0,712.0,833.0,1923.6666666666667,94.19306414664155,1947.857142857143,114.99772254473599,13334.0,2366.135456815609,13746.57142857143,2512.990838101274,8.58999999364217,1.5585891519502613,8.921428544180737,1.7940218387829339,42.0,9.539392014169458,42.714285714285715,19.610492818168254,246.66666666666666,30.005555041247472,242.0,31.743765792146764,746.6666666666666,45.357836515130465,825.4285714285714,132.05031508590096,1819.0
1503960366,2016-05-04,11100,7.15000009536743,7.15000009536743,0.0,2.46000003814697,0.870000004768372,3.8199999332428,0.0,36,22,203,1179,1819,1990.0,2004.0,1820.0,2159.0,15103.0,14727.0,10602.0,18134.0,9.65999984741211,9.71000003814697,6.80999994277954,12.210000038147,50.0,41.0,33.0,78.0,24.0,15.0,35.0,11.0,254.0,277.0,246.0,243.0,816.0,798.0,730.0,1108.0,1938.0,102.430464218415,1950.7142857142858,115.88458955028482,13477.333333333334,2497.1984969828372,13939.142857142857,2564.8579836299837,8.726666609446207,1.660070281072979,9.045714242117748,1.813430069550656,41.333333333333336,8.504900548115385,45.42857142857143,19.025046148495434,259.0,16.093476939431035,238.42857142857142,28.082361859698484,781.3333333333334,45.357836515130465,823.0,132.04418452422158,1959.0
1503960366,2016-05-05,14070,8.89999961853027,8.89999961853027,0.0,2.92000007629395,1.08000004291534,4.88000011444092,0.0,45,24,250,857,1959,1819.0,1990.0,2004.0,1898.0,11100.0,15103.0,14727.0,13154.0,7.15000009536743,9.65999984741211,9.71000003814697,8.52999973297119,36.0,50.0,41.0,48.0,22.0,24.0,15.0,28.0,203.0,254.0,277.0,189.0,1179.0,816.0,798.0,782.0,1937.6666666666667,103.00647228855736,1902.142857142857,79.61036065619506,13643.333333333334,2210.599993968457,12934.285714285714,1952.2089808117119,8.839999993642168,1.4637963474796827,8.322857107434952,1.2684992556828094,42.333333333333336,7.0945988845975885,39.42857142857143,12.567910763224772,244.66666666666666,37.872593432894604,232.71428571428572,30.92309970294207,931.0,214.9627874772747,833.1428571428571,157.79990343409443,1896.0
1503960366,2016-05-06,12159,8.02999973297119,8.02999973297119,0.0,1.97000002861023,0.25,5.80999994277954,0.0,24,6,289,754,1896,1959.0,1819.0,1990.0,1837.0,14070.0,11100.0,15103.0,11181.0,8.89999961853027,7.15000009536743,9.65999984741211,7.15000009536743,45.0,36.0,50.0,16.0,24.0,22.0,24.0,12.0,250.0,203.0,254.0,243.0,857.0,1179.0,816.0,815.0,1922.6666666666667,91.10616517740903,1910.857142857143,82.37197859188993,13424.333333333334,2078.1401139801283,13065.142857142857,1999.5177275676103,8.569999853769936,1.2871284210880047,8.375714233943393,1.2861551519967895,43.666666666666664,7.094598884597586,39.0,12.274635093014648,235.66666666666666,28.360771028541016,241.42857142857142,24.47350365093608,950.6666666666666,198.8022468015221,843.8571428571429,156.28758595553754,1821.0
1503960366,2016-05-07,11992,7.71000003814697,7.71000003814697,0.0,2.46000003814697,2.11999988555908,3.13000011444092,0.0,37,46,175,833,1821,1896.0,1959.0,1819.0,1947.0,12159.0,14070.0,11100.0,14673.0,8.02999973297119,8.89999961853027,7.15000009536743,9.25,24.0,45.0,36.0,52.0,6.0,24.0,22.0,34.0,289.0,250.0,203.0,217.0,754.0,857.0,1179.0,712.0,1891.3333333333333,70.11656960614475,1919.2857142857142,76.35381301483683,12443.0,1505.2298827753882,13204.857142857143,1876.2945245502208,8.02666648228963,0.8750045232383825,8.501428467886786,1.1854454392346176,35.0,10.535653752852749,40.142857142857146,9.923517041663732,247.33333333333334,43.06197084822443,248.0,30.4192921241329,930.0,221.70475863183444,835.1428571428571,159.8253511090868,1740.0
1503960366,2016-05-08,10060,6.57999992370605,6.57999992370605,0.0,3.52999997138977,0.319999992847443,2.73000001907349,0.0,44,8,203,574,1740,1821.0,1896.0,1959.0,1820.0,11992.0,12159.0,14070.0,10602.0,7.71000003814697,8.02999973297119,8.89999961853027,6.80999994277954,37.0,24.0,45.0,33.0,46.0,6.0,24.0,35.0,175.0,289.0,250.0,246.0,833.0,754.0,857.0,730.0,1892.0,69.08690179766359,1901.2857142857142,83.27007122552907,12740.333333333334,1154.5485409169,12821.857142857143,1798.686690205887,8.213333129882809,0.6158190490277807,8.281428473336353,1.1661106989981487,35.333333333333336,10.598742063723106,38.0,8.445906306213292,238.0,57.93962374748387,242.0,40.141416683188126,814.6666666666666,53.891867042563156,852.4285714285714,150.5621213351897,1819.0
1503960366,2016-05-09,12022,7.71999979019165,7.71999979019165,0.0,3.45000004768372,0.529999971389771,3.74000000953674,0.0,46,11,206,835,1819,1740.0,1821.0,1896.0,2004.0,10060.0,11992.0,12159.0,14727.0,6.57999992370605,7.71000003814697,8.02999973297119,9.71000003814697,44.0,37.0,24.0,41.0,8.0,46.0,6.0,15.0,203.0,175.0,289.0,277.0,574.0,833.0,754.0,798.0,1819.0,78.0192283991582,1889.857142857143,100.07901640108905,11403.666666666666,1166.64147591852,12744.42857142857,1917.887975277567,7.4399998982747375,0.7617741911915354,8.248571327754428,1.2166268271165195,35.0,10.14889156509223,39.57142857142857,8.383657572069266,222.33333333333334,59.4081924765712,235.85714285714286,42.639686409996706,720.3333333333334,132.74160362649422,830.1428571428571,180.31031452418227,1859.0
1503960366,2016-05-10,12207,7.76999998092651,7.76999998092651,0.0,3.34999990463257,1.1599999666214,3.25999999046326,0.0,46,31,214,746,1859,1819.0,1740.0,1821.0,1990.0,12022.0,10060.0,11992.0,15103.0,7.71999979019165,6.57999992370605,7.71000003814697,9.65999984741211,46.0,44.0,37.0,50.0,11.0,8.0,46.0,24.0,206.0,203.0,175.0,254.0,835.0,574.0,833.0,816.0,1793.3333333333333,46.19884558442286,1863.4285714285713,88.69208371825336,11358.0,1124.20104963481,12358.0,1713.4657860605219,7.33666658401489,0.6553116242502137,7.964285578046524,1.0375427943873468,42.333333333333336,4.725815626252611,40.285714285714285,8.73144290699397,194.66666666666666,17.097758137642817,225.71428571428572,39.55466380303882,747.3333333333334,150.11440081928617,835.4285714285714,179.75247531244847,1783.0
1503960366,2016-05-11,12770,8.13000011444092,8.13000011444092,0.0,2.55999994277954,1.00999999046326,4.55000019073486,0.0,36,23,251,669,1783,1859.0,1819.0,1740.0,1819.0,12207.0,12022.0,10060.0,11100.0,7.76999998092651,7.71999979019165,6.57999992370605,7.15000009536743,46.0,46.0,44.0,36.0,31.0,11.0,8.0,22.0,214.0,206.0,203.0,203.0,746.0,835.0,574.0,1179.0,1806.0,60.55575942881084,1844.7142857142858,69.21636195224887,11429.666666666666,1189.767344203623,11944.285714285714,1218.2945339402033,7.356666564941404,0.6730774906905211,7.69428559712001,0.720066013539339,45.333333333333336,1.1547005383792275,39.714285714285715,8.09761869758194,207.66666666666666,5.686240703077151,220.0,37.62977544445357,718.3333333333334,132.68132247356183,825.4285714285714,182.9324621664666,0.0
1624580081,2016-04-19,2916,1.89999997615814,1.89999997615814,0.0,0.0,0.0,1.89999997615814,0.0,0,0,141,1299,1435,1604.0,1554.0,1463.0,1432.0,10536.0,6175.0,5370.0,8163.0,7.40999984741211,4.05999994277954,3.49000000953674,5.30999994277954,17.0,15.0,0.0,0.0,7.0,22.0,0.0,0.0,202.0,127.0,176.0,146.0,1214.0,1276.0,1264.0,1294.0,1540.3333333333333,71.48659548008507,1482.857142857143,95.83741192149085,7360.333333333333,2779.505411639512,6838.285714285715,2932.2894192243775,4.986666599909463,2.1179313025480764,4.531428575515746,2.030610945187413,10.666666666666666,9.29157324317757,4.571428571428571,7.828519290754433,168.33333333333334,38.08324215889889,161.57142857142858,47.08806339493815,1251.3333333333333,32.88363321370262,1269.7142857142858,48.47581625826183,1446.0
1624580081,2016-04-20,4974,3.23000001907349,3.23000001907349,0.0,0.0,0.0,3.23000001907349,0.0,0,0,151,1289,1446,1435.0,1604.0,1554.0,1411.0,2916.0,10536.0,6175.0,7007.0,1.89999997615814,7.40999984741211,4.05999994277954,4.55000019073486,0.0,17.0,15.0,0.0,0.0,7.0,22.0,0.0,141.0,202.0,127.0,148.0,1299.0,1214.0,1276.0,1292.0,1531.0,86.81589716175253,1483.2857142857142,95.57843948944809,6542.333333333333,3823.257816749131,6088.714285714285,3195.9970647820123,4.456666588783263,2.776334447854504,4.04428572314126,2.2134953826300303,10.666666666666666,9.29157324317757,4.571428571428571,7.828519290754434,156.66666666666666,39.87898360456713,160.85714285714286,47.40052240017533,1263.0,43.96589587396113,1270.4285714285713,48.928032669957005,1467.0
1624580081,2016-04-21,6349,4.13000011444092,4.13000011444092,0.0,0.0,0.0,4.1100001335144,0.0199999995529652,0,0,186,1254,1467,1446.0,1435.0,1604.0,1572.0,4974.0,2916.0,10536.0,9107.0,3.23000001907349,1.89999997615814,7.40999984741211,5.92000007629395,0.0,0.0,17.0,0.0,0.0,0.0,7.0,0.0,151.0,141.0,202.0,236.0,1289.0,1299.0,1214.0,1204.0,1495.0,94.55686120002076,1488.2857142857142,92.01578539525028,6142.0,3941.987823421072,5798.285714285715,3191.0103266460774,4.1799999475479135,2.8752216511741753,3.855714270046779,2.2194507799681475,5.666666666666667,9.81495457622364,4.571428571428571,7.828519290754434,164.66666666666666,32.71594921950659,161.28571428571428,47.27830469928141,1267.3333333333333,46.457866215887776,1270.0,48.72029009218507,1470.0
1624580081,2016-04-22,4026,2.61999988555908,2.61999988555908,0.0,0.0,0.0,2.59999990463257,0.0,0,0,199,1241,1470,1467.0,1446.0,1435.0,1344.0,6349.0,4974.0,2916.0,1510.0,4.13000011444092,3.23000001907349,1.89999997615814,0.980000019073486,0.0,0.0,0.0,0.0,0.0,0.0,0.0,0.0,186.0,151.0,141.0,96.0,1254.0,1289.0,1299.0,1344.0,1449.3333333333333,16.258331197676018,1473.2857142857142,84.33210991019233,4746.333333333333,1727.786541599781,5404.285714285715,2868.3423037407115,3.0866667032241835,1.1218883561921744,3.5999999897820607,2.037645654133289,0.0,0.0,4.571428571428571,7.828519290754434,159.33333333333334,23.629078131263046,154.14285714285714,36.703444758535355,1280.6666666666667,23.629078131262997,1277.142857142857,40.383282727008705,1562.0
1624580081,2016-04-23,8538,5.55000019073486,5.55000019073486,0.0,0.0,0.0,5.53999996185303,0.0099999997764825,0,0,227,1213,1562,1470.0,1467.0,1446.0,1463.0,4026.0,6349.0,4974.0,5370.0,2.61999988555908,4.13000011444092,3.23000001907349,3.49000000953674,0.0,0.0,0.0,0.0,0.0,0.0,0.0,0.0,199.0,186.0,151.0,176.0,1241.0,1254.0,1289.0,1264.0,1461.0,13.076696830621742,1491.2857142857142,62.84826777171152,5116.333333333333,1168.0224027531888,5763.714285714285,2421.9211874244047,3.3266666730244965,0.7596272140302578,3.8342856849942883,1.7618063987352226,0.0,0.0,4.571428571428571,7.828519290754434,178.66666666666666,24.826061575153915,168.85714285714286,29.435967632748042,1261.3333333333333,24.82606157515386,1262.4285714285713,29.17108810024719,1617.0
1624580081,2016-04-24,6076,3.95000004768372,3.95000004768372,0.0,1.14999997615814,0.910000026226044,1.88999998569489,0.0,16,18,185,1221,1617,1562.0,1470.0,1467.0,1554.0,8538.0,4026.0,6349.0,6175.0,5.55000019073486,2.61999988555908,4.13000011444092,4.05999994277954,0.0,0.0,0.0,15.0,0.0,0.0,0.0,22.0,227.0,199.0,186.0,127.0,1213.0,1241.0,1254.0,1276.0,1499.6666666666667,54.00308633155444,1505.4285714285713,66.45764852610294,6304.333333333333,2256.3316097890693,6216.285714285715,2623.677998172649,4.100000063578286,1.465230510660818,4.128571425165449,1.863808184003609,0.0,0.0,4.571428571428571,7.828519290754434,204.0,20.952326839756974,176.14285714285714,36.87107525522128,1236.0,20.952326839756875,1255.142857142857,34.58047894129759,1492.0
1624580081,2016-04-25,6497,4.21999979019165,4.21999979019165,0.0,0.0,0.0,4.19999980926514,0.0199999995529652,0,0,202,1238,1492,1617.0,1562.0,1470.0,1604.0,6076.0,8538.0,4026.0,10536.0,3.95000004768372,5.55000019073486,2.61999988555908,7.40999984741211,16.0,0.0,0.0,17.0,18.0,0.0,0.0,7.0,185.0,227.0,199.0,202.0,1221.0,1213.0,1241.0,1214.0,1549.6666666666667,74.27202254774888,1514.4285714285713,77.48302425447159,6213.333333333333,2259.132871996097,6202.142857142857,2624.204414584315,4.040000041325887,1.467072065790987,4.112857154437474,1.86494605824943,5.333333333333333,9.237604307034013,4.714285714285714,8.05634916725696,203.66666666666666,21.385353243127263,184.42857142857142,29.8320696726255,1225.0,14.422205101855827,1247.2857142857142,35.29265403127724,1402.0
1624580081,2016-04-26,2826,1.8400000333786,1.8400000333786,0.0,0.0,0.0,1.83000004291534,0.0099999997764825,0,0,140,1300,1402,1492.0,1617.0,1562.0,1435.0,6497.0,6076.0,8538.0,2916.0,4.21999979019165,3.95000004768372,5.55000019073486,1.89999997615814,0.0,16.0,0.0,0.0,0.0,18.0,0.0,0.0,202.0,185.0,227.0,141.0,1238.0,1221.0,1213.0,1299.0,1557.0,62.649820430708175,1498.4285714285713,66.72045449199996,7037.0,1316.8374994660503,5625.142857142857,1839.0583123409858,4.573333342870076,0.8565241175980873,3.657142860548837,1.1940647514589195,5.333333333333333,9.237604307034013,2.2857142857142856,6.047431568147636,204.66666666666666,21.126602503321106,184.42857142857142,29.8320696726255,1224.0,12.767145334803558,1250.7142857142858,32.581765277090646,1670.0
1624580081,2016-04-27,8367,5.44000005722046,5.44000005722046,0.0,1.11000001430511,1.87000000476837,2.46000003814697,0.0,17,36,154,1233,1670,1402.0,1492.0,1617.0,1446.0,2826.0,6497.0,6076.0,4974.0,1.8400000333786,4.21999979019165,3.95000004768372,3.23000001907349,0.0,0.0,16.0,0.0,0.0,0.0,18.0,0.0,140.0,202.0,185.0,151.0,1300.0,1238.0,1221.0,1289.0,1503.6666666666667,107.97376224497005,1493.7142857142858,72.83477714598128,5133.0,2008.979093967879,5612.285714285715,1861.3347105670982,3.336666623751323,1.3031627401410888,3.64857144015176,1.2089035278230384,5.333333333333333,9.237604307034013,2.2857142857142856,6.047431568147636,175.66666666666666,32.036437588054845,184.28571428571428,30.076093971315988,1253.0,41.581245772583536,1250.857142857143,32.830009500600596,1401.0
1624580081,2016-04-28,2759,1.78999996185303,1.78999996185303,0.0,0.0,0.200000002980232,1.60000002384186,0.0,0,5,115,1320,1401,1670.0,1402.0,1492.0,1467.0,8367.0,2826.0,6497.0,6349.0,5.44000005722046,1.8400000333786,4.21999979019165,4.13000011444092,17.0,0.0,0.0,0.0,36.0,0.0,0.0,0.0,154.0,140.0,202.0,186.0,1233.0,1300.0,1238.0,1254.0,1521.3333333333333,136.38670511942627,1525.7142857142858,94.39405752078925,5896.666666666667,2818.859757656158,6097.0,2094.5885833101765,3.8333332935969033,1.830883196057846,3.964285731315613,1.3604516589164704,5.666666666666667,9.814954576223638,4.714285714285714,8.05634916725696,165.33333333333334,32.516662395352526,184.71428571428572,29.539320042469324,1257.0,37.322915213043,1242.857142857143,28.527346946562027,1404.0
1624580081,2016-04-29,2390,1.54999995231628,1.54999995231628,0.0,0.0,0.0,1.54999995231628,0.0,0,0,150,1290,1404,1401.0,1670.0,1402.0,1470.0,2759.0,8367.0,2826.0,4026.0,1.78999996185303,5.44000005722046,1.8400000333786,2.61999988555908,0.0,17.0,0.0,0.0,5.0,36.0,0.0,0.0,115.0,154.0,140.0,199.0,1320.0,1233.0,1300.0,1241.0,1491.0,155.0193536304419,1516.2857142857142,104.0395986883748,4650.666666666667,3218.613417814158,5584.142857142857,2434.522227499777,3.0233333508173637,2.0930440700487045,3.6299999952316284,1.5823400906336937,5.666666666666667,9.814954576223638,4.714285714285714,8.05634916725696,136.33333333333334,19.756855350316602,174.57142857142858,39.52576013545741,1284.3333333333333,45.56680078010011,1252.2857142857142,41.0029034976561,1655.0
1624580081,2016-04-30,6474,4.30000019073486,4.30000019073486,0.0,0.899999976158142,1.27999997138977,2.11999988555908,0.0099999997764825,11,23,224,1182,1655,1404.0,1401.0,1670.0,1562.0,2390.0,2759.0,8367.0,8538.0,1.54999995231628,1.78999996185303,5.44000005722046,5.55000019073486,0.0,0.0,17.0,0.0,0.0,5.0,36.0,0.0,150.0,115.0,154.0,227.0,1290.0,1320.0,1233.0,1213.0,1491.6666666666667,154.4484811622741,1506.857142857143,111.64591136181171,4505.333333333333,3349.3868593122133,5350.428571428572,2675.623719007268,2.9266666571299234,2.1799159585067533,3.477142861911229,1.739997308862893,5.666666666666667,9.814954576223638,4.714285714285714,8.05634916725696,139.66666666666666,21.45538005567214,167.57142857142858,38.81089684979869,1281.0,44.19275958796868,1259.2857142857142,42.894111039917476,2690.0
1624580081,2016-05-01,36019,28.0300006866455,28.0300006866455,0.0,21.9200000762939,4.19000005722046,1.9099999666214,0.0199999995529652,186,63,171,1020,2690,1655.0,1404.0,1401.0,1617.0,6474.0,2390.0,2759.0,6076.0,4.30000019073486,1.54999995231628,1.78999996185303,3.95000004768372,11.0,0.0,0.0,16.0,23.0,0.0,5.0,18.0,224.0,150.0,115.0,185.0,1182.0,1290.0,1320.0,1221.0,1486.6666666666667,145.78865982418984,1520.142857142857,124.13625386569994,3874.3333333333335,2258.92459664623,5055.571428571428,2361.0375443254356,2.5466667016347233,1.5231656981906043,3.2985714333397995,1.545028921052251,3.6666666666666665,6.3508529610858835,6.285714285714286,8.05634916725696,163.0,55.65069631190611,167.14285714285714,38.054472235768245,1264.0,72.5809892464962,1254.857142857143,49.552761683645784,1497.0
1624580081,2016-05-02,7155,4.92999982833862,4.92999982833862,0.0,0.860000014305115,0.589999973773956,3.47000002861023,0.0,7,6,166,1261,1497,2690.0,1655.0,1404.0,1492.0,36019.0,6474.0,2390.0,6497.0,28.0300006866455,4.30000019073486,1.54999995231628,4.21999979019165,186.0,11.0,0.0,0.0,63.0,23.0,0.0,0.0,171.0,224.0,150.0,202.0,1020.0,1182.0,1290.0,1238.0,1916.3333333333333,681.6673186630949,1673.4285714285713,463.17162303076407,14961.0,18350.729876492653,9333.142857142857,11993.444757152016,11.29333360989888,14.559452048625188,6.738571524620054,9.510579332835523,65.66666666666667,104.35675988326454,30.571428571428573,68.87635574674651,181.66666666666666,38.13572253587617,165.14285714285714,37.32036339332085,1164.0,135.89701983487348,1226.142857142857,102.44743135128456,1334.0
1624580081,2016-05-03,2100,1.37000000476837,1.37000000476837,0.0,0.0,0.0,1.3400000333786,0.0199999995529652,0,0,96,1344,1334,1497.0,2690.0,1655.0,1402.0,7155.0,36019.0,6474.0,2826.0,4.92999982833862,28.0300006866455,4.30000019073486,1.8400000333786,7.0,186.0,11.0,0.0,6.0,63.0,23.0,0.0,166.0,171.0,224.0,140.0,1261.0,1020.0,1182.0,1300.0,1947.3333333333333,648.0018004090215,1674.142857142857,462.84894172628583,16549.333333333332,16864.66365906339,9427.142857142857,11970.067187622235,12.420000235239662,13.522326369952511,6.840000101498193,9.482988533708005,68.0,102.21056696839128,31.571428571428573,68.40774113811278,187.0,32.1403173599764,160.0,33.69965380633257,1154.3333333333333,122.85899777115772,1229.4285714285713,103.25673043900024,1368.0
1624580081,2016-05-04,2193,1.42999994754791,1.42999994754791,0.0,0.0,0.0,1.41999995708466,0.0,0,0,118,1322,1368,1334.0,1497.0,2690.0,1670.0,2100.0,7155.0,36019.0,8367.0,1.37000000476837,4.92999982833862,28.0300006866455,5.44000005722046,0.0,7.0,186.0,17.0,0.0,6.0,63.0,36.0,96.0,166.0,171.0,154.0,1344.0,1261.0,1020.0,1233.0,1840.3333333333333,740.3325829202261,1664.4285714285713,470.16835890379264,15091.333333333334,18299.280869294653,9323.42857142857,12039.73760590519,11.443333506584162,14.474340945015351,6.772857240268159,9.525857550311454,64.33333333333333,105.42453857301597,31.571428571428573,68.40774113811278,144.33333333333334,41.932485418030424,153.71428571428572,41.298564485602,1208.3333333333333,168.29834619904423,1235.7142857142858,109.4238156370514,1370.0
1624580081,2016-05-05,2470,1.61000001430511,1.61000001430511,0.0,0.0,0.0,1.58000004291534,0.0199999995529652,0,0,117,1323,1370,1368.0,1334.0,1497.0,1401.0,2193.0,2100.0,7155.0,2759.0,1.42999994754791,1.37000000476837,4.92999982833862,1.78999996185303,0.0,0.0,7.0,0.0,0.0,0.0,6.0,5.0,118.0,96.0,166.0,115.0,1322.0,1344.0,1261.0,1320.0,1399.6666666666667,85.99030953155905,1621.2857142857142,483.24587057580874,3816.0,2892.0326761639362,8441.42857142857,12343.78708577913,2.5766665935516335,2.038267152202615,6.20000008174351,9.737592369475593,2.3333333333333335,4.041451884327385,29.142857142857142,69.30711500615352,126.66666666666667,35.79571668975681,148.57142857142858,43.442901771011016,1309.0,43.000000000000256,1248.4285714285713,114.12545311024641,1341.0
1624580081,2016-05-06,1727,1.12000000476837,1.12000000476837,0.0,0.0,0.0,1.12000000476837,0.0099999997764825,0,0,102,1338,1341,1370.0,1368.0,1334.0,1404.0,2470.0,2193.0,2100.0,2390.0,1.61000001430511,1.42999994754791,1.37000000476837,1.54999995231628,0.0,0.0,0.0,0.0,0.0,0.0,0.0,0.0,117.0,118.0,96.0,150.0,1323.0,1322.0,1344.0,1290.0,1357.3333333333333,20.231987873991557,1616.857142857143,485.73670116344175,2254.3333333333335,192.47424070058,8400.142857142857,12366.423026736165,1.4699999888737967,0.12489997447560945,6.174285803522379,9.751406752509569,0.0,0.0,29.142857142857142,69.30711500615352,110.33333333333333,12.423096769056187,148.85714285714286,43.19115870726541,1329.6666666666667,12.423096769057043,1248.857142857143,114.44420557842234,1474.0
1624580081,2016-05-07,2104,1.37000000476837,1.37000000476837,0.0,0.0,0.0,1.37000000476837,0.0,0,0,182,1258,1474,1341.0,1370.0,1368.0,1655.0,1727.0,2470.0,2193.0,6474.0,1.12000000476837,1.61000001430511,1.42999994754791,4.30000019073486,0.0,0.0,0.0,11.0,0.0,0.0,0.0,23.0,102.0,117.0,118.0,224.0,1338.0,1323.0,1322.0,1182.0,1359.6666666666667,16.19670748434211,1607.857142857143,490.89422776922396,2130.0,375.4850196744618,8305.42857142857,12422.538211615516,1.3866666555404634,0.24785748522830373,6.112857239586963,9.786682898543704,0.0,0.0,29.142857142857142,69.30711500615352,112.33333333333333,8.962886439832555,142.0,46.651187909134,1327.6666666666667,8.962886439833753,1255.7142857142858,118.67984143023101,1427.0
1624580081,2016-05-08,3427,2.23000001907349,2.23000001907349,0.0,0.0,0.0,2.22000002861023,0.0,0,0,152,1288,1427,1474.0,1341.0,1370.0,2690.0,2104.0,1727.0,2470.0,36019.0,1.37000000476837,1.12000000476837,1.61000001430511,28.0300006866455,0.0,0.0,0.0,186.0,0.0,0.0,0.0,63.0,182.0,102.0,117.0,171.0,1258.0,1338.0,1323.0,1020.0,1395.0,69.93568473962353,1582.0,492.7605909567037,2100.3333333333335,371.51357086015605,7681.142857142857,12637.854451719926,1.3666666746139502,0.24501701094819073,5.694285784448893,9.938618302433444,0.0,0.0,27.571428571428573,69.90912468544943,133.66666666666666,42.52450274057693,136.0,35.781745811703075,1306.3333333333333,42.52450274057714,1266.5714285714287,114.20428646779891,1328.0
1624580081,2016-05-09,1732,1.12999999523163,1.12999999523163,0.0,0.0,0.0,1.12999999523163,0.0,0,0,91,1349,1328,1427.0,1474.0,1341.0,1497.0,3427.0,2104.0,1727.0,7155.0,2.23000001907349,1.37000000476837,1.12000000476837,4.92999982833862,0.0,0.0,0.0,7.0,0.0,0.0,0.0,6.0,152.0,182.0,102.0,166.0,1288.0,1258.0,1338.0,1261.0,1414.0,67.44627491566906,1401.5714285714287,65.00988935758669,2419.3333333333335,892.7913156685975,3025.1428571428573,1897.6925838652346,1.5733333428700764,0.5822656977077324,2.0085714033671773,1.3343215971907016,0.0,0.0,1.0,2.645751311064552,145.33333333333334,40.41451884327382,133.28571428571428,33.320235521948106,1294.6666666666667,40.41451884327403,1304.857142857143,35.723141759130534,1393.0
1624580081,2016-05-10,2969,1.92999994754791,1.92999994754791,0.0,0.0,0.0,1.91999995708466,0.0099999997764825,0,0,139,1301,1393,1328.0,1427.0,1474.0,1334.0,1732.0,3427.0,2104.0,2100.0,1.12999999523163,2.23000001907349,1.37000000476837,1.37000000476837,0.0,0.0,0.0,0.0,0.0,0.0,0.0,0.0,91.0,152.0,182.0,96.0,1349.0,1288.0,1258.0,1344.0,1409.6666666666667,74.52739988308561,1377.4285714285713,54.13519232088309,2421.0,890.8552070903171,2250.4285714285716,580.6096959641521,1.5766666730244967,0.5783885778083213,1.465714284351893,0.3778825795756328,0.0,0.0,0.0,0.0,141.66666666666666,46.37168676394394,122.57142857142857,33.10517151371334,1298.3333333333333,46.3716867639442,1317.4285714285713,33.10517151371481,1359.0
1624580081,2016-05-11,3134,2.03999996185303,2.03999996185303,0.0,0.0,0.0,2.03999996185303,0.0,0,0,112,1328,1359,1393.0,1328.0,1427.0,1368.0,2969.0,1732.0,3427.0,2193.0,1.92999994754791,1.12999999523163,2.23000001907349,1.42999994754791,0.0,0.0,0.0,0.0,0.0,0.0,0.0,0.0,139.0,91.0,152.0,118.0,1301.0,1349.0,1288.0,1322.0,1382.6666666666667,50.30241876225587,1385.857142857143,50.73272635892412,2709.3333333333335,876.8274250576713,2374.5714285714284,633.5721103770157,1.7633333206176767,0.5686240731030396,1.5457142761775413,0.4119812751749873,0.0,0.0,0.0,0.0,127.33333333333333,32.129944496269104,128.71428571428572,31.29278024142457,1312.6666666666667,32.12994449626953,1311.2857142857142,31.292780241425984,1002.0
1644430081,2016-04-19,11256,8.18000030517578,8.18000030517578,0.0,0.360000014305115,2.52999997138977,5.30000019073486,0.0,5,58,278,1099,3300,2806.0,3011.0,3493.0,3199.0,7132.0,8757.0,15300.0,10694.0,5.19000005722046,6.36999988555908,11.1199998855591,7.76999998092651,15.0,29.0,51.0,2.0,33.0,13.0,42.0,51.0,121.0,186.0,212.0,256.0,1271.0,1212.0,1135.0,1131.0,3103.3333333333335,352.6844670996065,3055.285714285714,265.26446821095,10396.333333333334,4323.727134467823,9454.857142857143,3260.1733813081896,7.5599999427795455,3.13899659018015,6.874285766056607,2.3668323239018725,31.666666666666668,18.147543451754927,19.285714285714285,18.26393792618198,173.0,46.87216658103186,190.28571428571428,53.04939297709348,1206.0,68.19824044651004,1199.4285714285713,67.38411569219447,2430.0
1644430081,2016-04-20,2436,1.76999998092651,1.76999998092651,0.0,0.0,0.0,1.75999999046326,0.0099999997764825,0,0,125,1315,2430,3300.0,2806.0,3011.0,2902.0,11256.0,7132.0,8757.0,8001.0,8.18000030517578,5.19000005722046,6.36999988555908,5.82000017166138,5.0,15.0,29.0,30.0,58.0,33.0,13.0,16.0,278.0,121.0,186.0,135.0,1099.0,1271.0,1212.0,1259.0,3039.0,248.1874291740017,3069.714285714286,276.877057124466,9048.333333333334,2077.3782355010208,9535.142857142857,3302.4209013273594,6.580000082651774,1.506021391872455,6.93285724094936,2.397566254769262,16.333333333333332,12.055427546683406,19.714285714285715,17.82053390253582,195.0,78.88599368709251,193.42857142857142,58.011082684998335,1194.0,87.40137298692737,1194.857142857143,73.59897773617189,2140.0
1644430081,2016-04-21,1223,0.889999985694885,0.889999985694885,0.0,0.0,0.0,0.879999995231628,0.0099999997764825,0,0,38,1402,2140,2430.0,3300.0,2806.0,3226.0,2436.0,11256.0,7132.0,11037.0,1.76999998092651,8.18000030517578,5.19000005722046,8.02000045776367,0.0,5.0,15.0,5.0,0.0,58.0,33.0,58.0,125.0,278.0,121.0,252.0,1315.0,1099.0,1271.0,1125.0,2845.3333333333335,436.33167812265646,3002.285714285714,367.2522812662136,6941.333333333333,4413.090224925538,8740.142857142857,4263.331304217842,5.046666781107583,3.2074030554718047,6.3542857851300925,3.097401421631108,6.666666666666667,7.637626158259716,15.428571428571429,18.527971132471958,174.66666666666666,89.5116379770437,192.0,59.78572850884509,1228.3333333333333,114.1461052043973,1202.857142857143,84.03655667114674,2344.0
1644430081,2016-04-22,3673,2.67000007629395,2.67000007629395,0.0,0.0,0.0,2.66000008583069,0.0099999997764825,0,0,86,1354,2344,2140.0,2430.0,3300.0,2750.0,1223.0,2436.0,11256.0,5263.0,0.889999985694885,1.76999998092651,8.18000030517578,3.82999992370605,0.0,0.0,5.0,3.0,0.0,0.0,58.0,4.0,38.0,125.0,278.0,170.0,1402.0,1315.0,1099.0,1263.0,2623.3333333333335,603.6831398451786,2847.1428571428573,471.5663362919467,4971.666666666667,5476.082206590158,7338.142857142857,4941.804981602418,3.613333423932392,3.9792505325859815,5.335714289120266,3.591303664878792,1.6666666666666667,2.886751345948082,14.714285714285714,19.08502279899333,147.0,121.50308638055249,161.42857142857142,76.39776860366439,1272.0,156.00961508830153,1242.4285714285713,104.08947616170926,2677.0
1644430081,2016-04-23,6637,4.82999992370605,4.82999992370605,0.0,0.0,0.579999983310699,4.25,0.0,0,15,160,1265,2677,2344.0,2140.0,2430.0,3493.0,3673.0,1223.0,2436.0,15300.0,2.67000007629395,0.889999985694885,1.76999998092651,11.1199998855591,0.0,0.0,0.0,51.0,0.0,0.0,0.0,42.0,86.0,38.0,125.0,212.0,1354.0,1402.0,1315.0,1135.0,2304.6666666666665,148.94741801499492,2789.1428571428573,508.98867982547114,2444.0,1225.0195916800706,7111.0,5087.4767157534325,1.7766666809717817,0.8900187718808427,5.170000025204252,3.6975532467120282,0.0,0.0,14.285714285714286,19.42261813551652,83.0,43.57751713900185,149.42857142857142,81.26880734709381,1357.0,43.57751713900185,1255.4285714285713,112.43495474103698,2413.0
1644430081,2016-04-24,3321,2.41000008583069,2.41000008583069,0.0,0.0,0.0,2.41000008583069,0.0,0,0,89,1351,2413,2677.0,2344.0,2140.0,3011.0,6637.0,3673.0,1223.0,8757.0,4.82999992370605,2.67000007629395,0.889999985694885,6.36999988555908,0.0,0.0,0.0,29.0,15.0,0.0,0.0,13.0,160.0,86.0,38.0,186.0,1265.0,1354.0,1402.0,1212.0,2387.0,271.0701016342457,2672.5714285714284,403.41370706461964,3844.3333333333335,2711.0635059572724,5873.428571428572,3599.4997271446323,2.796666661898295,1.973051746866637,4.271428602082389,2.617011259282277,0.0,0.0,7.0,11.165422816296147,94.66666666666667,61.4600141013109,142.0,76.8526729094918,1340.3333333333333,69.51498639382251,1274.0,99.18333193300835,2497.0
1644430081,2016-04-25,3580,2.59999990463257,2.59999990463257,0.0,0.589999973773956,0.0599999986588955,1.95000004768372,0.0,8,1,94,1337,2497,2413.0,2677.0,2344.0,2806.0,3321.0,6637.0,3673.0,7132.0,2.41000008583069,4.82999992370605,2.67000007629395,5.19000005722046,0.0,0.0,0.0,15.0,0.0,15.0,0.0,33.0,89.0,160.0,86.0,121.0,1351.0,1265.0,1354.0,1271.0,2478.0,175.75835684257035,2587.1428571428573,382.5817684153405,4543.666666666667,1821.4031221378027,5096.857142857143,3457.283491826659,3.3033333619435634,1.3285078441104472,3.705714344978332,2.5137347357967745,0.0,0.0,2.857142857142857,5.6694670951383985,111.66666666666667,41.884762543594945,128.14285714285714,76.34009119597334,1323.3333333333333,50.540412872604506,1293.857142857143,98.61444885922903,3123.0
1644430081,2016-04-26,9919,7.21000003814697,7.21000003814697,0.0,0.800000011920929,1.72000002861023,4.69000005722046,0.0,11,41,223,1165,3123,2497.0,2413.0,2677.0,3300.0,3580.0,3321.0,6637.0,11256.0,2.59999990463257,2.41000008583069,4.82999992370605,8.18000030517578,8.0,0.0,0.0,5.0,1.0,0.0,15.0,58.0,94.0,89.0,160.0,278.0,1337.0,1351.0,1265.0,1099.0,2529.0,134.8777224007,2543.0,370.764974972915,4512.666666666667,1844.278811170734,4589.428571428572,3368.3209891152414,3.27999997138977,1.345696797916059,3.3357143231800626,2.4486177790342474,2.6666666666666665,4.6188021535169765,1.8571428571428572,3.2877840272018632,114.33333333333333,39.627431576287336,124.28571428571429,77.43538012587075,1317.6666666666667,46.14469994845914,1303.2857142857142,99.2181339032239,2489.0
1644430081,2016-04-27,3032,2.20000004768372,2.20000004768372,0.0,0.0,0.0,2.20000004768372,0.0,0,0,118,1322,2489,3123.0,2497.0,2413.0,2430.0,9919.0,3580.0,3321.0,2436.0,7.21000003814697,2.59999990463257,2.41000008583069,1.76999998092651,11.0,8.0,0.0,0.0,41.0,1.0,0.0,0.0,223.0,94.0,89.0,125.0,1165.0,1337.0,1351.0,1315.0,2677.6666666666665,387.9501686213497,2517.714285714286,311.89619762869467,5606.666666666667,3736.8348014507324,4398.428571428572,2937.666526181556,4.073333342870076,2.718093716325953,3.1971428564616606,2.1363107971817783,6.333333333333333,5.686240703077304,2.7142857142857144,4.715728494951246,135.33333333333334,75.96271015000276,116.42857142857143,60.08565314853221,1284.3333333333333,103.58249530366275,1312.7142857142858,77.28025682694165,3108.0
1644430081,2016-04-28,9405,6.84000015258789,6.84000015258789,0.0,0.200000002980232,2.3199999332428,4.30999994277954,0.0,3,53,227,1157,3108,2489.0,3123.0,2497.0,2140.0,3032.0,9919.0,3580.0,1223.0,2.20000004768372,7.21000003814697,2.59999990463257,0.889999985694885,0.0,11.0,8.0,0.0,0.0,41.0,1.0,0.0,118.0,223.0,94.0,38.0,1322.0,1165.0,1337.0,1402.0,2703.0,363.75266322049157,2526.1428571428573,309.92172590910087,5510.333333333333,3827.8365081770844,4483.571428571428,2879.3680937052163,4.00333333015442,2.784247385470731,3.2585714374269763,2.094201742626675,6.333333333333333,5.686240703077304,2.7142857142857144,4.715728494951246,145.0,68.60757975617562,115.42857142857143,59.977376687261994,1274.6666666666667,95.26979234433813,1313.7142857142858,77.3600118185836,2498.0
1644430081,2016-04-29,3176,2.30999994277954,2.30999994277954,0.0,0.0,0.0,2.30999994277954,0.0,0,0,120,1193,2498,3108.0,2489.0,3123.0,2344.0,9405.0,3032.0,9919.0,3673.0,6.84000015258789,2.20000004768372,7.21000003814697,2.67000007629395,3.0,0.0,11.0,0.0,53.0,0.0,41.0,0.0,227.0,118.0,223.0,86.0,1157.0,1322.0,1165.0,1354.0,2906.6666666666665,361.78769096437446,2664.4285714285716,324.5252209730681,7452.0,3836.450051805706,5652.428571428572,2993.6072920554584,5.416666746139526,2.7918512613576603,4.108571461268834,2.1784201564828423,4.666666666666667,5.686240703077304,3.142857142857143,4.561745697594695,189.33333333333334,61.80884510596629,142.42857142857142,61.8246367905685,1214.6666666666667,93.03941816957646,1278.7142857142858,85.72964148164506,3846.0
1644430081,2016-04-30,18213,13.2399997711182,13.2399997711182,0.0,0.629999995231628,3.14000010490417,9.46000003814697,0.0,9,71,402,816,3846,2498.0,3108.0,2489.0,2677.0,3176.0,9405.0,3032.0,6637.0,2.30999994277954,6.84000015258789,2.20000004768372,4.82999992370605,0.0,3.0,0.0,0.0,0.0,53.0,0.0,15.0,120.0,227.0,118.0,160.0,1193.0,1157.0,1322.0,1265.0,2698.3333333333335,354.8102779420767,2686.4285714285716,303.7366497164147,5204.333333333333,3638.5964784973526,5581.428571428572,3053.669424214243,3.78333338101705,2.647722381321207,4.057142870766776,2.2218589756864078,1.0,1.7320508075687957,3.142857142857143,4.561745697594695,155.0,62.36184731067546,147.28571428571428,57.8610815825695,1224.0,86.75828490697576,1255.7142857142858,83.73910732291137,2696.0
1644430081,2016-05-01,6132,4.46000003814697,4.46000003814697,0.0,0.239999994635582,0.990000009536743,3.23000001907349,0.0,3,24,146,908,2696,3846.0,2498.0,3108.0,2413.0,18213.0,3176.0,9405.0,3321.0,13.2399997711182,2.30999994277954,6.84000015258789,2.41000008583069,9.0,0.0,3.0,0.0,71.0,0.0,53.0,0.0,402.0,120.0,227.0,89.0,816.0,1193.0,1157.0,1351.0,3150.6666666666665,675.0120986570047,2853.4285714285716,532.7334721799936,10264.666666666666,7555.270500341689,7235.142857142857,5704.506272196027,7.463333288828544,5.49159650838647,5.258571420397083,4.148161897274821,4.0,4.5825756949558105,4.428571428571429,4.790864322059315,249.66666666666666,142.3598726233391,181.85714285714286,112.87076469932114,1055.3333333333333,208.04887246349907,1191.5714285714287,185.53333675547105,2580.0
1644430081,2016-05-02,3758,2.73000001907349,2.73000001907349,0.0,0.0700000002980232,0.310000002384186,2.34999990463257,0.0,1,7,148,682,2580,2696.0,3846.0,2498.0,2497.0,6132.0,18213.0,3176.0,3580.0,4.46000003814697,13.2399997711182,2.30999994277954,2.59999990463257,3.0,9.0,0.0,8.0,24.0,71.0,0.0,1.0,146.0,402.0,120.0,94.0,908.0,816.0,1193.0,1337.0,3013.3333333333335,727.8745313124604,2893.8571428571427,503.6855595082535,9173.666666666666,7966.595529668451,7636.714285714285,5477.468141221384,6.669999917348236,5.790448917089501,5.551428556442266,3.9825972104796814,4.0,4.5825756949558105,4.857142857142857,4.450789122113484,222.66666666666666,155.85035557653802,190.0,106.95637740063313,972.3333333333334,196.5612711938272,1128.2857142857142,197.27114528461772,3324.0
1644430081,2016-05-03,12850,9.34000015258789,9.34000015258789,0.0,0.720000028610229,4.09000015258789,4.53999996185303,0.0,10,94,221,1115,3324,2580.0,2696.0,3846.0,3123.0,3758.0,6132.0,18213.0,9919.0,2.73000001907349,4.46000003814697,13.2399997711182,7.21000003814697,1.0,3.0,9.0,11.0,7.0,24.0,71.0,41.0,148.0,146.0,402.0,223.0,682.0,908.0,816.0,1165.0,3040.6666666666665,699.8466498693365,2905.714285714286,493.663419171981,9367.666666666666,7751.703705207865,7662.142857142857,5455.867038597728,6.809999942779553,5.635325932084569,5.570000001362398,3.966812256298374,4.333333333333333,4.163331998932233,3.857142857142857,4.413183712037193,232.0,147.22771478223794,197.71428571428572,100.63914792583496,802.0,113.64858116140259,1034.7142857142858,233.7432453824169,2222.0
1644430081,2016-05-04,2309,1.67999994754791,1.67999994754791,0.0,0.0,0.0,1.6599999666214,0.0199999995529652,0,0,52,1388,2222,3324.0,2580.0,2696.0,2489.0,12850.0,3758.0,6132.0,3032.0,9.34000015258789,2.73000001907349,4.46000003814697,2.20000004768372,10.0,1.0,3.0,0.0,94.0,7.0,24.0,0.0,221.0,148.0,146.0,118.0,1115.0,682.0,908.0,1322.0,2866.6666666666665,400.28656401799657,2934.4285714285716,513.8416932424667,7580.0,4715.7866788055635,8080.857142857143,5761.830103609195,5.510000069936116,3.427812785338924,5.874285731996815,4.189048603975744,4.666666666666667,4.72581562625258,3.7142857142857144,4.151878519188048,171.66666666666666,42.73562136360408,197.42857142857142,100.55820394653226,901.6666666666666,216.56946537620044,1027.5714285714287,229.82954346127707,2463.0
1644430081,2016-05-05,4363,3.19000005722046,3.19000005722046,0.0,0.519999980926514,0.540000021457672,2.13000011444092,0.0099999997764825,6,12,81,1341,2463,2222.0,3324.0,2580.0,3108.0,2309.0,12850.0,3758.0,9405.0,1.67999994754791,9.34000015258789,2.73000001907349,6.84000015258789,0.0,10.0,1.0,3.0,0.0,94.0,7.0,53.0,52.0,221.0,148.0,227.0,1388.0,1115.0,682.0,1157.0,2708.6666666666665,562.1541899989127,2896.285714285714,560.2326047532141,6305.666666666667,5713.6787040691515,7977.571428571428,5872.8303470911105,4.583333373069763,4.152714073480069,5.800000003405984,4.268914745072861,3.6666666666666665,5.507570547286077,3.7142857142857144,4.151878519188048,140.33333333333334,84.76044675043504,188.0,111.72137963105658,1061.6666666666667,356.0088950199606,1037.0,244.7883439490805,3328.0
1644430081,2016-05-06,9787,7.11999988555908,7.11999988555908,0.0,0.819999992847443,0.270000010728836,6.01000022888184,0.0199999995529652,11,6,369,1054,3328,2463.0,2222.0,3324.0,2498.0,4363.0,2309.0,12850.0,3176.0,3.19000005722046,1.67999994754791,9.34000015258789,2.30999994277954,6.0,0.0,10.0,0.0,12.0,0.0,94.0,0.0,81.0,52.0,221.0,120.0,1341.0,1388.0,1115.0,1193.0,2669.6666666666665,579.33956651806,2804.1428571428573,572.5156267361989,6507.333333333333,5588.093980359791,7257.285714285715,5976.854125549263,4.7366667191187535,4.057466464134217,5.2785714183534935,4.342984450578966,5.333333333333333,5.0332229568471405,4.142857142857143,4.220133150686565,118.0,90.37145567047153,167.14285714285714,116.74249236593127,1281.3333333333333,145.95318884263352,1063.2857142857142,268.5477699812545,3404.0
1644430081,2016-05-07,13372,9.72000026702881,9.72000026702881,0.0,3.25999999046326,0.790000021457672,5.67000007629395,0.0099999997764825,41,17,243,1139,3404,3328.0,2463.0,2222.0,3846.0,9787.0,4363.0,2309.0,18213.0,7.11999988555908,3.19000005722046,1.67999994754791,13.2399997711182,11.0,6.0,0.0,9.0,6.0,12.0,0.0,71.0,369.0,81.0,52.0,402.0,1054.0,1341.0,1388.0,816.0,2671.0,581.5986588705309,2922.714285714286,584.3705200999657,5486.333333333333,3863.4866808795055,8201.714285714286,5742.178091812831,3.99666663010915,2.808279375570094,5.965714267322,4.172177064751846,5.666666666666667,5.507570547286078,5.714285714285714,4.461475305855879,167.33333333333334,175.24934617091537,202.71428571428572,136.2836677494339,1261.0,180.80099557248053,1043.4285714285713,262.42704201539976,2987.0
1644430081,2016-05-08,6724,4.8899998664856,4.8899998664856,0.0,0.0,0.0,4.88000011444092,0.0,0,0,295,991,2987,3404.0,3328.0,2463.0,2696.0,13372.0,9787.0,4363.0,6132.0,9.72000026702881,7.11999988555908,3.19000005722046,4.46000003814697,41.0,11.0,6.0,3.0,17.0,6.0,12.0,24.0,243.0,369.0,81.0,146.0,1139.0,1054.0,1341.0,908.0,3065.0,522.7303320068581,2859.5714285714284,483.08103431441543,9174.0,4535.674922213893,7510.142857142857,4490.615601027378,6.676666736602783,3.2874966001118366,5.462857195309231,3.262201350075084,19.333333333333332,18.92969448600091,10.285714285714286,14.185841365181524,231.0,144.3745129861916,180.0,107.8084721469823,1178.0,147.42116537322624,1089.5714285714287,243.48638370064774,3008.0
1644430081,2016-05-09,6643,4.82999992370605,4.82999992370605,0.0,2.39000010490417,0.349999994039536,2.08999991416931,0.0099999997764825,32,6,303,1099,3008,2987.0,3404.0,3328.0,2580.0,6724.0,13372.0,9787.0,3758.0,4.8899998664856,9.72000026702881,7.11999988555908,2.73000001907349,0.0,41.0,11.0,1.0,0.0,17.0,6.0,7.0,295.0,243.0,369.0,148.0,991.0,1139.0,1054.0,682.0,3239.6666666666665,222.0908222627254,2901.1428571428573,479.1640041333891,9961.0,3327.413860643128,7594.714285714285,4465.841604680493,7.243333339691165,2.417361024545772,5.524285742214748,3.2441684776298,17.333333333333332,21.221058723196002,9.857142857142858,14.484803202305642,302.3333333333333,63.31929669013505,201.28571428571428,114.47956773403462,1061.3333333333333,74.27202254774977,1101.4285714285713,235.04528439065894,2799.0
1644430081,2016-05-10,9167,6.65999984741211,6.65999984741211,0.0,0.879999995231628,0.810000002384186,4.96999979019165,0.0099999997764825,12,19,155,1254,2799,3008.0,2987.0,3404.0,3324.0,6643.0,6724.0,13372.0,12850.0,4.82999992370605,4.8899998664856,9.72000026702881,9.34000015258789,32.0,0.0,41.0,10.0,6.0,0.0,17.0,94.0,303.0,295.0,243.0,221.0,1099.0,991.0,1139.0,1115.0,3133.0,234.92764843670517,2962.285714285714,458.2039990679963,8913.0,3861.819648818417,8006.857142857143,4176.497712540635,6.480000019073486,2.806082893170885,5.824285728590829,3.032924189071575,24.333333333333332,21.54839514519198,14.285714285714286,15.986601532890866,280.3333333333333,32.57811126098852,223.42857142857142,117.40791731233048,1076.3333333333333,76.55934517309727,1161.0,147.6042004822357,1276.0
1844505072,2016-04-19,197,0.129999995231628,0.129999995231628,0.0,0.0,0.0,0.129999995231628,0.0,0,0,10,1430,1366,1814.0,1793.0,1657.0,2030.0,4597.0,4525.0,3414.0,6697.0,3.03999996185303,2.99000000953674,2.25999999046326,4.42999982833862,0.0,2.0,0.0,0.0,12.0,8.0,0.0,0.0,217.0,199.0,147.0,339.0,1211.0,1231.0,1293.0,1101.0,1754.6666666666667,85.23105850177686,1858.4285714285713,167.24319332721953,4178.666666666667,663.1985625235727,5134.714285714285,1613.6681519946735,2.763333320617677,0.43661576900194615,3.395714248929706,1.0676899661117665,0.6666666666666666,1.1547005383792517,0.2857142857142857,0.7559289460184545,187.66666666666666,36.35014901390826,242.71428571428572,84.1203785966165,1245.0,42.75511665286549,1056.857142857143,275.8456262546309,1349.0
1844505072,2016-04-20,8,0.0099999997764825,0.0099999997764825,0.0,0.0,0.0,0.0099999997764825,0.0,0,0,1,1439,1349,1366.0,1814.0,1793.0,1860.0,197.0,4597.0,4525.0,4929.0,0.129999995231628,3.03999996185303,2.99000000953674,3.25999999046326,0.0,0.0,2.0,0.0,0.0,12.0,8.0,0.0,10.0,217.0,199.0,248.0,1430.0,1211.0,1231.0,1192.0,1657.6666666666667,252.80888697459454,1763.5714285714287,230.17591616186178,3106.3333333333335,2519.8137497309863,4206.142857142857,2292.3103650081525,2.053333322207133,1.6658431240062517,2.7814285584858496,1.5162170987394603,0.6666666666666666,1.1547005383792517,0.2857142857142857,0.7559289460184545,142.0,114.66908912169836,195.71428571428572,109.4527512760861,1290.6666666666667,121.07986345108554,1103.857142857143,310.47513511360216,2062.0
1844505072,2016-04-21,8054,5.32000017166138,5.32000017166138,0.0,0.119999997317791,0.519999980926514,4.67999982833862,0.0,2,13,308,1117,2062,1349.0,1366.0,1814.0,2130.0,8.0,197.0,4597.0,7937.0,0.0099999997764825,0.129999995231628,3.03999996185303,5.25,0.0,0.0,0.0,0.0,0.0,0.0,12.0,0.0,1.0,10.0,217.0,373.0,1439.0,1430.0,1211.0,843.0,1509.6666666666667,263.69742761986384,1690.5714285714287,271.77003584087856,1600.6666666666667,2596.6209452542994,3503.1428571428573,2743.797212415149,1.0599999856203801,1.7157796854894523,2.317142845530596,1.8136676845921835,0.0,0.0,0.2857142857142857,0.7559289460184545,76.0,122.19247112649781,160.42857142857142,128.02585304390303,1360.0,129.11622671066658,1139.142857142857,335.2125835801457,1827.0
1844505072,2016-04-22,5372,3.54999995231628,3.54999995231628,0.0,0.0,0.0,3.54999995231628,0.0,0,0,220,1220,1827,2062.0,1349.0,1366.0,1725.0,8054.0,8.0,197.0,3844.0,5.32000017166138,0.0099999997764825,0.129999995231628,2.53999996185303,2.0,0.0,0.0,0.0,13.0,0.0,0.0,0.0,308.0,1.0,10.0,176.0,1117.0,1439.0,1430.0,527.0,1592.3333333333333,406.8320701878521,1680.857142857143,254.08491269090123,2753.0,4591.77318690721,3519.8571428571427,2775.481785718858,1.8200000555564966,3.031682801560539,2.32714287005365,1.8326276149264271,0.6666666666666666,1.1547005383792517,0.5714285714285714,0.9759000729485332,106.33333333333333,174.7064204124546,151.14285714285714,111.30353179695693,1328.6666666666667,183.3639368396456,1178.2857142857142,309.91112397251044,1645.0
1844505072,2016-04-23,3570,2.35999989509583,2.35999989509583,0.0,0.0,0.0,2.35999989509583,0.0,0,0,139,1301,1645,1827.0,2062.0,1349.0,1657.0,5372.0,8054.0,8.0,3414.0,3.54999995231628,5.32000017166138,0.0099999997764825,2.25999999046326,0.0,2.0,0.0,0.0,0.0,13.0,0.0,0.0,220.0,308.0,1.0,147.0,1220.0,1117.0,1439.0,1293.0,1746.0,363.3359327124144,1695.4285714285713,259.8966827689145,4478.0,4096.822671290521,3738.1428571428573,2863.9023161048067,2.9600000412513805,2.703719729862334,2.4714285829769715,1.8910088393667719,0.6666666666666666,1.1547005383792517,0.5714285714285714,0.9759000729485333,176.33333333333334,158.08963702068942,157.42857142857142,114.14735672637829,1258.6666666666667,164.44553302943032,1277.2857142857142,119.18433102511734,1347.0
1844505072,2016-04-24,0,0.0,0.0,0.0,0.0,0.0,0.0,0.0,0,0,0,1440,1347,1645.0,1827.0,2062.0,1793.0,3570.0,5372.0,8054.0,4525.0,2.35999989509583,3.54999995231628,5.32000017166138,2.99000000953674,0.0,0.0,2.0,2.0,0.0,0.0,13.0,8.0,139.0,220.0,308.0,199.0,1301.0,1220.0,1117.0,1231.0,1844.6666666666667,209.0605972758459,1693.7142857142858,260.23176483391006,5665.333333333333,2256.3460136542294,3760.4285714285716,2861.5655888075707,3.7433333396911634,1.4894407535455771,2.4857142836387673,1.8895225286399024,0.6666666666666666,1.1547005383792517,0.5714285714285714,0.9759000729485333,222.33333333333334,84.52415828231202,156.28571428571428,114.3091047492344,1212.6666666666667,92.21894237808961,1278.4285714285713,119.39829304036289,1347.0
1844505072,2016-04-25,0,0.0,0.0,0.0,0.0,0.0,0.0,0.0,0,0,0,1440,1347,1347.0,1645.0,1827.0,1814.0,0.0,3570.0,5372.0,4597.0,0.0,2.35999989509583,3.54999995231628,3.03999996185303,0.0,0.0,0.0,0.0,0.0,0.0,0.0,12.0,0.0,139.0,220.0,217.0,1440.0,1301.0,1220.0,1211.0,1606.3333333333333,242.32485083732834,1630.0,285.26595777741636,2980.6666666666665,2734.0594970361076,3114.0,3156.0130439105174,1.9699999491373703,1.80684805220226,2.0585714251335188,2.084429841026217,0.0,0.0,0.2857142857142857,0.7559289460184546,119.66666666666667,111.26694627486337,127.85714285714286,126.05743211122541,1320.3333333333333,111.2669462748642,1308.2857142857142,131.11790404786356,1347.0
1844505072,2016-04-26,0,0.0,0.0,0.0,0.0,0.0,0.0,0.0,0,0,0,1440,1347,1347.0,1347.0,1645.0,1366.0,0.0,0.0,3570.0,197.0,0.0,0.0,2.35999989509583,0.129999995231628,0.0,0.0,0.0,0.0,0.0,0.0,0.0,0.0,0.0,0.0,139.0,10.0,1440.0,1440.0,1301.0,1430.0,1446.3333333333333,172.0503802185087,1563.2857142857142,289.63696488634076,1190.0,2061.1404610069644,2457.285714285714,3272.137462184095,0.7866666316986103,1.3625465747210674,1.6242857162973716,2.161148320313267,0.0,0.0,0.2857142857142857,0.7559289460184546,46.333333333333336,80.25168741735797,96.85714285714286,127.15925522932338,1393.6666666666667,80.25168741735955,1341.0,131.36716992206738,1348.0
1844505072,2016-04-27,4,0.0,0.0,0.0,0.0,0.0,0.0,0.0,0,0,1,1439,1348,1347.0,1347.0,1347.0,1349.0,0.0,0.0,0.0,8.0,0.0,0.0,0.0,0.0099999997764825,0.0,0.0,0.0,0.0,0.0,0.0,0.0,0.0,0.0,0.0,0.0,1.0,1440.0,1440.0,1440.0,1439.0,1347.0,0.0,1560.5714285714287,291.8743206375289,0.0,0.0,2429.1428571428573,3295.580850602385,0.0,0.0,1.605714288407139,2.176632428041333,0.0,0.0,0.2857142857142857,0.7559289460184546,0.0,0.0,95.42857142857143,128.34829844717743,1440.0,0.0,1342.4285714285713,132.54541000836545,1992.0
1844505072,2016-04-28,6907,4.57000017166138,4.57000017166138,0.0,0.0,0.0,4.55999994277954,0.0,0,0,302,1138,1992,1348.0,1347.0,1347.0,2062.0,4.0,0.0,0.0,8054.0,0.0,0.0,0.0,5.32000017166138,0.0,0.0,0.0,2.0,0.0,0.0,0.0,13.0,1.0,0.0,0.0,308.0,1439.0,1440.0,1440.0,1117.0,1347.3333333333333,0.5773502692526702,1560.4285714285713,291.99535221349964,1.3333333333333333,2.3094010775646585,2428.5714285714284,3296.070936592175,0.0,0.0,1.6042857170104985,2.1778572175477056,0.0,0.0,0.2857142857142857,0.7559289460184546,0.3333333333333333,0.577350269187267,95.42857142857143,128.34829844717743,1439.6666666666667,0.5773502694484658,1342.4285714285713,132.54541000836545,1856.0
1844505072,2016-04-29,4920,3.25,3.25,0.0,0.0,0.0,3.25,0.0,0,0,247,1082,1856,1992.0,1348.0,1347.0,1827.0,6907.0,4.0,0.0,5372.0,4.57000017166138,0.0,0.0,3.54999995231628,0.0,0.0,0.0,0.0,0.0,0.0,0.0,0.0,302.0,1.0,0.0,220.0,1138.0,1439.0,1440.0,1220.0,1562.3333333333333,372.1025844217337,1550.4285714285713,272.50312361687224,2303.6666666666665,3986.6041104345104,2264.714285714286,2983.49441171957,1.5233333905537936,2.638490829305334,1.4971428598676415,1.9734463735351555,0.0,0.0,0.0,0.0,101.0,174.0718242565407,94.57142857142857,126.70156160949924,1339.0,174.07182425654136,1345.4285714285713,126.70156160949914,1763.0
1844505072,2016-04-30,4014,2.67000007629395,2.67000007629395,0.0,0.0,0.0,2.65000009536743,0.0,0,0,184,218,1763,1856.0,1992.0,1348.0,1645.0,4920.0,6907.0,4.0,3570.0,3.25,4.57000017166138,0.0,2.35999989509583,0.0,0.0,0.0,0.0,0.0,0.0,0.0,0.0,247.0,302.0,1.0,139.0,1082.0,1138.0,1439.0,1301.0,1732.0,339.4348243772288,1554.5714285714287,277.58173399490653,3943.6666666666665,3553.5577008588634,2200.1428571428573,2908.996529651386,2.606666723887127,2.351942531262585,1.4542857238224585,1.9240743362389738,0.0,0.0,0.0,0.0,183.33333333333334,160.28204307823546,98.42857142857143,131.47732015174986,1219.6666666666667,192.00086805359356,1325.7142857142858,156.66388042101926,1541.0
1844505072,2016-05-01,2573,1.70000004768372,1.70000004768372,0.0,0.0,0.259999990463257,1.45000004768372,0.0,0,7,75,585,1541,1763.0,1856.0,1992.0,1347.0,4014.0,4920.0,6907.0,0.0,2.67000007629395,3.25,4.57000017166138,0.0,0.0,0.0,0.0,0.0,0.0,0.0,0.0,0.0,184.0,247.0,302.0,0.0,218.0,1082.0,1138.0,1440.0,1870.3333333333333,115.17088752516182,1571.4285714285713,287.3980150377157,5280.333333333333,1479.7777986350961,2263.5714285714284,2948.4168552599463,3.4966667493184436,0.973721446058141,1.4985714639936185,1.9517636019560576,0.0,0.0,0.0,0.0,244.33333333333334,59.04518044119543,104.85714285714286,134.8485923439428,812.6666666666666,515.7570487480835,1171.0,448.3536550536864,1348.0
1844505072,2016-05-02,0,0.0,0.0,0.0,0.0,0.0,0.0,0.0,0,0,0,1440,1348,1541.0,1763.0,1856.0,1347.0,2573.0,4014.0,4920.0,0.0,1.70000004768372,2.67000007629395,3.25,0.0,0.0,0.0,0.0,0.0,7.0,0.0,0.0,0.0,75.0,184.0,247.0,0.0,585.0,218.0,1082.0,1440.0,1720.0,161.84251604569218,1599.142857142857,271.0371613951542,3835.6666666666665,1183.6191673563465,2631.1428571428573,2774.4429127647363,2.5400000413258903,0.7831347073549301,1.7414286136627215,1.836585909740159,0.0,0.0,0.0,0.0,168.66666666666666,87.0191549794258,115.57142857142857,127.93078485761637,628.3333333333334,433.6269518068876,1048.857142857143,478.3180352622541,1742.0
1844505072,2016-05-03,4059,2.6800000667572,2.6800000667572,0.0,0.0,0.0,2.6800000667572,0.0,0,0,184,1256,1742,1348.0,1541.0,1763.0,1347.0,0.0,2573.0,4014.0,0.0,0.0,1.70000004768372,2.67000007629395,0.0,0.0,0.0,0.0,0.0,0.0,7.0,0.0,0.0,0.0,75.0,184.0,0.0,1440.0,585.0,218.0,1440.0,1550.6666666666667,207.66880683755437,1599.2857142857142,270.88233256386087,2195.6666666666665,2033.4292053900797,2631.1428571428573,2774.4429127647363,1.456666707992557,1.3515300357396312,1.7414286136627215,1.836585909740159,0.0,0.0,0.0,0.0,86.33333333333333,92.52206943931446,115.57142857142857,127.93078485761637,747.6666666666666,627.0297706914185,1048.857142857143,478.3180352622541,1549.0
1844505072,2016-05-04,2080,1.37000000476837,1.37000000476837,0.0,0.0,0.0,1.37000000476837,0.0,0,0,87,1353,1549,1742.0,1348.0,1541.0,1348.0,4059.0,0.0,2573.0,4.0,2.6800000667572,0.0,1.70000004768372,0.0,0.0,0.0,0.0,0.0,0.0,0.0,7.0,0.0,184.0,0.0,75.0,1.0,1256.0,1440.0,585.0,1439.0,1543.6666666666667,197.01353591399112,1655.7142857142858,249.89778862948108,2210.6666666666665,2053.6149428101976,3211.0,2547.7906769068236,1.4600000381469738,1.3560236328648112,2.1242857660566075,1.6862469365053985,0.0,0.0,0.0,0.0,86.33333333333333,92.52206943931446,141.85714285714286,118.80436099098468,1093.6666666666667,450.02259202548197,1022.5714285714286,457.85873263225983,1589.0
1844505072,2016-05-05,2237,1.48000001907349,1.48000001907349,0.0,0.0,0.0,1.48000001907349,0.0,0,0,120,1320,1589,1549.0,1742.0,1348.0,1992.0,2080.0,4059.0,0.0,6907.0,1.37000000476837,2.6800000667572,0.0,4.57000017166138,0.0,0.0,0.0,0.0,0.0,0.0,0.0,0.0,87.0,184.0,0.0,302.0,1353.0,1256.0,1440.0,1138.0,1546.3333333333333,197.01353591399112,1684.4285714285713,218.18253607385515,2046.3333333333333,2029.7094209106217,3507.5714285714284,2210.8088155803102,1.350000023841857,1.3401119687856111,2.3200000524520883,1.4633751402015518,0.0,0.0,0.0,0.0,90.33333333333333,92.0452787128885,154.14285714285714,105.51370933268751,1349.6666666666667,92.04527871289014,1010.2857142857143,445.81786800056767,1351.0
1844505072,2016-05-06,44,0.0299999993294477,0.0299999993294477,0.0,0.0,0.0,0.0299999993294477,0.0,0,0,2,1438,1351,1589.0,1549.0,1742.0,1856.0,2237.0,2080.0,4059.0,4920.0,1.48000001907349,1.37000000476837,2.6800000667572,3.25,0.0,0.0,0.0,0.0,0.0,0.0,0.0,0.0,120.0,87.0,184.0,247.0,1320.0,1353.0,1256.0,1082.0,1626.6666666666667,101.86428880296317,1626.857142857143,171.720148857988,2792.0,1100.0586348008899,2840.4285714285716,1646.6498167636055,1.8433333635330202,0.7266590534767988,1.8785714592252472,1.0899454042111543,0.0,0.0,0.0,0.0,130.33333333333334,49.31869152089627,128.14285714285714,83.0369969178972,1309.6666666666667,49.31869152089891,1036.2857142857142,459.6015354941404,1347.0
1844505072,2016-05-07,0,0.0,0.0,0.0,0.0,0.0,0.0,0.0,0,0,0,1440,1347,1351.0,1589.0,1549.0,1763.0,44.0,2237.0,2080.0,4014.0,0.0299999993294477,1.48000001907349,1.37000000476837,2.67000007629395,0.0,0.0,0.0,0.0,0.0,0.0,0.0,0.0,2.0,120.0,87.0,184.0,1438.0,1320.0,1353.0,218.0,1496.3333333333333,127.44148984272542,1554.7142857142858,165.37101145173975,1453.6666666666667,1223.3283832779052,2143.8571428571427,1651.6480081594686,0.9600000077237697,0.8072793893670657,1.4185714591294543,1.0941576748225785,0.0,0.0,0.0,0.0,69.66666666666667,60.87966272355103,93.14285714285714,75.91756180539655,1370.3333333333333,60.87966272355362,1087.142857142857,484.5239686439426,1347.0
1844505072,2016-05-08,0,0.0,0.0,0.0,0.0,0.0,0.0,0.0,0,0,0,1440,1347,1347.0,1351.0,1589.0,1541.0,0.0,44.0,2237.0,2573.0,0.0,0.0299999993294477,1.48000001907349,1.70000004768372,0.0,0.0,0.0,0.0,0.0,0.0,0.0,7.0,0.0,2.0,120.0,75.0,1440.0,1438.0,1320.0,585.0,1429.0,138.57849761056062,1495.2857142857142,152.27465786719537,760.3333333333334,1279.0200676038414,1570.4285714285713,1589.7900130879812,0.5033333394676464,0.8459511524190817,1.0371428768017468,1.0496779792807622,0.0,0.0,0.0,0.0,40.666666666666664,68.71195917257293,66.85714285714286,70.90469794362153,1399.3333333333333,68.71195917257542,1261.7142857142858,306.69024236500366,1347.0
1844505072,2016-05-09,0,0.0,0.0,0.0,0.0,0.0,0.0,0.0,0,0,0,1440,1347,1347.0,1347.0,1351.0,1348.0,0.0,0.0,44.0,0.0,0.0,0.0,0.0299999993294477,0.0,0.0,0.0,0.0,0.0,0.0,0.0,0.0,0.0,0.0,0.0,2.0,0.0,1440.0,1440.0,1438.0,1440.0,1348.3333333333333,2.3094010767915676,1467.5714285714287,160.02484926083307,14.666666666666666,25.403411844412634,1202.857142857143,1616.5770863743164,0.00999999977648301,0.017320507688616555,0.794285727132644,1.067268453655937,0.0,0.0,0.0,0.0,0.6666666666666666,1.154700538378866,56.142857142857146,75.01650612016137,1439.3333333333333,1.1547005385408502,1383.857142857143,75.01650612016016,1347.0
1844505072,2016-05-10,0,0.0,0.0,0.0,0.0,0.0,0.0,0.0,0,0,0,1440,1347,1347.0,1347.0,1347.0,1742.0,0.0,0.0,0.0,4059.0,0.0,0.0,0.0,2.6800000667572,0.0,0.0,0.0,0.0,0.0,0.0,0.0,0.0,0.0,0.0,0.0,184.0,1440.0,1440.0,1440.0,1256.0,1347.0,0.0,1467.4285714285713,160.14978108306093,0.0,0.0,1202.857142857143,1616.5770863743164,0.0,0.0,0.794285727132644,1.067268453655937,0.0,0.0,0.0,0.0,0.0,0.0,56.142857142857146,75.01650612016137,1440.0,0.0,1383.857142857143,75.01650612016016,1347.0
1844505072,2016-05-11,0,0.0,0.0,0.0,0.0,0.0,0.0,0.0,0,0,0,1440,1347,1347.0,1347.0,1347.0,1549.0,0.0,0.0,0.0,2080.0,0.0,0.0,0.0,1.37000000476837,0.0,0.0,0.0,0.0,0.0,0.0,0.0,0.0,0.0,0.0,0.0,87.0,1440.0,1440.0,1440.0,1353.0,1347.0,0.0,1411.0,108.56027511632998,0.0,0.0,623.0,1050.047776690819,0.0,0.0,0.41142857473875827,0.6932154264370352,0.0,0.0,0.0,0.0,0.0,0.0,29.857142857142858,51.206863379266615,1440.0,0.0,1410.142857142857,51.20686337926454,665.0
1927972279,2016-04-19,0,0.0,0.0,0.0,0.0,0.0,0.0,0.0,0,0,0,1440,2063,2111.0,2063.0,2064.0,2220.0,244.0,0.0,0.0,678.0,0.170000001788139,0.0,0.0,0.469999998807907,0.0,0.0,0.0,0.0,0.0,0.0,0.0,0.0,17.0,0.0,0.0,55.0,1423.0,1440.0,1440.0,734.0,2079.3333333333335,27.428695436226683,2173.285714285714,113.2264902539954,81.33333333333333,140.87346568226758,631.5714285714286,762.9709162527881,0.056666667262713,0.09814954679461811,0.43857142967837187,0.5288802190641343,0.0,0.0,0.0,0.0,5.666666666666667,9.81495457622358,34.714285714285715,32.26822113532284,1434.3333333333333,9.814954576222123,1179.4285714285713,288.80896635599646,2063.0
1927972279,2016-04-20,0,0.0,0.0,0.0,0.0,0.0,0.0,0.0,0,0,0,1440,2063,2063.0,2111.0,2063.0,2151.0,0.0,244.0,0.0,356.0,0.0,0.170000001788139,0.0,0.25,0.0,0.0,0.0,0.0,0.0,0.0,0.0,0.0,0.0,17.0,0.0,32.0,1440.0,1423.0,1440.0,986.0,2079.0,27.712812921101087,2150.8571428571427,117.88472981607735,81.33333333333333,140.87346568226758,534.7142857142857,798.3112831232594,0.056666667262713,0.09814954679461811,0.3714285727058137,0.5534867836391849,0.0,0.0,0.0,0.0,5.666666666666667,9.81495457622358,26.857142857142858,33.188494851020145,1434.3333333333333,9.814954576222123,1280.2857142857142,223.14025057925227,2064.0
1927972279,2016-04-21,0,0.0,0.0,0.0,0.0,0.0,0.0,0.0,0,0,0,1440,2064,2063.0,2063.0,2111.0,2383.0,0.0,0.0,244.0,2163.0,0.0,0.0,0.170000001788139,1.5,0.0,0.0,0.0,0.0,0.0,0.0,0.0,9.0,0.0,0.0,17.0,88.0,1440.0,1440.0,1423.0,1292.0,2079.0,27.712812921101087,2138.285714285714,122.47001576673695,81.33333333333333,140.87346568226758,483.85714285714283,822.5651805118401,0.056666667262713,0.09814954679461811,0.335714286991528,0.5704342545967115,0.0,0.0,0.0,0.0,5.666666666666667,9.81495457622358,22.285714285714285,34.53845338032325,1434.3333333333333,9.814954576222123,1345.142857142857,186.2833223626749,2093.0
1927972279,2016-04-22,149,0.100000001490116,0.100000001490116,0.0,0.0,0.0,0.100000001490116,0.0,0,0,10,1430,2093,2064.0,2063.0,2063.0,2221.0,0.0,0.0,0.0,980.0,0.0,0.0,0.0,0.680000007152557,0.0,0.0,0.0,0.0,0.0,0.0,0.0,0.0,0.0,0.0,0.0,51.0,1440.0,1440.0,1440.0,941.0,2063.3333333333335,0.5773502691439751,2092.714285714286,59.28663223615248,0.0,0.0,174.85714285714286,366.4948515197399,0.0,0.0,0.12142857270581373,0.25432450479975616,0.0,0.0,0.0,0.0,0.0,0.0,9.714285714285714,19.276188123470604,1440.0,0.0,1366.2857142857142,187.64036016247897,2499.0
1927972279,2016-04-23,2945,2.03999996185303,2.03999996185303,0.0,0.0,0.0,2.03999996185303,0.0,0,0,145,1295,2499,2093.0,2064.0,2063.0,2064.0,149.0,0.0,0.0,0.0,0.100000001490116,0.0,0.0,0.0,0.0,0.0,0.0,0.0,0.0,0.0,0.0,0.0,10.0,0.0,0.0,0.0,1430.0,1440.0,1440.0,1440.0,2073.3333333333335,17.03917055884113,2074.4285714285716,19.54360204651171,49.666666666666664,86.02519010925232,56.142857142857146,99.72700833012196,0.03333333383003866,0.05773502777928004,0.038571429039750714,0.0689029691411659,0.0,0.0,0.0,0.0,3.3333333333333335,5.773502691896155,3.857142857142857,6.890296835129171,1436.6666666666667,5.77350269189377,1436.142857142857,6.890296835135215,2324.0
1927972279,2016-04-24,2090,1.45000004768372,1.45000004768372,0.0,0.0700000002980232,0.239999994635582,1.13999998569489,0.0,1,6,75,1358,2324,2499.0,2093.0,2064.0,2063.0,2945.0,149.0,0.0,0.0,2.03999996185303,0.100000001490116,0.0,0.0,0.0,0.0,0.0,0.0,0.0,0.0,0.0,0.0,145.0,10.0,0.0,0.0,1295.0,1430.0,1440.0,1440.0,2218.6666666666665,243.20841542457634,2136.5714285714284,160.94083503248135,1031.3333333333333,1658.9576044412147,476.85714285714283,1092.627784833644,0.7133333211143821,1.150014470261606,0.329999995018755,0.7569896375644458,0.0,0.0,0.0,0.0,51.666666666666664,80.98353742170895,24.571428571428573,53.52213605246943,1388.3333333333333,80.98353742170875,1415.4285714285713,53.52213605247019,2100.0
1927972279,2016-04-25,152,0.109999999403954,0.109999999403954,0.0,0.0,0.0,0.109999999403954,0.0,0,0,12,1303,2100,2324.0,2499.0,2093.0,2111.0,2090.0,2945.0,149.0,244.0,1.45000004768372,2.03999996185303,0.100000001490116,0.170000001788139,1.0,0.0,0.0,0.0,6.0,0.0,0.0,0.0,75.0,145.0,10.0,17.0,1358.0,1295.0,1430.0,1423.0,2305.3333333333335,203.64266088748036,2173.8571428571427,170.97604956194732,1728.0,1432.720140152989,775.4285714285714,1218.8680345772816,1.1966666703422888,0.9945015392690143,0.5371428589735722,0.844920393382815,0.3333333333333333,0.5773502691896258,0.14285714285714285,0.37796447300922725,76.66666666666667,67.51543033509698,35.285714285714285,55.26214583152523,1361.0,67.54998149518595,1403.7142857142858,56.15666860286058,2638.0
1927972279,2016-04-26,3761,2.59999990463257,2.59999990463257,0.0,0.0,0.0,2.59999990463257,0.0,0,0,192,1058,2638,2100.0,2324.0,2499.0,2063.0,152.0,2090.0,2945.0,0.0,0.109999999403954,1.45000004768372,2.03999996185303,0.0,0.0,1.0,0.0,0.0,0.0,6.0,0.0,0.0,12.0,75.0,145.0,0.0,1303.0,1358.0,1295.0,1440.0,2307.6666666666665,200.00083333159708,2172.285714285714,171.69907229968183,1729.0,1431.0670843814416,762.2857142857143,1226.028373011233,1.2000000029802347,0.9889893733135696,0.5285714300615457,0.8495573049211077,0.3333333333333333,0.5773502691896258,0.14285714285714285,0.37796447300922725,77.33333333333333,66.53069467045518,34.57142857142857,55.56934749439102,1318.6666666666667,34.29771615331403,1386.5714285714287,66.62796495680914,2063.0
1927972279,2016-04-27,0,0.0,0.0,0.0,0.0,0.0,0.0,0.0,0,0,0,1440,2063,2638.0,2100.0,2324.0,2063.0,3761.0,152.0,2090.0,0.0,2.59999990463257,0.109999999403954,1.45000004768372,0.0,0.0,0.0,1.0,0.0,0.0,0.0,6.0,0.0,192.0,12.0,75.0,0.0,1058.0,1303.0,1358.0,1440.0,2354.0,270.2517344995216,2254.4285714285716,236.14886346176974,2001.0,1806.145342988764,1299.5714285714287,1602.5682364195766,1.3866666505734146,1.246207535445753,0.8999999878661986,1.1087680580855883,0.3333333333333333,0.5773502691896258,0.14285714285714285,0.37796447300922725,93.0,91.34002408582998,62.0,78.36878630339166,1239.6666666666667,159.7132847741017,1332.0,135.94974561702344,2351.0
1927972279,2016-04-28,1675,1.1599999666214,1.1599999666214,0.0,0.0,0.0,1.1599999666214,0.0,0,0,95,1167,2351,2063.0,2638.0,2100.0,2064.0,0.0,3761.0,152.0,0.0,0.0,2.59999990463257,0.109999999403954,0.0,0.0,0.0,0.0,0.0,0.0,0.0,0.0,0.0,0.0,192.0,12.0,0.0,1440.0,1058.0,1303.0,1440.0,2267.0,321.8275935963228,2254.4285714285716,236.14886346176974,1304.3333333333333,2128.8927481987753,1299.5714285714287,1602.5682364195766,0.9033333013455079,1.4703853821360782,0.8999999878661986,1.1087680580855883,0.0,0.0,0.14285714285714285,0.37796447300922725,68.0,107.55463727799001,62.0,78.36878630339166,1267.0,193.52777578425267,1332.0,135.94974561702344,2063.0
1927972279,2016-04-29,0,0.0,0.0,0.0,0.0,0.0,0.0,0.0,0,0,0,1440,2063,2351.0,2063.0,2638.0,2093.0,1675.0,0.0,3761.0,149.0,1.1599999666214,0.0,2.59999990463257,0.100000001490116,0.0,0.0,0.0,0.0,0.0,0.0,0.0,0.0,95.0,0.0,192.0,10.0,1167.0,1440.0,1058.0,1430.0,2350.6666666666665,287.50014492749955,2295.4285714285716,222.07120265270515,1812.0,1884.2391037233042,1538.857142857143,1497.8098932075713,1.25333329041799,1.3025103485272325,1.0657142688121128,1.0361443826524142,0.0,0.0,0.14285714285714285,0.37796447300922725,95.66666666666667,96.00173609541305,75.57142857142857,73.94335025963488,1221.6666666666667,196.77991089878387,1293.0,138.92923858329235,2064.0
1927972279,2016-04-30,0,0.0,0.0,0.0,0.0,0.0,0.0,0.0,0,0,0,1440,2064,2063.0,2351.0,2063.0,2499.0,0.0,1675.0,0.0,2945.0,0.0,1.1599999666214,0.0,2.03999996185303,0.0,0.0,0.0,0.0,0.0,0.0,0.0,0.0,0.0,95.0,0.0,145.0,1440.0,1167.0,1440.0,1295.0,2159.0,166.27687752661186,2291.1428571428573,226.86664847543366,558.3333333333334,967.061700892624,1517.5714285714287,1521.7212685139216,0.3866666555404667,0.6697262929888232,1.0514285543135249,1.0522424764427512,0.0,0.0,0.14285714285714285,0.37796447300922725,31.666666666666668,54.84827557301441,74.14285714285714,75.50149793531378,1349.0,157.61662348876774,1294.4285714285713,140.61395988409453,2411.0
1927972279,2016-05-01,2704,1.87000000476837,1.87000000476837,0.0,1.00999999046326,0.0299999993294477,0.829999983310699,0.0,14,1,70,1355,2411,2064.0,2063.0,2351.0,2324.0,0.0,0.0,1675.0,2090.0,0.0,0.0,1.1599999666214,1.45000004768372,0.0,0.0,0.0,1.0,0.0,0.0,0.0,6.0,0.0,0.0,95.0,75.0,1440.0,1440.0,1167.0,1358.0,2159.3333333333335,165.9889554558773,2229.0,219.91210365355803,558.3333333333334,967.061700892624,1096.857142857143,1467.4399963395924,0.3866666555404667,0.6697262929888232,0.7599999883345205,1.0146427687387798,0.0,0.0,0.14285714285714285,0.37796447300922725,31.666666666666668,54.84827557301441,53.42857142857143,72.65869331529238,1349.0,157.61662348876774,1315.142857142857,151.00819908361342,2505.0
1927972279,2016-05-02,3790,2.61999988555908,2.61999988555908,0.0,1.1599999666214,0.300000011920929,1.1599999666214,0.0,16,8,94,1322,2505,2411.0,2064.0,2063.0,2100.0,2704.0,0.0,0.0,152.0,1.87000000476837,0.0,0.0,0.109999999403954,14.0,0.0,0.0,0.0,1.0,0.0,0.0,0.0,70.0,0.0,0.0,12.0,1355.0,1440.0,1440.0,1303.0,2179.3333333333335,200.62984158228608,2241.4285714285716,228.4679825437668,901.3333333333334,1561.1551278887487,1184.5714285714287,1552.5784850953437,0.62333333492279,1.0796450061376204,0.8199999822037564,1.0729864591141922,4.666666666666667,8.082903768654761,2.0,5.291502622129181,23.333333333333332,40.41451884327375,52.714285714285715,72.43552140976665,1411.6666666666667,49.07477288111793,1314.7142857142858,150.8704900300413,2195.0
1927972279,2016-05-03,1326,0.920000016689301,0.920000016689301,0.0,0.730000019073486,0.0,0.180000007152557,0.0,10,0,17,1413,2195,2505.0,2411.0,2064.0,2638.0,3790.0,2704.0,0.0,3761.0,2.61999988555908,1.87000000476837,0.0,2.59999990463257,16.0,14.0,0.0,0.0,8.0,1.0,0.0,0.0,94.0,70.0,0.0,192.0,1322.0,1355.0,1440.0,1058.0,2326.6666666666665,232.2807209678264,2299.285714285714,237.77490355776507,2164.6666666666665,1951.713435249482,1704.2857142857142,1746.1545096092073,1.49666663010915,1.349308417878666,1.1785713945116316,1.2071788821522875,10.0,8.717797887081348,4.285714285714286,7.341986237031632,54.666666666666664,48.83987441971295,64.42857142857143,71.37660014051558,1372.3333333333333,60.87966272355085,1317.4285714285713,150.79550959589528,2338.0
1927972279,2016-05-04,1786,1.24000000953674,1.24000000953674,0.0,0.0,0.0,1.24000000953674,0.0,0,0,87,1353,2338,2195.0,2505.0,2411.0,2063.0,1326.0,3790.0,2704.0,0.0,0.920000016689301,2.61999988555908,1.87000000476837,0.0,10.0,16.0,14.0,0.0,0.0,8.0,1.0,0.0,17.0,94.0,70.0,0.0,1413.0,1322.0,1355.0,1440.0,2370.3333333333335,158.950726117666,2236.0,185.89154544160039,2606.6666666666665,1234.880291094377,1356.4285714285713,1492.2202537542123,1.8033333023389169,0.8519584646266086,0.9385714105197359,1.0317368303753798,13.333333333333334,3.0550504633038935,5.714285714285714,7.341986237031632,60.333333333333336,39.39966158907119,39.42857142857143,45.03279228464944,1363.3333333333333,46.068789145508326,1368.142857142857,100.2188082338318,2063.0
1927972279,2016-05-05,0,0.0,0.0,0.0,0.0,0.0,0.0,0.0,0,0,0,1440,2063,2338.0,2195.0,2505.0,2351.0,1786.0,1326.0,3790.0,1675.0,1.24000000953674,0.920000016689301,2.61999988555908,1.1599999666214,0.0,10.0,16.0,0.0,0.0,0.0,8.0,0.0,87.0,17.0,94.0,95.0,1353.0,1413.0,1322.0,1167.0,2346.0,155.1547614480456,2275.285714285714,171.75827421671582,2300.6666666666665,1310.1470655362832,1611.5714285714287,1369.2623144285706,1.5933333039283735,0.9034009083643593,1.1157142690249844,0.9466758583188762,8.666666666666666,8.082903768654761,5.714285714285714,7.341986237031632,66.0,42.57933771208752,51.857142857142854,44.33745057859692,1362.6666666666667,46.263736698772036,1355.7142857142858,95.08542525139234,2383.0
1927972279,2016-05-06,2091,1.45000004768372,1.45000004768372,0.0,0.0,0.0,1.45000004768372,0.0,0,0,108,1332,2383,2063.0,2338.0,2195.0,2063.0,0.0,1786.0,1326.0,0.0,0.0,1.24000000953674,0.920000016689301,0.0,0.0,0.0,10.0,0.0,0.0,0.0,0.0,0.0,0.0,87.0,17.0,0.0,1440.0,1353.0,1413.0,1440.0,2198.6666666666665,137.53666177908076,2234.1428571428573,184.61169028660163,1037.3333333333333,927.3323747898241,1372.2857142857142,1496.7526754372518,0.7200000087420135,0.6437390840215981,0.9499999880790702,1.03503620154652,3.3333333333333335,5.77350269189626,5.714285714285714,7.341986237031632,34.666666666666664,46.112182049143264,38.285714285714285,43.46153197834567,1402.0,44.53088815642431,1394.7142857142858,50.15214945780622,2229.0
1927972279,2016-05-07,1510,1.03999996185303,1.03999996185303,0.0,0.0,0.0,1.03999996185303,0.0,0,0,48,1392,2229,2383.0,2063.0,2338.0,2064.0,2091.0,0.0,1786.0,0.0,1.45000004768372,0.0,1.24000000953674,0.0,0.0,0.0,0.0,0.0,0.0,0.0,0.0,0.0,108.0,0.0,87.0,0.0,1332.0,1440.0,1353.0,1440.0,2261.3333333333335,173.229135347762,2279.8571428571427,174.5130640491115,1292.3333333333333,1129.535450233119,1671.0,1381.4474293291078,0.8966666857401533,0.7836028094593632,1.1571428520338873,0.9552436469921939,0.0,0.0,5.714285714285714,7.341986237031632,65.0,57.26255320888161,53.714285714285715,46.65731198756271,1375.0,57.26255320888138,1379.2857142857142,50.5097821737347,2063.0
1927972279,2016-05-08,0,0.0,0.0,0.0,0.0,0.0,0.0,0.0,0,0,0,1440,2063,2229.0,2383.0,2063.0,2411.0,1510.0,2091.0,0.0,2704.0,1.03999996185303,1.45000004768372,0.0,1.87000000476837,0.0,0.0,0.0,14.0,0.0,0.0,0.0,1.0,48.0,108.0,0.0,70.0,1392.0,1332.0,1440.0,1355.0,2225.0,160.03749560649817,2303.4285714285716,149.90647878244638,1200.3333333333333,1079.3471792399955,1886.7142857142858,1180.277751814619,0.8300000031789164,0.7474623880524326,1.3057142751557487,0.8160035899677263,0.0,0.0,5.714285714285714,7.341986237031632,52.0,54.11099703387471,60.57142857142857,40.57855403558693,1388.0,54.11099703387446,1372.4285714285713,43.691559607690955,2063.0
1927972279,2016-05-09,0,0.0,0.0,0.0,0.0,0.0,0.0,0.0,0,0,0,1440,2063,2063.0,2229.0,2383.0,2505.0,0.0,1510.0,2091.0,3790.0,0.0,1.03999996185303,1.45000004768372,2.61999988555908,0.0,0.0,0.0,16.0,0.0,0.0,0.0,8.0,0.0,48.0,108.0,94.0,1440.0,1392.0,1332.0,1322.0,2225.0,160.03749560649817,2253.714285714286,165.20967918145092,1200.3333333333333,1079.3471792399955,1500.4285714285713,1304.1952636450899,0.8300000031789164,0.7474623880524326,1.038571417331696,0.9020426256869777,0.0,0.0,3.7142857142857144,6.575568054403759,52.0,54.11099703387471,50.57142857142857,46.11527997984018,1388.0,54.11099703387446,1384.5714285714287,49.47004865861512,2063.0
1927972279,2016-05-10,0,0.0,0.0,0.0,0.0,0.0,0.0,0.0,0,0,0,1440,2063,2063.0,2063.0,2229.0,2195.0,0.0,0.0,1510.0,1326.0,0.0,0.0,1.03999996185303,0.920000016689301,0.0,0.0,0.0,10.0,0.0,0.0,0.0,0.0,0.0,0.0,48.0,17.0,1440.0,1440.0,1392.0,1413.0,2118.3333333333335,95.84014468547747,2190.5714285714284,134.83552591071498,503.3333333333333,871.798906476336,959.0,927.6031838381467,0.3466666539510099,0.6004442579330489,0.6642857193946845,0.6428026517206415,0.0,0.0,1.4285714285714286,3.779644730092273,16.0,27.712812921101964,37.142857142857146,45.034907095972315,1424.0,27.712812921101513,1401.4285714285713,44.444186507188476,2063.0
1927972279,2016-05-11,0,0.0,0.0,0.0,0.0,0.0,0.0,0.0,0,0,0,1440,2063,2063.0,2063.0,2063.0,2338.0,0.0,0.0,0.0,1786.0,0.0,0.0,0.0,1.24000000953674,0.0,0.0,0.0,0.0,0.0,0.0,0.0,0.0,0.0,0.0,0.0,87.0,1440.0,1440.0,1440.0,1353.0,2063.0,0.0,2171.714285714286,143.09054742331816,0.0,0.0,769.5714285714286,974.3797783107736,0.0,0.0,0.5328571455819271,0.675048506825519,0.0,0.0,0.0,0.0,0.0,0.0,34.714285714285715,46.728700266232835,1440.0,0.0,1405.2857142857142,46.72870026623327,1383.0
2022484408,2016-04-19,11548,8.52999973297119,8.52999973297119,0.0,3.28999996185303,0.239999994635582,5.0,0.0,31,7,250,1152,2489,2770.0,2782.0,2177.0,2390.0,14131.0,15112.0,10100.0,11875.0,10.0699996948242,11.3999996185303,7.09000015258789,8.34000015258789,48.0,28.0,41.0,42.0,3.0,29.0,11.0,14.0,311.0,331.0,151.0,227.0,1078.0,1052.0,1237.0,1157.0,2576.3333333333335,345.88485559985617,2508.1428571428573,228.96828642953196,13114.333333333334,2656.170990981818,12138.0,1842.455517328256,9.519999821980797,2.207011269613679,8.704285621643068,1.5175291482447448,39.0,10.14889156509222,37.285714285714285,8.199883855158879,264.3333333333333,98.65765724632494,264.42857142857144,60.54160316910772,1122.3333333333333,100.1515518268855,1127.7142857142858,60.85149761431318,2897.0
2022484408,2016-04-20,15112,10.6700000762939,10.6700000762939,0.0,3.33999991416931,1.92999994754791,5.40000009536743,0.0,48,63,276,1053,2897,2489.0,2770.0,2782.0,2601.0,11548.0,14131.0,15112.0,12024.0,8.52999973297119,10.0699996948242,11.3999996185303,8.5,31.0,48.0,28.0,43.0,7.0,3.0,29.0,5.0,250.0,311.0,331.0,292.0,1152.0,1078.0,1052.0,1100.0,2680.3333333333335,165.8081220366883,2522.285714285714,223.4455297424962,13597.0,1841.0298748255004,12091.285714285714,1854.3421757490994,9.999999682108564,1.4362798603031606,8.73142841884068,1.5116151870643724,35.666666666666664,10.785793124908956,35.714285714285715,8.199883855158879,297.3333333333333,42.19399641339195,267.7142857142857,58.76993076314419,1094.0,51.88448708429132,1127.0,60.4786463693316,3158.0
2022484408,2016-04-21,12453,8.73999977111816,8.73999977111816,0.0,3.32999992370605,1.11000001430511,4.30999994277954,0.0,104,53,255,1028,3158,2897.0,2489.0,2770.0,2312.0,15112.0,11548.0,14131.0,10690.0,10.6700000762939,8.52999973297119,10.0699996948242,7.5,48.0,31.0,48.0,32.0,63.0,7.0,3.0,3.0,276.0,250.0,311.0,257.0,1053.0,1152.0,1078.0,1148.0,2718.6666666666665,208.7877710339697,2564.5714285714284,264.97349373277393,13597.0,1841.0298748255004,12532.42857142857,2175.2182922749653,9.756666501363096,1.103872109869946,9.04142842973981,1.670413309798583,42.333333333333336,9.814954576223638,36.42857142857143,9.10781976942786,279.0,30.610455730027915,265.42857142857144,57.97372146888951,1094.3333333333333,51.48138822267057,1120.2857142857142,66.30413331941003,2638.0
2022484408,2016-04-22,12954,9.32999992370605,9.32999992370605,0.0,4.42999982833862,0.419999986886978,4.46999979019165,0.0,52,10,273,1105,2638,3158.0,2897.0,2489.0,2525.0,12453.0,15112.0,11548.0,11034.0,8.73999977111816,10.6700000762939,8.52999973297119,8.02999973297119,104.0,48.0,31.0,27.0,53.0,63.0,7.0,9.0,255.0,276.0,250.0,282.0,1028.0,1053.0,1152.0,1122.0,2848.0,337.1809603165636,2685.4285714285716,318.16811968038604,13037.666666666666,1852.5388884807064,12784.285714285714,2023.0830197403914,9.313333193461082,1.179590512524118,9.218571254185262,1.5403941229316531,61.0,38.19685850956856,46.714285714285715,26.78130122376609,260.3333333333333,13.796134724383203,265.14285714285717,58.02708727088459,1077.6666666666667,65.5769268366041,1103.142857142857,73.10820421682874,2069.0
2022484408,2016-04-23,6001,4.21000003814697,4.21000003814697,0.0,0.0,0.0,4.21000003814697,0.0,0,0,249,1191,2069,2638.0,3158.0,2897.0,2177.0,12954.0,12453.0,15112.0,10100.0,9.32999992370605,8.73999977111816,10.6700000762939,7.09000015258789,52.0,104.0,48.0,41.0,10.0,53.0,63.0,11.0,273.0,255.0,276.0,151.0,1105.0,1028.0,1053.0,1237.0,2897.6666666666665,260.00064102485084,2701.5714285714284,311.46795294907275,13506.333333333334,1412.9311141500607,13058.57142857143,1870.644439504102,9.579999923706035,0.9889895320450078,9.404285567147383,1.4488598833135053,68.0,31.240998703626616,50.285714285714285,25.342416917849313,268.0,11.357816691600494,263.85714285714283,57.6900585642176,1062.0,39.281038682804684,1100.7142857142858,72.65836562460036,2529.0
2022484408,2016-04-24,13481,10.2799997329712,10.2799997329712,0.0,4.55000019073486,1.14999997615814,4.57999992370605,0.0,37,26,216,1161,2529,2069.0,2638.0,3158.0,2782.0,6001.0,12954.0,12453.0,15112.0,4.21000003814697,9.32999992370605,8.73999977111816,11.3999996185303,0.0,52.0,104.0,28.0,0.0,10.0,53.0,29.0,249.0,273.0,255.0,331.0,1191.0,1105.0,1028.0,1052.0,2621.6666666666665,544.6837002640461,2686.1428571428573,342.8748209728193,10469.333333333334,3877.789619529834,12473.0,3153.087798756429,7.42666657765706,2.801291267400854,8.992856979370108,2.3464491103832064,52.0,52.0,44.42857142857143,31.76925737699442,259.0,12.489995996796749,277.85714285714283,31.835140811313977,1108.0,81.54140052758474,1094.142857142857,59.09153512821899,2470.0
2022484408,2016-04-25,11369,8.01000022888184,8.01000022888184,0.0,3.32999992370605,0.219999998807907,4.46000003814697,0.0,44,8,217,1171,2470,2529.0,2069.0,2638.0,2770.0,13481.0,6001.0,12954.0,14131.0,10.2799997329712,4.21000003814697,9.32999992370605,10.0699996948242,37.0,0.0,52.0,48.0,26.0,0.0,10.0,3.0,216.0,249.0,273.0,311.0,1161.0,1191.0,1105.0,1078.0,2412.0,302.00496684657344,2650.0,344.4173824494538,10812.0,4174.772209354662,12240.0,2981.1489954937397,7.939999898274739,3.2650113517131656,8.83285699571881,2.1877744165100235,29.666666666666668,26.764404221527766,45.714285714285715,31.170040560952575,246.0,28.61817604250835,261.42857142857144,29.42140458270216,1152.3333333333333,43.650124092988925,1109.7142857142858,60.48061476129983,2793.0
2022484408,2016-04-26,10119,7.19000005722046,7.19000005722046,0.0,1.42999994754791,0.660000026226044,5.1100001335144,0.0,55,24,275,1086,2793,2470.0,2529.0,2069.0,2489.0,11369.0,13481.0,6001.0,11548.0,8.01000022888184,10.2799997329712,4.21000003814697,8.52999973297119,44.0,37.0,0.0,31.0,8.0,26.0,0.0,7.0,217.0,216.0,249.0,250.0,1171.0,1161.0,1191.0,1152.0,2356.0,250.29382733099894,2607.1428571428573,345.659480110811,10283.666666666666,3856.301509650579,11845.42857142857,2869.856259881486,7.500000000000003,3.066969065524821,8.538571357727044,2.1314503797843356,27.0,23.643180835073778,45.142857142857146,31.157816415941667,227.33333333333334,18.77054430040142,248.0,23.97220612848698,1174.3333333333333,15.275252316519506,1123.0,62.53265813423665,2463.0
2022484408,2016-04-27,10159,7.13000011444092,7.13000011444092,0.0,1.03999996185303,0.970000028610229,5.11999988555908,0.0,19,20,282,1119,2463,2793.0,2470.0,2529.0,2897.0,10119.0,11369.0,13481.0,15112.0,7.19000005722046,8.01000022888184,10.2799997329712,10.6700000762939,55.0,44.0,37.0,48.0,24.0,8.0,26.0,63.0,275.0,217.0,216.0,276.0,1086.0,1171.0,1161.0,1053.0,2597.3333333333335,172.00096898951827,2650.5714285714284,347.43481745638616,11656.333333333334,1699.3179023753441,11641.285714285714,2944.396413205131,8.493333339691167,1.6006975576411615,8.347142832619797,2.191671403561015,45.333333333333336,9.073771725877465,48.57142857142857,30.658642842637068,236.0,33.77869150810906,251.57142857142858,26.08867661685907,1139.3333333333333,46.45786621588781,1113.5714285714287,62.406883014768816,2296.0
2022484408,2016-04-28,10140,7.11999988555908,7.11999988555908,0.0,0.409999996423721,1.33000004291534,5.3899998664856,0.0,6,20,291,1123,2296,2463.0,2793.0,2470.0,3158.0,10159.0,10119.0,11369.0,12453.0,7.13000011444092,7.19000005722046,8.01000022888184,8.73999977111816,19.0,55.0,44.0,104.0,20.0,24.0,8.0,53.0,282.0,275.0,217.0,255.0,1119.0,1086.0,1171.0,1028.0,2575.3333333333335,188.5373526209945,2588.5714285714284,334.61762114531916,10549.0,710.4224095564603,10933.714285714286,2538.488179624882,7.443333466847739,0.49166392249079643,7.841428552355085,1.9628246371069304,39.333333333333336,18.44812546936228,44.42857142857143,32.64382097149548,258.0,35.67912554982254,252.42857142857142,27.103856692711627,1125.3333333333333,42.8524600616269,1123.0,56.42989751304989,2611.0
2022484408,2016-04-29,10245,7.19000005722046,7.19000005722046,0.0,0.479999989271164,1.21000003814697,5.5,0.0,21,40,281,1098,2611,2296.0,2463.0,2793.0,2638.0,10140.0,10159.0,10119.0,12954.0,7.11999988555908,7.13000011444092,7.19000005722046,9.32999992370605,6.0,19.0,55.0,52.0,20.0,20.0,24.0,10.0,291.0,282.0,275.0,273.0,1123.0,1119.0,1086.0,1105.0,2517.3333333333335,252.91566446808557,2465.4285714285716,233.45724600938314,10139.333333333334,20.008331598119767,10603.285714285714,2456.996995947543,7.146666685740153,0.037859436832840876,7.609999997275216,1.934519672922495,26.666666666666668,25.383721817994566,30.428571428571427,22.172484020042685,282.6666666666667,8.020806277010578,257.57142857142856,30.83211065786849,1109.3333333333333,20.305992547357217,1136.5714285714287,38.279050592793865,2732.0
2022484408,2016-04-30,18387,12.9099998474121,12.9099998474121,0.0,0.939999997615814,1.39999997615814,10.5699996948242,0.0,13,23,361,1043,2732,2611.0,2296.0,2463.0,2069.0,10245.0,10140.0,10159.0,6001.0,7.19000005722046,7.11999988555908,7.13000011444092,4.21000003814697,21.0,6.0,19.0,0.0,40.0,20.0,20.0,0.0,281.0,291.0,282.0,249.0,1098.0,1123.0,1119.0,1191.0,2456.6666666666665,157.5954737082677,2461.5714285714284,230.33298876688428,10181.333333333334,55.94938188523873,10216.285714285714,2227.6719323309826,7.146666685740153,0.037859436832840876,7.304285730634418,1.7803543609103425,15.333333333333334,8.144527815247072,26.0,20.1494416796099,284.6666666666667,5.5075705472860035,258.7142857142857,31.637078909165457,1113.3333333333333,13.4288247189889,1135.5714285714287,39.31860095364967,2380.0
2022484408,2016-05-01,10538,7.40000009536743,7.40000009536743,0.0,1.94000005722046,0.959999978542328,4.5,0.0,25,28,245,1142,2380,2732.0,2611.0,2296.0,2529.0,18387.0,10245.0,10140.0,13481.0,12.9099998474121,7.19000005722046,7.11999988555908,10.2799997329712,13.0,21.0,6.0,37.0,23.0,40.0,20.0,26.0,361.0,281.0,291.0,216.0,1043.0,1098.0,1123.0,1161.0,2546.3333333333335,225.07850482294677,2556.285714285714,170.55958322114745,12924.0,4731.388062714789,11985.714285714286,3078.1739562217563,9.073333263397211,3.3228350641704285,8.547142846243723,2.2380996420340655,13.333333333333334,7.505553499465128,27.857142857142858,17.81786155733036,311.0,43.588989435406724,274.7142857142857,49.297445118769495,1088.0,40.926763859362175,1114.4285714285713,44.05245790667128,2473.0
2022484408,2016-05-02,10379,7.28999996185303,7.28999996185303,0.0,2.60999989509583,0.340000003576279,4.32999992370605,0.0,36,8,277,1119,2473,2380.0,2732.0,2611.0,2470.0,10538.0,18387.0,10245.0,11369.0,7.40000009536743,12.9099998474121,7.19000005722046,8.01000022888184,25.0,13.0,21.0,44.0,28.0,23.0,40.0,8.0,245.0,361.0,281.0,217.0,1142.0,1043.0,1098.0,1171.0,2574.3333333333335,178.8416431744387,2535.0,183.35030224500144,13056.666666666666,4618.5281566028525,11565.285714285714,3040.6579723411683,9.166666666666663,3.243521617094256,8.135714326586042,2.128488100332147,19.666666666666668,6.110100926607782,26.142857142857142,17.36306973078756,295.6666666666667,59.374517541899515,278.85714285714283,44.528749407652555,1094.3333333333333,49.6017472810518,1111.7142857142858,41.197549626623406,2752.0
2022484408,2016-05-03,12183,8.73999977111816,8.73999977111816,0.0,3.99000000953674,0.46000000834465,4.28000020980835,0.0,72,14,250,1104,2752,2473.0,2380.0,2732.0,2793.0,10379.0,10538.0,18387.0,10119.0,7.28999996185303,7.40000009536743,12.9099998474121,7.19000005722046,36.0,25.0,13.0,55.0,8.0,28.0,23.0,24.0,277.0,245.0,361.0,275.0,1119.0,1142.0,1043.0,1086.0,2528.3333333333335,182.4070539571682,2535.4285714285716,183.17646968871054,13101.333333333334,4578.211914419574,11423.857142857143,3074.148577442294,9.199999968210852,3.2134248606585216,8.032857145581925,2.15283306033773,24.666666666666668,11.50362261782493,25.0,16.217274740226877,294.3333333333333,59.91104516976258,287.42857142857144,35.49580793491498,1101.3333333333333,51.81055233572916,1104.2857142857142,32.494688210610335,2649.0
2022484408,2016-05-04,11768,8.28999996185303,8.28999996185303,0.0,2.50999999046326,0.930000007152557,4.84999990463257,0.0,36,27,272,1105,2649,2752.0,2473.0,2380.0,2463.0,12183.0,10379.0,10538.0,10159.0,8.73999977111816,7.28999996185303,7.40000009536743,7.13000011444092,72.0,36.0,25.0,19.0,14.0,8.0,28.0,20.0,250.0,277.0,245.0,282.0,1104.0,1119.0,1142.0,1119.0,2535.0,193.59493795035024,2529.5714285714284,173.9931580482953,11033.333333333334,998.8094579715112,11718.714285714286,3026.7528648308744,7.80999994277954,0.8072792378574397,8.254285676138739,2.1312973191828473,44.333333333333336,24.583192089989726,27.428571428571427,21.778101714468022,257.3333333333333,17.214335111567088,283.85714285714283,38.11573853160289,1121.6666666666667,19.13983629327416,1106.857142857143,31.503590120432357,2609.0
2022484408,2016-05-05,11895,8.35000038146973,8.35000038146973,0.0,2.78999996185303,0.860000014305115,4.69999980926514,0.0,55,20,253,1112,2609,2649.0,2752.0,2473.0,2296.0,11768.0,12183.0,10379.0,10140.0,8.28999996185303,8.73999977111816,7.28999996185303,7.11999988555908,36.0,72.0,36.0,6.0,27.0,14.0,8.0,20.0,272.0,250.0,277.0,291.0,1105.0,1104.0,1119.0,1123.0,2624.6666666666665,141.0827180533934,2556.1428571428573,176.31924509388153,11443.333333333334,944.807034972403,11948.57142857143,2948.6516046685274,8.106666564941406,0.7421813878928717,8.419999940054756,2.0736280019023523,48.0,20.78460969082653,29.857142857142858,21.628904822240177,266.3333333333333,14.364307617610105,282.42857142857144,38.38340415186891,1109.3333333333333,8.386497083606224,1104.857142857143,31.045281828476593,2498.0
2022484408,2016-05-06,10227,7.17999982833862,7.17999982833862,0.0,1.87000000476837,0.670000016689301,4.6399998664856,0.0,24,17,295,1104,2498,2609.0,2649.0,2752.0,2611.0,11895.0,11768.0,12183.0,10245.0,8.35000038146973,8.28999996185303,8.73999977111816,7.19000005722046,55.0,36.0,72.0,21.0,20.0,27.0,14.0,40.0,253.0,272.0,250.0,281.0,1112.0,1105.0,1104.0,1098.0,2670.0,73.77669008569018,2600.8571428571427,133.94952851905208,11948.666666666666,212.64132555395503,12199.285714285714,2841.9246245156755,8.460000038146973,0.2443356307141721,8.59571429661342,1.9957609072084428,54.333333333333336,18.00925687898681,36.857142857142854,20.52176544897776,258.3333333333333,11.930353445448777,277.0,39.63584236521276,1107.0,4.358898943540882,1103.2857142857142,30.241882027602802,1995.0
2022484408,2016-05-07,6708,4.71000003814697,4.71000003814697,0.0,1.61000001430511,0.0799999982118607,3.01999998092651,0.0,20,2,149,1269,1995,2498.0,2609.0,2649.0,2732.0,10227.0,11895.0,11768.0,18387.0,7.17999982833862,8.35000038146973,8.28999996185303,12.9099998474121,24.0,55.0,36.0,13.0,17.0,20.0,27.0,23.0,295.0,253.0,272.0,361.0,1104.0,1112.0,1105.0,1043.0,2585.3333333333335,78.23255929172532,2584.714285714286,139.2284864119824,11296.666666666666,928.5323544892458,12196.714285714286,2843.9950020048495,7.94000005722046,0.6588628639663002,8.594285692487443,1.9969380827878727,38.333333333333336,15.631165450257802,37.285714285714285,20.16361645567156,273.3333333333333,21.031722072463108,279.0,40.22022708372816,1107.0,4.358898943540882,1104.142857142857,30.151995906454893,1848.0
2022484408,2016-05-08,3292,2.30999994277954,2.30999994277954,0.0,0.0,0.0,2.30999994277954,0.0,0,0,135,1305,1848,1995.0,2498.0,2609.0,2380.0,6708.0,10227.0,11895.0,10538.0,4.71000003814697,7.17999982833862,8.35000038146973,7.40000009536743,20.0,24.0,55.0,25.0,2.0,17.0,20.0,28.0,149.0,295.0,253.0,245.0,1269.0,1104.0,1112.0,1142.0,2367.3333333333335,327.19158505886634,2479.4285714285716,246.57038017765316,9610.0,2647.9726207043777,10528.285714285714,1864.1626998276163,6.7466667493184405,1.8582878659877422,7.4228571483067105,1.340593324960974,33.0,19.15724406066801,38.285714285714285,18.891923192326452,232.33333333333334,75.16204716034105,248.71428571428572,47.366353338329006,1161.6666666666667,93.03941816957654,1136.4285714285713,59.99682531283641,2709.0
2022484408,2016-05-09,13379,9.39000034332275,9.39000034332275,0.0,2.11999988555908,1.62999999523163,5.6399998664856,0.0,35,47,297,1061,2709,1848.0,1995.0,2498.0,2473.0,3292.0,6708.0,10227.0,10379.0,2.30999994277954,4.71000003814697,7.17999982833862,7.28999996185303,0.0,20.0,24.0,36.0,0.0,2.0,17.0,8.0,135.0,149.0,295.0,277.0,1305.0,1269.0,1104.0,1119.0,2113.6666666666665,340.86116430789434,2403.4285714285716,344.76216785046523,6742.333333333333,3467.6274790313537,9493.142857142857,3309.4235866976155,4.733333269755043,2.435083787287269,6.695714269365582,2.353110415742607,14.666666666666666,12.858201014657249,34.714285714285715,23.598829672353716,193.0,88.61151166750288,233.0,64.09628174343142,1226.0,107.17742299570368,1159.7142857142858,87.73770433459426,2797.0
2022484408,2016-05-10,12798,8.97999954223633,8.97999954223633,0.0,2.22000002861023,1.21000003814697,5.55999994277954,0.0,57,28,271,1084,2797,2709.0,1848.0,1995.0,2752.0,13379.0,3292.0,6708.0,12183.0,9.39000034332275,2.30999994277954,4.71000003814697,8.73999977111816,35.0,0.0,20.0,72.0,47.0,0.0,2.0,14.0,297.0,135.0,149.0,250.0,1061.0,1305.0,1269.0,1104.0,2184.0,460.5659561886875,2437.1428571428573,363.7175775110081,7793.0,5130.283715351424,9921.714285714286,3622.6862829621246,5.470000108083087,3.600666812918153,6.995714323861257,2.5657608847799396,18.333333333333332,17.559422921421216,34.57142857142857,23.592775326761537,193.66666666666666,89.76264999059093,235.85714285714286,66.77431784608159,1211.6666666666667,131.71686806682482,1151.4285714285713,94.68695289013678,2544.0
2022484408,2016-05-11,13272,9.31999969482422,9.31999969482422,0.0,4.17999982833862,1.14999997615814,3.99000000953674,0.0,58,25,224,1133,2544,2797.0,2709.0,1848.0,2649.0,12798.0,13379.0,3292.0,11768.0,8.97999954223633,9.39000034332275,2.30999994277954,8.28999996185303,57.0,35.0,0.0,36.0,28.0,47.0,0.0,27.0,271.0,297.0,135.0,272.0,1084.0,1061.0,1305.0,1105.0,2451.3333333333335,524.3513453146977,2443.5714285714284,370.54368035039954,9823.0,5663.467224236405,10009.57142857143,3693.4335812422087,6.893333276112874,3.9745733730246076,7.030000005449567,2.594397844645786,30.666666666666668,28.746014216467174,32.42857142857143,20.040435315108503,234.33333333333334,87.00191568772111,238.85714285714286,67.97653656821248,1150.0,134.72564715005086,1148.5714285714287,96.63825526649539,1853.0
2026352035,2016-04-19,2424,1.5,1.5,0.0,0.0,0.0,1.5,0.0,0,0,141,785,1356,1419.0,1214.0,1373.0,1459.0,3325.0,838.0,2547.0,4414.0,2.05999994277954,0.519999980926514,1.58000004291534,2.74000000953674,0.0,0.0,0.0,3.0,0.0,0.0,0.0,8.0,182.0,60.0,150.0,181.0,1062.0,1053.0,728.0,706.0,1335.3333333333333,107.56548393110751,1408.7142857142858,96.7586590194288,2236.6666666666665,1272.21159141604,3324.714285714286,1354.2964611789785,1.3866666555404645,0.7879932230877447,2.0628570999417977,0.8408470549317413,0.0,0.0,0.42857142857142855,1.1338934190276817,130.66666666666666,63.25609325063739,170.85714285714286,55.43292815474863,947.6666666666666,190.29012936390933,793.1428571428571,182.34164688977722,1667.0
2026352035,2016-04-20,7222,4.48000001907349,4.48000001907349,0.0,0.0,0.0,4.48000001907349,0.0,0,0,327,623,1667,1356.0,1419.0,1214.0,1521.0,2424.0,3325.0,838.0,4993.0,1.5,2.05999994277954,0.519999980926514,3.09999990463257,0.0,0.0,0.0,0.0,0.0,0.0,0.0,0.0,141.0,182.0,60.0,238.0,785.0,1062.0,1053.0,663.0,1329.6666666666667,105.00634901439695,1394.0,95.66260153964733,2195.6666666666665,1259.1244312351869,3040.4285714285716,1295.1015220363815,1.3599999745686848,0.7794869953805554,1.885714241436549,0.8042357725846122,0.0,0.0,0.0,0.0,127.66666666666667,62.083277404896506,165.14285714285714,56.26848902487836,966.6666666666666,157.3922912131765,804.4285714285714,178.45247466562554,1370.0
2026352035,2016-04-21,2467,1.52999997138977,1.52999997138977,0.0,0.0,0.0,1.52999997138977,0.0,0,0,153,749,1370,1667.0,1356.0,1419.0,1431.0,7222.0,2424.0,3325.0,3335.0,4.48000001907349,1.5,2.05999994277954,2.0699999332428,0.0,0.0,0.0,0.0,0.0,0.0,0.0,0.0,327.0,141.0,182.0,197.0,623.0,785.0,1062.0,653.0,1480.6666666666667,164.41512501389076,1414.857142857143,135.56232093447966,4323.666666666667,2550.1377086999305,3358.8571428571427,1959.0369597135755,2.6799999872843436,1.5837929377948898,2.0828571149281094,1.2154932403250234,0.0,0.0,0.0,0.0,216.66666666666666,97.72580689527886,177.85714285714286,80.36879280630546,823.3333333333334,221.99624621451002,798.7142857142857,184.28122918130168,1399.0
2026352035,2016-04-22,2915,1.80999994277954,1.80999994277954,0.0,0.0,0.0,1.80999994277954,0.0,0,0,162,712,1399,1370.0,1667.0,1356.0,1444.0,2467.0,7222.0,2424.0,3821.0,1.52999997138977,4.48000001907349,1.5,2.36999988555908,0.0,0.0,0.0,0.0,0.0,0.0,0.0,0.0,153.0,327.0,141.0,188.0,749.0,623.0,785.0,687.0,1464.3333333333333,175.654015989767,1406.142857142857,136.31022041826574,4037.6666666666665,2757.797369882953,3234.8571428571427,1988.0544449764136,2.5033333301544203,1.7119092846534116,2.005714263234819,1.2334485180936023,0.0,0.0,0.0,0.0,207.0,104.09610943738484,171.57142857142858,80.34271828207197,719.0,85.06468127254712,812.4285714285714,174.96652741106146,1916.0
2026352035,2016-04-23,12357,7.71000003814697,7.71000003814697,0.0,0.0,0.0,7.71000003814697,0.0,0,0,432,458,1916,1399.0,1370.0,1667.0,1373.0,2915.0,2467.0,7222.0,2547.0,1.80999994277954,1.52999997138977,4.48000001907349,1.58000004291534,0.0,0.0,0.0,0.0,0.0,0.0,0.0,0.0,162.0,153.0,327.0,150.0,712.0,749.0,623.0,728.0,1478.6666666666667,163.7447200166568,1399.7142857142858,135.2845326040814,4201.333333333333,2625.5468636711344,3105.4285714285716,1972.9692392552954,2.606666644414267,1.6283836911040508,1.9257142714091706,1.224007868335153,0.0,0.0,0.0,0.0,214.0,97.9642792042079,167.85714285714286,80.05712246354385,694.6666666666666,64.7636729450497,816.0,172.2130463505403,1401.0
2026352035,2016-04-24,3490,2.16000008583069,2.16000008583069,0.0,0.0,0.0,2.16000008583069,0.0,0,0,164,704,1401,1916.0,1399.0,1370.0,1214.0,12357.0,2915.0,2467.0,838.0,7.71000003814697,1.80999994277954,1.52999997138977,0.519999980926514,0.0,0.0,0.0,0.0,0.0,0.0,0.0,0.0,432.0,162.0,153.0,60.0,458.0,712.0,749.0,1053.0,1561.6666666666667,307.2040581329181,1477.2857142857142,235.77087343839736,5913.0,5585.161412170645,4506.857142857143,3976.752503763652,3.6833333174387604,3.490004821735756,2.8014285564422607,2.481917488250549,0.0,0.0,0.0,0.0,249.0,158.54652314068574,208.14285714285714,126.85086857070729,639.6666666666666,158.41191032663346,777.4285714285714,219.06989534762428,1576.0
2026352035,2016-04-25,6017,3.73000001907349,3.73000001907349,0.0,0.0,0.0,3.73000001907349,0.0,0,0,260,821,1576,1401.0,1916.0,1399.0,1419.0,3490.0,12357.0,2915.0,3325.0,2.16000008583069,7.71000003814697,1.80999994277954,2.05999994277954,0.0,0.0,0.0,0.0,0.0,0.0,0.0,0.0,164.0,432.0,162.0,182.0,704.0,458.0,712.0,1062.0,1572.0,297.91441724092505,1504.0,210.171358657644,6254.0,5293.166632555601,4885.714285714285,3684.565090314175,3.8933333555857335,3.309959735308529,3.0357142857142856,2.3015129816438544,0.0,0.0,0.0,0.0,252.66666666666666,155.3104418039345,223.0,111.80638025920821,624.6666666666666,144.39298228561304,727.5714285714286,182.57496829417514,1595.0
2026352035,2016-04-26,5933,3.6800000667572,3.6800000667572,0.0,0.0,0.0,3.6800000667572,0.0,0,0,288,1018,1595,1576.0,1401.0,1916.0,1356.0,6017.0,3490.0,12357.0,2424.0,3.73000001907349,2.16000008583069,7.71000003814697,1.5,0.0,0.0,0.0,0.0,0.0,0.0,0.0,0.0,260.0,164.0,432.0,141.0,821.0,704.0,458.0,785.0,1631.0,261.8682875034699,1526.4285714285713,207.95420741344094,7288.0,4568.096211771376,5270.285714285715,3634.6671426824273,4.533333381017051,2.860879800950459,3.27428572518485,2.2698521209714393,0.0,0.0,0.0,0.0,285.3333333333333,135.78414242220381,234.14285714285714,110.92253839418534,661.0,185.28086787361514,693.1428571428571,121.51190417873825,1593.0
2026352035,2016-04-27,6088,3.76999998092651,3.76999998092651,0.0,0.0,0.0,3.76999998092651,0.0,0,0,286,586,1593,1595.0,1576.0,1401.0,1667.0,5933.0,6017.0,3490.0,7222.0,3.6800000667572,3.73000001907349,2.16000008583069,4.48000001907349,0.0,0.0,0.0,0.0,0.0,0.0,0.0,0.0,288.0,260.0,164.0,327.0,1018.0,821.0,704.0,623.0,1524.0,106.94391053257765,1560.5714285714287,194.49323650867422,5146.666666666667,1435.3300433465918,5771.571428571428,3411.8340061782446,3.1900000572204603,0.8923564055942608,3.5857143061501637,2.131156644936403,0.0,0.0,0.0,0.0,237.33333333333334,65.03332479070502,255.14285714285714,104.05195588651623,847.6666666666666,158.6894241382625,726.4285714285714,172.20613340108534,1649.0
2026352035,2016-04-28,6375,3.95000004768372,3.95000004768372,0.0,0.0,0.0,3.95000004768372,0.0,0,0,331,626,1649,1593.0,1595.0,1576.0,1370.0,6088.0,5933.0,6017.0,2467.0,3.76999998092651,3.6800000667572,3.73000001907349,1.52999997138977,0.0,0.0,0.0,0.0,0.0,0.0,0.0,0.0,286.0,288.0,260.0,153.0,586.0,1018.0,821.0,749.0,1588.0,10.440306508909156,1550.0,189.69624842538846,6012.666666666667,77.59080701557944,5609.571428571428,3357.9841104022944,3.726666688919067,0.045092454524720105,3.484285729272024,2.098140917243797,0.0,0.0,0.0,0.0,278.0,15.620499351813221,249.28571428571428,100.42362651241368,808.3333333333334,216.27837000803706,721.1428571428571,176.42602658662034,1692.0
2026352035,2016-04-29,7604,4.71000003814697,4.71000003814697,0.0,0.0,0.0,4.71000003814697,0.0,0,0,352,492,1692,1649.0,1593.0,1595.0,1399.0,6375.0,6088.0,5933.0,2915.0,3.95000004768372,3.76999998092651,3.6800000667572,1.80999994277954,0.0,0.0,0.0,0.0,0.0,0.0,0.0,0.0,331.0,286.0,288.0,162.0,626.0,586.0,1018.0,712.0,1612.3333333333333,31.770006819849854,1589.857142857143,174.25501290869525,6132.0,224.26100864839515,6167.857142857143,3060.0841180470534,3.800000031789143,0.1374772698081574,3.8300000258854454,1.9137310952868876,0.0,0.0,0.0,0.0,301.6666666666667,25.423086620891063,274.7142857142857,94.33047278180094,743.3333333333334,238.70763149370273,703.5714285714286,179.29106423434973,1506.0
2026352035,2016-04-30,4729,2.9300000667572,2.9300000667572,0.0,0.0,0.0,2.9300000667572,0.0,0,0,233,594,1506,1692.0,1649.0,1593.0,1916.0,7604.0,6375.0,6088.0,12357.0,4.71000003814697,3.95000004768372,3.76999998092651,7.71000003814697,0.0,0.0,0.0,0.0,0.0,0.0,0.0,0.0,352.0,331.0,286.0,432.0,492.0,626.0,586.0,458.0,1644.6666666666667,49.64205206609921,1631.7142857142858,154.8824439004352,6689.0,805.3018067780523,6837.714285714285,2724.125407923659,4.143333355585734,0.49893221268211513,4.244285753795078,1.7062029610508835,0.0,0.0,0.0,0.0,323.0,33.71943060017468,301.85714285714283,83.16735852369916,568.0,68.78953408767978,672.1428571428571,196.06497951055965,1447.0
2026352035,2016-05-01,3609,2.27999997138977,2.27999997138977,0.0,0.0,0.0,2.27999997138977,0.0,0,0,191,716,1447,1506.0,1692.0,1649.0,1401.0,4729.0,7604.0,6375.0,3490.0,2.9300000667572,4.71000003814697,3.95000004768372,2.16000008583069,0.0,0.0,0.0,0.0,0.0,0.0,0.0,0.0,233.0,352.0,331.0,164.0,594.0,492.0,626.0,704.0,1615.6666666666667,97.37727318698808,1573.142857142857,95.6581214036541,6236.0,1442.5314554629288,5748.0,1303.6471915361165,3.8633333841959634,0.8931591725202034,3.561428615025111,0.8081754686123727,0.0,0.0,0.0,0.0,305.3333333333333,63.516402081142225,273.42857142857144,62.779660036397985,570.6666666666666,69.98094978873459,691.5714285714286,177.13258418752994,1690.0
2026352035,2016-05-02,7018,4.34999990463257,4.34999990463257,0.0,0.0,0.0,4.34999990463257,0.0,0,0,355,716,1690,1447.0,1506.0,1692.0,1576.0,3609.0,4729.0,7604.0,6017.0,2.27999997138977,2.9300000667572,4.71000003814697,3.73000001907349,0.0,0.0,0.0,0.0,0.0,0.0,0.0,0.0,191.0,233.0,352.0,260.0,716.0,594.0,492.0,821.0,1548.3333333333333,127.8684219552791,1579.7142857142858,82.54234122702195,5314.0,2060.7462240654463,5765.0,1269.6265855229524,3.3066666920979806,1.258027579623838,3.5785714558192656,0.7740462772294457,0.0,0.0,0.0,0.0,258.6666666666667,83.51247411814195,277.2857142857143,55.32243151354992,600.6666666666666,112.14871079657311,693.2857142857143,177.3308718053292,1604.0
2026352035,2016-05-03,5992,3.72000002861023,3.72000002861023,0.0,0.0,0.0,3.72000002861023,0.0,0,0,304,981,1604,1690.0,1447.0,1506.0,1595.0,7018.0,3609.0,4729.0,5933.0,4.34999990463257,2.27999997138977,2.9300000667572,3.6800000667572,0.0,0.0,0.0,0.0,0.0,0.0,0.0,0.0,355.0,191.0,233.0,288.0,716.0,716.0,594.0,1018.0,1547.6666666666667,126.74515112355694,1596.0,92.35078054172955,5118.666666666667,1737.5846262364687,5908.0,1356.1632153493438,3.18666664759318,1.0585996557692756,3.6671428680419913,0.8278629931117779,0.0,0.0,0.0,0.0,259.6666666666667,85.1899837617858,290.85714285714283,61.664221315736924,675.3333333333334,70.43673284113478,678.2857142857143,168.97111615669138,1658.0
2026352035,2016-05-04,6564,4.07000017166138,4.07000017166138,0.0,0.0,0.0,4.07000017166138,0.0,0,0,345,530,1658,1604.0,1690.0,1447.0,1593.0,5992.0,7018.0,3609.0,6088.0,3.72000002861023,4.34999990463257,2.27999997138977,3.76999998092651,0.0,0.0,0.0,0.0,0.0,0.0,0.0,0.0,304.0,355.0,191.0,286.0,981.0,716.0,716.0,586.0,1580.3333333333333,123.21661143422702,1597.2857142857142,92.39717579687229,5539.666666666667,1748.9351998668583,5916.428571428572,1356.5277804186774,3.449999968210857,1.0610843299983523,3.67285714830671,0.8281045438284425,0.0,0.0,0.0,0.0,283.3333333333333,83.93052682625868,293.14285714285717,61.83695920571707,804.3333333333334,152.997821335251,673.0,156.70673246545596,1926.0
2026352035,2016-05-05,12167,7.53999996185303,7.53999996185303,0.0,0.0,0.0,7.53999996185303,0.0,0,0,475,479,1926,1658.0,1604.0,1690.0,1649.0,6564.0,5992.0,7018.0,6375.0,4.07000017166138,3.72000002861023,4.34999990463257,3.95000004768372,0.0,0.0,0.0,0.0,0.0,0.0,0.0,0.0,345.0,304.0,355.0,331.0,530.0,981.0,716.0,626.0,1650.6666666666667,43.46646216720764,1606.5714285714287,95.12072529660612,6524.666666666667,514.1296853259178,5984.428571428572,1378.31719343346,4.046666701634727,0.31564742841445403,3.7157143184116914,0.8416225900920906,0.0,0.0,0.0,0.0,334.6666666666667,27.024680078278994,301.57142857142856,64.65770679214536,742.3333333333334,226.65024450314053,665.0,163.18394528874458,1736.0
2026352035,2016-05-06,8198,5.07999992370605,5.07999992370605,0.0,0.0,0.0,5.07999992370605,0.0,0,0,383,511,1736,1926.0,1658.0,1604.0,1692.0,12167.0,6564.0,5992.0,7604.0,7.53999996185303,4.07000017166138,3.72000002861023,4.71000003814697,0.0,0.0,0.0,0.0,0.0,0.0,0.0,0.0,475.0,345.0,304.0,352.0,479.0,530.0,981.0,492.0,1729.3333333333333,172.44516036506593,1646.142857142857,154.68293223174155,8241.0,3412.023300037676,6811.857142857143,2728.788707379854,5.110000054041547,2.1117053982520435,4.228571449007307,1.6822150739323605,0.0,0.0,0.0,0.0,374.6666666666667,89.27672335683769,322.14285714285717,92.49581715124303,663.3333333333334,276.2866868550372,644.0,177.83981556445673,1491.0
2026352035,2016-05-07,4193,2.59999990463257,2.59999990463257,0.0,0.0,0.0,2.59999990463257,0.0,0,0,229,665,1491,1736.0,1926.0,1658.0,1506.0,8198.0,12167.0,6564.0,4729.0,5.07999992370605,7.53999996185303,4.07000017166138,2.9300000667572,0.0,0.0,0.0,0.0,0.0,0.0,0.0,0.0,383.0,475.0,345.0,233.0,511.0,479.0,530.0,594.0,1773.3333333333333,137.84532394438816,1652.4285714285713,157.72112217757143,8976.333333333334,2881.4500400550637,6896.714285714285,2766.502708853769,5.563333352406821,1.7847781482462337,4.281428575515747,1.705514837232405,0.0,0.0,0.0,0.0,401.0,66.84309986827357,326.57142857142856,94.87510587232939,506.6666666666667,25.774664562965818,646.7142857142857,175.2595354378892,1555.0
2026352035,2016-05-08,5528,3.45000004768372,3.45000004768372,0.0,0.0,0.0,3.45000004768372,0.0,0,0,258,610,1555,1491.0,1736.0,1926.0,1447.0,4193.0,8198.0,12167.0,3609.0,2.59999990463257,5.07999992370605,7.53999996185303,2.27999997138977,0.0,0.0,0.0,0.0,0.0,0.0,0.0,0.0,229.0,383.0,475.0,191.0,665.0,511.0,479.0,716.0,1717.6666666666667,218.07873196011877,1650.2857142857142,160.12569467527103,8186.0,3987.013543995053,6820.142857142857,2842.864367064284,5.073333263397217,2.4700067762263918,4.234285695212228,1.7529960716327295,0.0,0.0,0.0,0.0,362.3333333333333,124.29534719100843,326.0,95.54231174371556,551.6666666666666,99.44512724781144,656.8571428571429,173.74831277015662,1869.0
2026352035,2016-05-09,10685,6.61999988555908,6.61999988555908,0.0,0.0,0.0,6.59999990463257,0.0,0,0,401,543,1869,1555.0,1491.0,1736.0,1690.0,5528.0,4193.0,8198.0,7018.0,3.45000004768372,2.59999990463257,5.07999992370605,4.34999990463257,0.0,0.0,0.0,0.0,0.0,0.0,0.0,0.0,258.0,229.0,383.0,355.0,610.0,665.0,511.0,716.0,1594.0,127.07084638106416,1665.7142857142858,141.37976550849885,5973.0,2039.246184255347,7094.285714285715,2560.057988554538,3.7099999586741137,1.2602777427763212,4.401428563254221,1.583155366200704,0.0,0.0,0.0,0.0,290.0,81.835200250259,335.57142857142856,82.18648944698297,595.3333333333334,78.04058773057396,641.7142857142857,172.34820788712818,1141.0
2026352035,2016-05-10,254,0.159999996423721,0.159999996423721,0.0,0.0,0.0,0.159999996423721,0.0,0,0,17,1002,1141,1869.0,1555.0,1491.0,1604.0,10685.0,5528.0,4193.0,5992.0,6.61999988555908,3.45000004768372,2.59999990463257,3.72000002861023,0.0,0.0,0.0,0.0,0.0,0.0,0.0,0.0,401.0,258.0,229.0,304.0,543.0,610.0,665.0,981.0,1638.3333333333333,202.3099931623086,1691.2857142857142,161.2903327188938,6802.0,3428.3848967115687,7618.142857142857,2895.105261677109,4.22333327929179,2.118639463663963,4.725714274815152,1.7898589668531788,0.0,0.0,0.0,0.0,296.0,92.08148565265437,342.14285714285717,85.76018612275466,606.0,61.09828148156112,617.0,172.32430666237033,1698.0
2026352035,2016-05-11,8580,5.32000017166138,5.32000017166138,0.0,0.0,0.0,5.32000017166138,0.0,0,0,330,569,1698,1141.0,1869.0,1555.0,1658.0,254.0,10685.0,5528.0,6564.0,0.159999996423721,6.61999988555908,3.45000004768372,4.07000017166138,0.0,0.0,0.0,0.0,0.0,0.0,0.0,0.0,17.0,401.0,258.0,345.0,1002.0,543.0,610.0,530.0,1521.6666666666667,365.14289440345595,1625.142857142857,264.78257027948337,5489.0,5215.609360371997,6798.428571428572,4024.3538966788556,3.409999976555507,3.230185698404182,4.21714284164565,2.4914969441343104,0.0,0.0,0.0,0.0,225.33333333333334,194.07301031656442,301.14285714285717,150.89999842216537,718.3333333333334,247.9361476939847,620.0,179.74055376198953,1364.0
2320127002,2016-04-19,5997,4.03999996185303,4.03999996185303,0.0,0.0,0.379999995231628,3.66000008583069,0.0,0,11,228,1201,1811,1905.0,1852.0,1724.0,2124.0,6559.0,6198.0,5057.0,10725.0,4.42000007629395,4.17999982833862,3.41000008583069,7.48999977111816,0.0,0.0,0.0,13.0,7.0,0.0,0.0,9.0,260.0,249.0,195.0,306.0,1173.0,1191.0,1245.0,1112.0,1827.0,93.0537479094743,1872.142857142857,152.79335562716568,5938.0,784.0286984543343,6427.428571428572,2185.3326106219206,4.00333333015442,0.527667777933658,4.369999987738472,1.558375135180687,0.0,0.0,1.8571428571428572,4.913538149119954,234.66666666666666,34.789845261704336,254.42857142857142,53.00269534925289,1203.0,37.469987990390486,1181.4285714285713,57.17766796823491,1922.0
2320127002,2016-04-20,7192,4.84999990463257,4.84999990463257,0.0,0.0,0.490000009536743,4.34000015258789,0.0,0,11,283,1146,1922,1811.0,1905.0,1852.0,2003.0,5997.0,6559.0,6198.0,7275.0,4.03999996185303,4.42000007629395,4.17999982833862,4.90000009536743,0.0,0.0,0.0,0.0,11.0,7.0,0.0,0.0,228.0,260.0,249.0,335.0,1201.0,1173.0,1191.0,1105.0,1856.0,47.12748667179264,1827.4285714285713,105.18690847384812,6251.333333333333,284.77066796517283,5752.0,1093.6783500341096,4.213333288828533,0.19218054385121827,3.8771428721291685,0.735452557459757,0.0,0.0,0.0,0.0,245.66666666666666,16.25833119767622,243.28571428571428,48.34843770559115,1188.3333333333333,14.189197769195458,1194.142857142857,48.38535787966081,1610.0
2320127002,2016-04-21,3404,2.28999996185303,2.28999996185303,0.0,0.0599999986588955,0.419999986886978,1.80999994277954,0.0,1,10,127,1302,1610,1922.0,1811.0,1905.0,1696.0,7192.0,5997.0,6559.0,3973.0,4.84999990463257,4.03999996185303,4.42000007629395,2.6800000667572,0.0,0.0,0.0,0.0,11.0,11.0,7.0,0.0,283.0,228.0,260.0,191.0,1146.0,1201.0,1173.0,1249.0,1879.3333333333333,59.785728508845054,1815.857142857143,85.2123398173225,6582.666666666667,597.8514308198405,5740.142857142857,1074.7000245915797,4.436666647593184,0.405257088494288,3.869999987738474,0.724016522212867,0.0,0.0,0.0,0.0,257.0,27.622454633866237,235.85714285714286,33.677037535134474,1173.3333333333333,27.501515109777856,1200.0,36.91882988394939,1851.0
2320127002,2016-04-22,5583,3.75999999046326,3.75999999046326,0.0,0.0,0.0,3.75999999046326,0.0,0,0,266,1174,1851,1610.0,1922.0,1811.0,1801.0,3404.0,7192.0,5997.0,5205.0,2.28999996185303,4.84999990463257,4.03999996185303,3.50999999046326,1.0,0.0,0.0,0.0,10.0,11.0,11.0,0.0,127.0,283.0,228.0,245.0,1302.0,1146.0,1201.0,1195.0,1781.0,158.1486642371664,1803.5714285714287,108.41410908004099,5531.0,1936.5182674067387,5658.857142857143,1239.515957752787,3.7266666094462106,1.3084468919507897,3.814285687037878,0.8370355660870451,0.3333333333333333,0.5773502691896314,0.14285714285714285,0.3779644730092271,212.66666666666666,79.12226825194871,226.71428571428572,51.73236989775449,1216.3333333333333,79.1222682519488,1207.5714285714287,51.283061345364075,1804.0
2320127002,2016-04-23,5079,3.42000007629395,3.42000007629395,0.0,0.0,0.0,3.42000007629395,0.0,0,0,242,1129,1804,1851.0,1610.0,1922.0,1724.0,5583.0,3404.0,7192.0,5057.0,3.75999999046326,2.28999996185303,4.84999990463257,3.41000008583069,0.0,1.0,0.0,0.0,0.0,10.0,11.0,0.0,266.0,127.0,283.0,195.0,1174.0,1302.0,1146.0,1245.0,1794.3333333333333,163.53694791493857,1810.7142857142858,109.85401568401923,5393.0,1901.1341351940418,5712.857142857143,1224.5920992411347,3.6333332856496203,1.284691895879735,3.849999972752164,0.8271638102226265,0.3333333333333333,0.5773502691896314,0.14285714285714285,0.3779644730092271,225.33333333333334,85.58231904624536,229.71428571428572,53.54659741979965,1207.3333333333333,83.17050759333709,1204.5714285714287,52.73473599964615,1725.0
2320127002,2016-04-24,4165,2.80999994277954,2.80999994277954,0.0,0.0,0.0,2.79999995231628,0.0,0,0,204,1236,1725,1804.0,1851.0,1610.0,1852.0,5079.0,5583.0,3404.0,6198.0,3.42000007629395,3.75999999046326,2.28999996185303,4.17999982833862,0.0,0.0,1.0,0.0,0.0,0.0,10.0,0.0,242.0,266.0,127.0,249.0,1129.0,1174.0,1302.0,1191.0,1755.0,127.75366922323596,1822.142857142857,103.29477006997747,4688.666666666667,1140.7367502335192,5716.0,1222.6550344775637,3.1566666762034132,0.7695670086035044,3.851428542818344,0.8262854166315865,0.3333333333333333,0.5773502691896314,0.14285714285714285,0.3779644730092271,211.66666666666666,74.29894570808749,236.42857142857142,51.370734674057175,1201.6666666666667,89.75707957221732,1188.0,56.03570290448761,1654.0
2320127002,2016-04-25,3588,2.42000007629395,2.42000007629395,0.0,0.230000004172325,0.200000002980232,1.99000000953674,0.0,3,5,152,1280,1654,1725.0,1804.0,1851.0,1905.0,4165.0,5079.0,5583.0,6559.0,2.80999994277954,3.42000007629395,3.75999999046326,4.42000007629395,0.0,0.0,0.0,0.0,0.0,0.0,0.0,7.0,204.0,242.0,266.0,260.0,1236.0,1129.0,1174.0,1173.0,1793.3333333333333,63.67364708679185,1804.0,108.21275340735019,4942.333333333333,718.8110553777883,5425.571428571428,1326.1565841612692,3.3300000031789168,0.48135229564249143,3.6557142734527615,0.8948902587380397,0.0,0.0,0.14285714285714285,0.3779644730092271,237.33333333333334,31.262330900515604,230.0,52.341825213367045,1179.6666666666667,53.724606404638784,1194.4285714285713,58.94307180904056,1632.0
2320127002,2016-04-26,3409,2.29999995231628,2.29999995231628,0.0,0.0,0.0,2.29999995231628,0.0,0,0,147,1293,1632,1654.0,1725.0,1804.0,1811.0,3588.0,4165.0,5079.0,5997.0,2.42000007629395,2.80999994277954,3.42000007629395,4.03999996185303,3.0,0.0,0.0,0.0,5.0,0.0,0.0,11.0,152.0,204.0,242.0,228.0,1280.0,1236.0,1129.0,1201.0,1727.6666666666667,75.03554713156504,1768.142857142857,110.72402414927616,4277.333333333333,751.8206789742682,5001.142857142857,1377.3875548263375,2.88333336512248,0.504017205186877,3.3699999877384763,0.9288343652406572,1.0,1.732050807568879,0.5714285714285714,1.1338934190276815,199.33333333333334,45.1811169996198,214.57142857142858,57.67107057227548,1215.0,77.65951326141584,1209.7142857142858,65.92094832882351,1481.0
2320127002,2016-04-27,1715,1.1599999666214,1.1599999666214,0.0,0.0,0.0,1.1599999666214,0.0,0,0,82,1358,1481,1632.0,1654.0,1725.0,1922.0,3409.0,3588.0,4165.0,7192.0,2.29999995231628,2.42000007629395,2.80999994277954,4.84999990463257,0.0,3.0,0.0,0.0,0.0,5.0,0.0,11.0,147.0,152.0,204.0,283.0,1293.0,1280.0,1236.0,1146.0,1670.3333333333333,48.60384072615373,1742.5714285714287,119.49875472552989,3720.6666666666665,395.07509834628786,4631.428571428572,1412.4178863616416,2.5099999904632573,0.26664580623176265,3.121428557804655,0.952180435312085,1.0,1.7320508075688792,0.5714285714285714,1.1338934190276815,167.66666666666666,31.564748269760262,203.0,62.45531736102751,1269.6666666666667,29.871948937646398,1222.857142857143,72.71503414340238,1473.0
2320127002,2016-04-28,1532,1.02999997138977,1.02999997138977,0.0,0.0,0.0,1.02999997138977,0.0,0,0,76,1364,1473,1481.0,1632.0,1654.0,1610.0,1715.0,3409.0,3588.0,3404.0,1.1599999666214,2.29999995231628,2.42000007629395,2.28999996185303,0.0,0.0,3.0,1.0,0.0,0.0,5.0,10.0,82.0,147.0,152.0,127.0,1358.0,1293.0,1280.0,1302.0,1589.0,94.17536832951588,1679.5714285714287,125.24756437133763,2904.0,1033.5864743697043,3849.0,1267.0973390654208,1.9599999984105436,0.6954135788044614,2.5942857095173446,0.8518579329990136,1.0,1.7320508075688792,0.5714285714285714,1.1338934190276815,127.0,39.05124837953327,174.28571428571428,65.6676335437641,1310.3333333333333,41.78915329763639,1253.142857142857,79.22631837848765,1410.0
2320127002,2016-04-29,924,0.620000004768372,0.620000004768372,0.0,0.0,0.0,0.620000004768372,0.0,0,0,45,1395,1410,1473.0,1481.0,1632.0,1851.0,1532.0,1715.0,3409.0,5583.0,1.02999997138977,1.1599999666214,2.29999995231628,3.75999999046326,0.0,0.0,0.0,0.0,0.0,0.0,0.0,0.0,76.0,82.0,147.0,266.0,1364.0,1358.0,1293.0,1174.0,1528.6666666666667,89.57864328808134,1660.0,146.78328696869175,2218.6666666666665,1034.9117514712686,3581.5714285714284,1543.9695438644367,1.4966666301091502,0.6987369459362408,2.414285710879736,1.039356506513448,0.0,0.0,0.42857142857142855,1.1338934190276815,101.66666666666667,39.3742724800514,167.0,74.07878688711541,1338.3333333333333,39.374272480051715,1262.0,88.51930109680389,1779.0
2320127002,2016-04-30,4571,3.07999992370605,3.07999992370605,0.0,0.0,0.0,3.0699999332428,0.0,0,0,234,1206,1779,1410.0,1473.0,1481.0,1804.0,924.0,1532.0,1715.0,5079.0,0.620000004768372,1.02999997138977,1.1599999666214,3.42000007629395,0.0,0.0,0.0,0.0,0.0,0.0,0.0,0.0,45.0,76.0,82.0,242.0,1395.0,1364.0,1358.0,1129.0,1454.6666666666667,38.88873015840613,1597.0,145.77837059500055,1390.3333333333333,414.0921797538908,2916.0,1541.5967912092553,0.936666647593181,0.2818391770114585,1.9657142843518949,1.0393565065134474,0.0,0.0,0.42857142857142855,1.1338934190276815,67.66666666666667,19.857828011475316,135.42857142857142,71.91628731346171,1372.3333333333333,19.857828011476016,1293.5714285714287,91.27039889408643,1403.0
2320127002,2016-05-01,772,0.519999980926514,0.519999980926514,0.0,0.0,0.0,0.519999980926514,0.0,0,0,40,1400,1403,1779.0,1410.0,1473.0,1725.0,4571.0,924.0,1532.0,4165.0,3.07999992370605,0.620000004768372,1.02999997138977,2.80999994277954,0.0,0.0,0.0,0.0,0.0,0.0,0.0,0.0,234.0,45.0,76.0,204.0,1206.0,1395.0,1364.0,1236.0,1554.0,197.38540979515176,1593.4285714285713,140.0557712042565,2342.3333333333335,1953.876232859525,2843.4285714285716,1430.775647116262,1.5766666332880643,1.3179655646930248,1.9171428339821948,0.9653792611093561,0.0,0.0,0.42857142857142855,1.1338934190276815,118.33333333333333,101.36238618606673,134.28571428571428,69.97788766392392,1321.6666666666667,101.36238618606691,1304.5714285714287,70.37958307837327,1613.0
2320127002,2016-05-02,3634,2.45000004768372,2.45000004768372,0.0,0.360000014305115,0.209999993443489,1.87999999523163,0.0,5,6,123,1306,1613,1403.0,1779.0,1410.0,1654.0,772.0,4571.0,924.0,3588.0,0.519999980926514,3.07999992370605,0.620000004768372,2.42000007629395,0.0,0.0,0.0,3.0,0.0,0.0,0.0,5.0,40.0,234.0,45.0,152.0,1400.0,1206.0,1395.0,1280.0,1530.6666666666667,215.09145341768775,1547.4285714285713,142.4977861147991,2089.0,2150.818216400446,2358.714285714286,1482.2473606302174,1.406666636466979,1.4500114547233136,1.589999982288905,0.9997833035127132,0.0,0.0,0.42857142857142855,1.1338934190276815,106.33333333333333,110.59083747459972,110.85714285714286,70.20073259690992,1333.6666666666667,110.5908374745999,1328.0,71.0422409556449,1878.0
2320127002,2016-05-03,7443,5.01999998092651,5.01999998092651,0.0,1.49000000953674,0.370000004768372,3.16000008583069,0.0,20,10,206,1204,1878,1613.0,1403.0,1779.0,1632.0,3634.0,772.0,4571.0,3409.0,2.45000004768372,0.519999980926514,3.07999992370605,2.29999995231628,5.0,0.0,0.0,0.0,6.0,0.0,0.0,0.0,123.0,40.0,234.0,147.0,1306.0,1400.0,1206.0,1293.0,1598.3333333333333,188.42858947976376,1541.5714285714287,138.1639812479566,2992.3333333333335,1979.1165537515294,2365.285714285714,1488.693578755742,2.016666650772095,1.333879043023401,1.5942856924874438,1.003989650440027,1.6666666666666667,2.8867513459481295,0.7142857142857143,1.889822365046136,132.33333333333334,97.3361871727742,106.71428571428571,68.19509827378667,1304.0,97.01546268507943,1331.7142857142858,68.75733727080575,1426.0
2320127002,2016-05-04,1201,0.810000002384186,0.810000002384186,0.0,0.0,0.0,0.810000002384186,0.0,0,0,52,1388,1426,1878.0,1613.0,1403.0,1481.0,7443.0,3634.0,772.0,1715.0,5.01999998092651,2.45000004768372,0.519999980926514,1.1599999666214,20.0,5.0,0.0,0.0,10.0,6.0,0.0,0.0,206.0,123.0,40.0,82.0,1204.0,1306.0,1400.0,1358.0,1631.3333333333333,238.03011014015294,1576.7142857142858,187.4821896302991,3949.6666666666665,3346.6840802999814,2941.5714285714284,2438.1125799234455,2.6633333365122485,2.2575724393896603,1.9828571251460478,1.6446145835567585,8.333333333333334,10.408329997330663,3.5714285714285716,7.480132415430956,123.0,82.99999999999999,115.14285714285714,77.07232225087584,1303.3333333333333,98.02720710768702,1319.0,83.71180721180602,1780.0
2320127002,2016-05-05,5202,3.50999999046326,3.50999999046326,0.0,0.0,0.389999985694885,3.10999989509583,0.0,0,11,223,1206,1780,1426.0,1878.0,1613.0,1473.0,1201.0,7443.0,3634.0,1532.0,0.810000002384186,5.01999998092651,2.45000004768372,1.02999997138977,0.0,20.0,5.0,0.0,0.0,10.0,6.0,0.0,52.0,206.0,123.0,76.0,1388.0,1204.0,1306.0,1364.0,1639.0,227.11891158597962,1568.857142857143,193.22648936022253,4092.6666666666665,3146.1758268306194,2868.1428571428573,2488.430792592757,2.7600000103314724,2.12205088003629,1.9328571302550175,1.6787665462743608,8.333333333333334,10.408329997330663,3.5714285714285716,7.480132415430956,127.0,77.07788269017253,110.85714285714286,80.0008928521604,1299.3333333333333,92.18098140795294,1323.2857142857142,86.75389383329146,1742.0
2320127002,2016-05-06,4878,3.28999996185303,3.28999996185303,0.0,0.0,0.0,3.28999996185303,0.0,0,0,204,1236,1742,1780.0,1426.0,1878.0,1410.0,5202.0,1201.0,7443.0,924.0,3.50999999046326,0.810000002384186,5.01999998092651,0.620000004768372,0.0,0.0,20.0,0.0,11.0,0.0,10.0,0.0,223.0,52.0,206.0,45.0,1206.0,1388.0,1204.0,1395.0,1694.6666666666667,237.77580476855368,1612.7142857142858,202.46293017547217,4615.333333333333,3162.0838593138756,3392.4285714285716,2545.9513517964733,3.1133333245913186,2.1328462878726304,2.287142847265516,1.7177088746635631,6.666666666666667,11.547005383792515,3.5714285714285716,7.480132415430956,160.33333333333334,94.20368004135153,131.85714285714286,88.19944930181168,1266.0,105.65983153497847,1300.7142857142858,94.59512722777012,1972.0
2320127002,2016-05-07,7379,4.96999979019165,4.96999979019165,0.0,0.0,0.0,4.96999979019165,0.0,0,0,319,1121,1972,1742.0,1780.0,1426.0,1779.0,4878.0,5202.0,1201.0,4571.0,3.28999996185303,3.50999999046326,0.810000002384186,3.07999992370605,0.0,0.0,0.0,0.0,0.0,11.0,0.0,0.0,204.0,223.0,52.0,234.0,1236.0,1206.0,1388.0,1206.0,1649.3333333333333,194.34333879331538,1660.142857142857,185.21287623653373,3760.3333333333335,2222.360081834925,3957.285714285714,2337.076073094022,2.5366666515668257,1.4993776346193848,2.668571412563324,1.5764456619560936,0.0,0.0,3.5714285714285716,7.480132415430956,159.66666666666666,93.7247743840087,154.57142857142858,82.38498476230791,1276.6666666666667,97.57731976916237,1278.0,86.96359391530808,1821.0
2320127002,2016-05-08,5161,3.48000001907349,3.48000001907349,0.0,0.0,0.0,3.47000002861023,0.0,0,0,247,1193,1821,1972.0,1742.0,1780.0,1403.0,7379.0,4878.0,5202.0,772.0,4.96999979019165,3.28999996185303,3.50999999046326,0.519999980926514,0.0,0.0,0.0,0.0,0.0,0.0,11.0,0.0,319.0,204.0,223.0,40.0,1121.0,1236.0,1206.0,1400.0,1831.3333333333333,123.29368732150638,1687.7142857142858,217.42026453063542,5819.666666666667,1360.1045302965997,4358.428571428572,2676.3352341801815,3.9233332475026472,0.9130898870513992,2.9385713934898385,1.8040733900570085,0.0,0.0,3.5714285714285716,7.480132415430956,248.66666666666666,61.64684366075309,166.71428571428572,100.348915100786,1187.6666666666667,59.65176722724463,1265.857142857143,103.12521284249297,1630.0
2320127002,2016-05-09,3090,2.07999992370605,2.07999992370605,0.0,0.0,0.0,2.07999992370605,0.0,0,0,145,1295,1630,1821.0,1972.0,1742.0,1613.0,5161.0,7379.0,4878.0,3634.0,3.48000001907349,4.96999979019165,3.28999996185303,2.45000004768372,0.0,0.0,0.0,5.0,0.0,0.0,0.0,6.0,247.0,319.0,204.0,123.0,1193.0,1121.0,1236.0,1306.0,1845.0,116.86316785026861,1747.4285714285713,180.44930695614337,5806.0,1369.5871640753649,4985.428571428572,2160.492602559492,3.9133332570393904,0.9200180037091418,3.3614285417965495,1.4560268360670752,0.0,0.0,3.5714285714285716,7.480132415430956,256.6666666666667,58.106224566162744,196.28571428571428,86.30124426626047,1183.3333333333333,58.10622456616312,1236.2857142857142,86.60391501103214,1899.0
2320127002,2016-05-10,6227,4.19999980926514,4.19999980926514,0.0,0.0,0.0,4.19999980926514,0.0,0,0,290,1150,1899,1630.0,1821.0,1972.0,1878.0,3090.0,5161.0,7379.0,7443.0,2.07999992370605,3.48000001907349,4.96999979019165,5.01999998092651,0.0,0.0,0.0,20.0,0.0,0.0,0.0,10.0,145.0,247.0,319.0,206.0,1295.0,1193.0,1121.0,1204.0,1807.6666666666667,171.38942013243815,1749.857142857143,178.44180056947494,5210.0,2144.919812020953,4907.714285714285,2225.997283188348,3.5099999109903965,1.4452334767116222,3.3085713812283113,1.5006601398219261,0.0,0.0,2.857142857142857,7.559289460184544,237.0,87.42997197757758,199.42857142857142,83.5441143804819,1203.0,87.42997197757782,1234.7142857142858,85.21681032463457,1903.0
2320127002,2016-05-11,6424,4.32999992370605,4.32999992370605,0.0,0.0,0.0,4.32999992370605,0.0,0,0,300,1140,1903,1899.0,1630.0,1821.0,1426.0,6227.0,3090.0,5161.0,1201.0,4.19999980926514,2.07999992370605,3.48000001907349,0.810000002384186,0.0,0.0,0.0,0.0,0.0,0.0,0.0,0.0,290.0,145.0,247.0,52.0,1150.0,1295.0,1193.0,1388.0,1783.3333333333333,138.39918111511142,1752.857142857143,181.11177816607142,4826.0,1595.1053256760194,4734.0,2034.3708282087284,3.2533332506815604,1.0780228414150441,3.191428499562401,1.371221155204033,0.0,0.0,0.0,0.0,227.33333333333334,74.47370900749695,211.42857142857142,90.39700795722744,1212.6666666666667,74.47370900749726,1227.0,90.7266958140399,1125.0
2347167796,2016-04-19,6711,4.44000005722046,4.44000005722046,0.0,0.0,0.0,4.44000005722046,0.0,0,7,382,648,2346,1944.0,1882.0,2670.0,2344.0,8247.0,5472.0,22244.0,10113.0,5.44999980926514,3.61999988555908,15.0799999237061,6.82999992370605,11.0,1.0,66.0,28.0,16.0,7.0,72.0,13.0,206.0,249.0,268.0,320.0,678.0,508.0,968.0,964.0,2165.3333333333335,438.1521805643939,2145.8571428571427,275.26013670188945,11987.666666666666,8989.963088541206,11003.142857142857,5272.836030972688,8.049999872843442,6.156533153207071,7.372857093811043,3.6116834343074324,26.0,35.0,18.142857142857142,23.526074693331026,241.0,31.764760348537198,246.85714285714286,46.91989120273181,718.0,232.59406699226014,745.5714285714286,165.99784852306283,2198.0
2347167796,2016-04-20,10999,7.26999998092651,7.26999998092651,0.0,0.680000007152557,1.80999994277954,4.78000020980835,0.0,11,43,269,1011,2198,2346.0,1944.0,1882.0,2038.0,6711.0,8247.0,5472.0,10352.0,4.44000005722046,5.44999980926514,3.61999988555908,7.01000022888184,0.0,11.0,1.0,19.0,7.0,16.0,7.0,32.0,382.0,206.0,249.0,195.0,648.0,678.0,508.0,676.0,2057.3333333333335,251.90739039046278,2146.1428571428573,275.5010154678373,6810.0,1390.1463951685034,10517.142857142857,5519.564639491398,4.50333325068156,0.9166423785951322,7.031428541455959,3.780575037242039,4.0,6.082762530298219,14.142857142857142,23.947362912775812,279.0,91.7551088495894,255.71428571428572,65.28581848486006,611.3333333333334,90.73771725877465,700.4285714285714,137.1591012205134,2048.0
2347167796,2016-04-21,10080,6.75,6.75,0.0,1.85000002384186,1.52999997138977,3.38000011444092,0.0,23,26,208,761,2048,2198.0,2346.0,1944.0,2010.0,10999.0,6711.0,8247.0,10129.0,7.26999998092651,4.44000005722046,5.44999980926514,6.69999980926514,11.0,0.0,11.0,1.0,43.0,7.0,16.0,48.0,269.0,382.0,206.0,206.0,1011.0,648.0,678.0,705.0,2162.6666666666665,203.31584624257215,2169.0,271.6437618156054,8652.333333333334,2172.546278755259,10609.57142857143,5521.75509106609,5.71999994913737,1.4341896487885881,7.068571363176625,3.781606486402737,7.333333333333333,6.3508529610858835,13.0,23.867690853257393,285.6666666666667,89.1758562242793,266.2857142857143,59.555896113691055,779.0,201.4770458389739,748.2857142857143,179.21189905222462,1946.0
2347167796,2016-04-22,7804,5.15999984741211,5.15999984741211,0.0,0.560000002384186,1.67999994754791,2.92000007629395,0.0,9,27,206,781,1946,2048.0,2198.0,2346.0,2133.0,10080.0,10999.0,6711.0,10465.0,6.75,7.26999998092651,4.44000005722046,6.92000007629395,23.0,11.0,0.0,1.0,26.0,43.0,7.0,24.0,208.0,269.0,382.0,284.0,761.0,1011.0,648.0,720.0,2197.3333333333335,149.00111856403387,2174.4285714285716,268.2957678526053,9263.333333333334,2257.6413207888727,10602.57142857143,5522.496864557518,6.153333346048989,1.506397428966501,7.075714247567319,3.7808414249899696,11.333333333333334,11.503622617824933,16.142857142857142,23.46933155864316,286.3333333333333,88.28552165181634,266.57142857142856,59.222341344172754,806.6666666666666,185.75880418793972,756.2857142857143,178.20467098789737,2629.0
2347167796,2016-04-23,16901,11.3699998855591,11.3699998855591,0.0,2.77999997138977,1.45000004768372,7.15000009536743,0.0,32,35,360,591,2629,1946.0,2048.0,2198.0,2670.0,7804.0,10080.0,10999.0,22244.0,5.15999984741211,6.75,7.26999998092651,15.0799999237061,9.0,23.0,11.0,66.0,27.0,26.0,43.0,72.0,206.0,208.0,269.0,268.0,781.0,761.0,1011.0,968.0,2064.0,126.75961501992542,2147.714285714286,282.0648355051928,9627.666666666666,1644.828359839813,10222.42857142857,5624.19395282983,6.393333276112874,1.0992877261226823,6.824285643441343,3.8507958407870833,14.333333333333334,7.571877794400366,17.285714285714285,22.7941095147722,227.66666666666666,35.809682117177864,255.42857142857142,62.636137447049805,851.0,138.92443989449805,765.0,177.625073305169,2187.0
2347167796,2016-04-24,9471,6.26000022888184,6.26000022888184,0.0,0.0,0.0,6.26000022888184,0.0,0,0,360,584,2187,2629.0,1946.0,2048.0,1882.0,16901.0,7804.0,10080.0,5472.0,11.3699998855591,5.15999984741211,6.75,3.61999988555908,32.0,9.0,23.0,1.0,35.0,27.0,26.0,7.0,360.0,206.0,208.0,249.0,591.0,781.0,761.0,508.0,2207.6666666666665,368.4322642404344,2141.8571428571427,269.5604005112946,11595.0,4733.948774543298,9459.142857142857,3781.451371654867,7.7599999109904045,3.2258487229870005,6.294285637991772,2.5661959946493935,21.333333333333332,11.590225767142474,12.428571428571429,11.516034370348482,258.0,88.34025130143107,268.57142857142856,74.28292119291203,711.0,104.4030650891055,711.1428571428571,162.3098154471139,2095.0
2347167796,2016-04-25,9482,6.38000011444092,6.38000011444092,0.0,1.26999998092651,0.519999980926514,4.59999990463257,0.0,15,11,277,653,2095,2187.0,2629.0,1946.0,1944.0,9471.0,16901.0,7804.0,8247.0,6.26000022888184,11.3699998855591,5.15999984741211,5.44999980926514,0.0,32.0,9.0,11.0,0.0,35.0,27.0,16.0,360.0,360.0,206.0,206.0,584.0,591.0,781.0,678.0,2254.0,346.3942840175052,2185.4285714285716,243.99443787571406,11392.0,4843.194503630842,10030.42857142857,3356.945727748308,7.596666653951018,3.3137641689439525,6.6714285441807375,2.2864049327681903,13.666666666666666,16.50252505931542,12.285714285714286,11.686377906410032,308.6666666666667,88.91194145520232,284.42857142857144,80.9564844898318,652.0,111.77208953938367,722.0,148.40260554765646,1861.0
2347167796,2016-04-26,5980,3.95000004768372,3.95000004768372,0.0,0.0,0.0,3.95000004768372,0.0,0,0,227,732,1861,2095.0,2187.0,2629.0,2346.0,9482.0,9471.0,16901.0,6711.0,6.38000011444092,6.26000022888184,11.3699998855591,4.44000005722046,15.0,0.0,32.0,0.0,11.0,0.0,35.0,7.0,277.0,360.0,360.0,382.0,653.0,584.0,591.0,648.0,2303.6666666666665,285.4773779712386,2207.0,225.03036832095938,11951.333333333334,4286.540602086178,10206.857142857143,3279.145591388679,8.003333409627286,2.91623599238057,6.80428573063442,2.229924148588791,15.666666666666666,16.010413278030438,12.857142857142858,11.710800875382395,332.3333333333333,47.92007234273885,294.57142857142856,73.60674140968592,609.3333333333334,37.97806384392617,718.4285714285714,149.93093648172047,2194.0
2347167796,2016-04-27,11423,7.57999992370605,7.57999992370605,0.0,1.86000001430511,0.400000005960464,5.32000017166138,0.0,26,9,295,623,2194,1861.0,2095.0,2187.0,2198.0,5980.0,9482.0,9471.0,10999.0,3.95000004768372,6.38000011444092,6.26000022888184,7.26999998092651,0.0,15.0,0.0,11.0,0.0,11.0,0.0,43.0,227.0,277.0,360.0,269.0,732.0,653.0,584.0,1011.0,2047.6666666666667,168.07537991429012,2137.714285714286,248.53686130747585,8311.0,2018.7127086338958,10102.42857142857,3417.7414987650764,5.530000130335494,1.3696350568740048,6.734285729272028,2.322289468886554,5.0,8.660254037844386,12.857142857142858,11.710800875382395,288.0,67.17886572427366,272.42857142857144,65.8251652557924,656.3333333333334,74.05628490096792,730.4285714285714,146.68089757799308,1854.0
2347167796,2016-04-28,5439,3.59999990463257,3.59999990463257,0.0,0.0,0.0,3.59999990463257,0.0,0,0,229,764,1854,2194.0,1861.0,2095.0,2048.0,11423.0,5980.0,9482.0,10080.0,7.57999992370605,3.95000004768372,6.38000011444092,6.75,26.0,0.0,15.0,23.0,9.0,0.0,11.0,26.0,295.0,227.0,277.0,208.0,623.0,732.0,653.0,761.0,2050.0,170.99999999999886,2137.1428571428573,248.37970164744993,8961.666666666666,2758.5543919475895,10163.0,3439.9643409004493,5.9700000286102295,1.8494052632580056,6.778571435383392,2.337116615143874,13.666666666666666,13.051181300301263,15.0,12.649110640673515,266.3333333333333,35.23256069793004,276.14285714285717,66.3310600232615,669.3333333333334,56.30571315002882,675.0,82.06298394119801,403.0
2873212765,2016-04-19,7948,5.36999988555908,5.36999988555908,0.0,0.0,0.0,5.3600001335144,0.0,0,0,389,1051,1956,1890.0,1529.0,2148.0,1982.0,7762.0,2524.0,9685.0,8796.0,5.23999977111816,1.70000004768372,6.65000009536743,5.90999984741211,1.0,0.0,47.0,2.0,6.0,8.0,1.0,21.0,311.0,160.0,305.0,356.0,1122.0,1272.0,1087.0,1061.0,1855.6666666666667,310.9249641526606,1929.857142857143,198.81434268468374,6657.0,3706.1771409364665,7539.571428571428,2324.451466270617,4.52999997138977,2.5502352645840247,5.091428518295288,1.5835869205747144,16.0,26.851443164195103,7.142857142857143,17.591935381764866,258.6666666666667,85.50048732804586,330.7142857142857,91.25004892366594,1160.3333333333333,98.27681991870378,1095.857142857143,89.96930693562214,2094.0
2873212765,2016-04-20,9202,6.30000019073486,6.30000019073486,0.0,1.50999999046326,0.119999997317791,4.65999984741211,0.0099999997764825,22,5,378,1035,2094,1956.0,1890.0,1529.0,2004.0,7948.0,7762.0,2524.0,7618.0,5.36999988555908,5.23999977111816,1.70000004768372,5.11999988555908,0.0,1.0,0.0,0.0,0.0,6.0,8.0,8.0,389.0,311.0,160.0,404.0,1051.0,1122.0,1272.0,1028.0,1791.6666666666667,229.85720204799608,1926.142857142857,197.9186942252033,6078.0,3079.2590017729913,7418.428571428572,2269.5050750580594,4.103333234786986,2.082362315643612,5.014285666601999,1.549858652637253,0.3333333333333333,0.5773502691896258,6.857142857142857,17.705258836746516,286.6666666666667,116.4230790407698,335.42857142857144,93.59639797708945,1148.3333333333333,112.82877883471632,1094.4285714285713,90.69152320339745,1970.0
2873212765,2016-04-21,8859,5.98000001907349,5.98000001907349,0.0,0.129999995231628,0.370000004768372,5.46999979019165,0.0099999997764825,2,10,371,1057,1970,2094.0,1956.0,1890.0,1893.0,9202.0,7948.0,7762.0,7910.0,6.30000019073486,5.36999988555908,5.23999977111816,5.32000017166138,22.0,0.0,1.0,0.0,5.0,0.0,6.0,0.0,378.0,389.0,311.0,331.0,1035.0,1051.0,1122.0,1109.0,1980.0,104.09610943738458,1939.0,206.5542705118117,8304.0,783.2317664650739,7644.714285714285,2369.485929780671,5.636666615804034,0.5781293809879814,5.182857138769967,1.6255944047128177,7.666666666666667,12.423096769056148,10.0,18.23001188516709,359.3333333333333,42.217689815210655,331.7142857142857,90.89868771644302,1069.3333333333333,46.306946923040826,1095.4285714285713,89.8718664597124,2241.0
2873212765,2016-04-22,7286,4.90000009536743,4.90000009536743,0.0,0.46000000834465,0.0,4.42000007629395,0.0199999995529652,46,0,366,1028,2241,1970.0,2094.0,1956.0,2063.0,8859.0,9202.0,7948.0,8482.0,5.98000001907349,6.30000019073486,5.36999988555908,5.69999980926514,2.0,22.0,0.0,0.0,10.0,5.0,0.0,0.0,371.0,378.0,389.0,448.0,1057.0,1035.0,1051.0,992.0,2006.6666666666667,75.95612768785205,1950.0,205.7449877882813,8669.666666666666,648.0851281531875,7780.285714285715,2413.9261735663276,5.8833333651224775,0.4724758971591293,5.277142831257412,1.6537705921769,8.0,12.165525060596439,10.285714285714286,18.06206231962716,379.3333333333333,9.073771725877949,337.42857142857144,92.09570591302858,1047.6666666666667,11.37248140615393,1088.0,90.70832376358852,2021.0
2873212765,2016-04-23,9317,6.34999990463257,6.34999990463257,0.0,2.08999991416931,0.230000004172325,4.01999998092651,0.0099999997764825,28,5,330,1077,2021,2241.0,1970.0,2094.0,2148.0,7286.0,8859.0,9202.0,9685.0,4.90000009536743,5.98000001907349,6.30000019073486,6.65000009536743,46.0,2.0,22.0,47.0,0.0,10.0,5.0,1.0,366.0,371.0,378.0,305.0,1028.0,1057.0,1035.0,1087.0,2101.6666666666665,135.66257160076722,1975.4285714285713,231.4345531266937,8449.0,1021.6843935384354,7609.428571428572,2398.2565790689746,5.726666768391927,0.7335757416128681,5.162857157843453,1.6473080638143036,23.333333333333332,22.030282189144405,16.857142857142858,21.698145630664474,371.6666666666667,6.0277137733424295,325.7142857142857,80.12430818362654,1040.0,15.132745950421018,1093.142857142857,85.21233981732256,1898.0
2873212765,2016-04-24,6873,4.67999982833862,4.67999982833862,0.0,3.0,0.0599999986588955,1.62000000476837,0.0,46,1,190,1203,1898,2021.0,2241.0,1970.0,1529.0,9317.0,7286.0,8859.0,2524.0,6.34999990463257,4.90000009536743,5.98000001907349,1.70000004768372,28.0,46.0,2.0,0.0,5.0,0.0,10.0,8.0,330.0,366.0,371.0,160.0,1077.0,1028.0,1057.0,1272.0,2077.3333333333335,144.01504551029834,1957.2857142857142,220.3646328896074,8487.333333333334,1065.2897884300467,7556.857142857143,2348.696974109363,5.743333339691163,0.7534143611351118,5.119999987738473,1.6055424715687474,25.333333333333332,22.120880030716076,14.142857142857142,18.20648759305843,355.6666666666667,22.368132093077026,329.2857142857143,79.60258430837173,1054.0,24.63736998950951,1091.7142857142858,85.41606852287664,1907.0
2873212765,2016-04-25,7373,4.94999980926514,4.94999980926514,0.0,0.0,0.0,4.94999980926514,0.0,0,0,359,1081,1907,1898.0,2021.0,2241.0,1890.0,6873.0,9317.0,7286.0,7762.0,4.67999982833862,6.34999990463257,4.90000009536743,5.23999977111816,46.0,28.0,46.0,1.0,1.0,5.0,0.0,6.0,190.0,330.0,366.0,311.0,1203.0,1077.0,1028.0,1122.0,2053.3333333333335,173.77092200173567,2010.0,123.82649151130795,7825.333333333333,1308.2218211501188,8178.142857142857,960.4081473643431,5.30999994277954,0.9073587878363863,5.545714242117744,0.6702203535271054,40.0,10.392304845413259,20.714285714285715,20.418245808706533,295.3333333333333,92.9802846485928,333.57142857142856,69.08173213148115,1102.6666666666667,90.27919657004769,1081.857142857143,61.88276165844721,1882.0
2873212765,2016-04-26,8242,5.53999996185303,5.53999996185303,0.0,0.119999997317791,0.180000007152557,5.23999977111816,0.0,2,5,309,1124,1882,1907.0,1898.0,2021.0,1956.0,7373.0,6873.0,9317.0,7948.0,4.94999980926514,4.67999982833862,6.34999990463257,5.36999988555908,0.0,46.0,28.0,0.0,0.0,1.0,5.0,0.0,359.0,190.0,330.0,389.0,1081.0,1203.0,1077.0,1051.0,1942.0,68.56383886568797,2012.4285714285713,121.21998892214822,7854.333333333333,1291.1410973760123,8122.571428571428,998.9799559455397,5.326666514078777,0.896456032715394,5.504285676138742,0.7005440741391409,24.666666666666668,23.180451534284945,20.571428571428573,20.5820078616992,293.0,90.37145567047156,340.42857142857144,68.84973285558715,1120.3333333333333,71.61936423435567,1076.0,59.33801479658712,1966.0
2873212765,2016-04-27,3516,2.35999989509583,2.35999989509583,0.0,0.0,0.0,2.35999989509583,0.0,46,0,197,1197,1966,1882.0,1907.0,1898.0,2094.0,8242.0,7373.0,6873.0,9202.0,5.53999996185303,4.94999980926514,4.67999982833862,6.30000019073486,2.0,0.0,46.0,22.0,5.0,0.0,1.0,5.0,309.0,359.0,190.0,378.0,1124.0,1081.0,1203.0,1035.0,1895.6666666666667,12.662279942150859,2001.857142857143,129.87869798575983,7496.0,692.7387675018626,8164.571428571428,996.594678081793,5.0566665331522636,0.43981064095791494,5.528571401323591,0.69805518649877,16.0,25.999999999999996,20.857142857142858,20.260212004719758,286.0,86.81589716175263,329.0,66.02524769611496,1136.0,61.87891401761972,1086.4285714285713,60.613137032761934,1835.0
2873212765,2016-04-28,7913,5.40999984741211,5.40999984741211,0.0,2.16000008583069,0.340000003576279,2.91000008583069,0.0,28,7,213,1192,1835,1966.0,1882.0,1907.0,1970.0,3516.0,8242.0,7373.0,8859.0,2.35999989509583,5.53999996185303,4.94999980926514,5.98000001907349,46.0,2.0,0.0,2.0,0.0,5.0,0.0,10.0,197.0,309.0,359.0,371.0,1197.0,1124.0,1081.0,1057.0,1918.3333333333333,43.13158162336935,1983.5714285714287,123.60266602148624,6377.0,2515.5080997683153,7352.285714285715,1909.3413972960861,4.283333222071334,1.6915771812141567,4.965714216232302,1.3006903165672377,16.0,25.999999999999996,24.285714285714285,22.403231059486977,288.3333333333333,82.9538024043102,303.14285714285717,77.99450530096881,1134.0,58.64298764558278,1109.5714285714287,68.1612234408419,1780.0
2873212765,2016-04-29,7365,4.94999980926514,4.94999980926514,0.0,1.36000001430511,1.4099999666214,2.1800000667572,0.0,20,23,206,1191,1780,1835.0,1966.0,1882.0,2241.0,7913.0,3516.0,8242.0,7286.0,5.40999984741211,2.35999989509583,5.53999996185303,4.90000009536743,28.0,46.0,2.0,46.0,7.0,0.0,5.0,0.0,213.0,197.0,309.0,366.0,1192.0,1197.0,1124.0,1028.0,1894.3333333333333,66.36515149785613,1964.2857142857142,135.9849431441025,6557.0,2638.7157861353694,7217.142857142857,1816.125677421713,4.436666568120323,1.7996203378981444,4.884285620280676,1.2431794933575064,25.333333333333332,22.120880030716076,28.0,20.132891827388665,239.66666666666666,60.57502235520295,280.57142857142856,77.94625743176537,1171.0,40.779897008207044,1128.857142857143,69.8842580543681,1830.0
2873212765,2016-04-30,8452,5.67999982833862,5.67999982833862,0.0,0.330000013113022,1.08000004291534,4.26000022888184,0.0099999997764825,5,20,248,1167,1830,1780.0,1835.0,1966.0,2021.0,7365.0,7913.0,3516.0,9317.0,4.94999980926514,5.40999984741211,2.35999989509583,6.34999990463257,20.0,28.0,46.0,28.0,23.0,7.0,0.0,5.0,206.0,213.0,197.0,330.0,1191.0,1192.0,1197.0,1077.0,1860.3333333333333,95.55277773740245,1898.4285714285713,79.56309266416042,6264.666666666667,2396.1327870828304,7228.428571428572,1816.8701895606866,4.239999850591027,1.6442931257139846,4.891428436551777,1.243428445023705,31.333333333333332,13.316656236958787,24.285714285714285,18.598515045690124,205.33333333333334,8.020806277010813,257.7142857142857,71.94839420425876,1193.3333333333333,3.214550253660266,1152.142857142857,56.56391243961276,1739.0
2873212765,2016-05-01,7399,4.96999979019165,4.96999979019165,0.0,0.490000009536743,1.03999996185303,3.44000005722046,0.0,7,18,196,1219,1739,1830.0,1780.0,1835.0,1898.0,8452.0,7365.0,7913.0,6873.0,5.67999982833862,4.94999980926514,5.40999984741211,4.67999982833862,5.0,20.0,28.0,46.0,20.0,23.0,7.0,1.0,248.0,206.0,213.0,190.0,1167.0,1191.0,1192.0,1203.0,1815.0,30.41381265149351,1871.142857142857,61.14035375382568,7910.0,543.5062097161348,7104.857142857143,1675.0229280591384,5.34666649500529,0.36909801151880733,4.795714139938356,1.1333557336347282,17.666666666666668,11.676186592091323,21.0,19.82422760159901,222.33333333333334,22.501851775650284,246.0,64.50839738618004,1183.3333333333333,14.153915830373803,1165.0,45.85120863546919,1878.0
2873212765,2016-05-02,7525,5.05999994277954,5.05999994277954,0.0,0.0,0.209999993443489,4.82999992370605,0.0199999995529652,0,7,334,1099,1878,1739.0,1830.0,1780.0,1907.0,7399.0,8452.0,7365.0,7373.0,4.96999979019165,5.67999982833862,4.94999980926514,4.94999980926514,7.0,5.0,20.0,0.0,18.0,20.0,23.0,0.0,196.0,248.0,206.0,359.0,1219.0,1167.0,1191.0,1081.0,1783.0,45.574115460425254,1848.4285714285713,76.9823727504279,7738.666666666667,617.9986515627138,7180.0,1674.6864383121595,5.199999809265137,0.41581247400983085,4.83714270591736,1.133721211850453,10.666666666666666,8.14452781524706,15.428571428571429,16.890403023187883,216.66666666666666,27.592269448766544,246.85714285714286,63.67476886865139,1192.3333333333333,26.025628394590342,1167.2857142857142,48.389786407582115,1906.0
2873212765,2016-05-03,7412,4.98000001907349,4.98000001907349,0.0,0.0599999986588955,0.25,4.65999984741211,0.0099999997764825,1,6,363,1070,1906,1878.0,1739.0,1830.0,1882.0,7525.0,7399.0,8452.0,8242.0,5.05999994277954,4.96999979019165,5.67999982833862,5.53999996185303,0.0,7.0,5.0,2.0,7.0,18.0,20.0,5.0,334.0,196.0,248.0,309.0,1099.0,1219.0,1167.0,1124.0,1815.6666666666667,70.59981114233575,1844.2857142857142,74.02863024018619,7792.0,575.0382595966977,7201.714285714285,1678.5868773351901,5.236666520436604,0.3865660658774537,4.852857010705131,1.1363056193808518,4.0,3.605551275463933,15.428571428571429,16.890403023187883,259.3333333333333,69.694571763756,243.28571428571428,56.65013764535865,1161.6666666666667,60.177515180782514,1169.857142857143,43.24514836536979,2015.0
2873212765,2016-05-04,8278,5.55999994277954,5.55999994277954,0.0,0.0,0.0,5.55999994277954,0.0,0,0,420,1020,2015,1906.0,1878.0,1739.0,1966.0,7412.0,7525.0,7399.0,3516.0,4.98000001907349,5.05999994277954,4.96999979019165,2.35999989509583,1.0,0.0,7.0,46.0,6.0,7.0,18.0,0.0,363.0,334.0,196.0,197.0,1070.0,1099.0,1219.0,1197.0,1841.0,89.4371287553448,1847.7142857142858,76.57831347867493,7445.333333333333,69.29886963964415,7083.142857142857,1621.1896278732509,5.00333325068156,0.04932886213385726,4.772857018879484,1.0989648676701023,2.6666666666666665,3.7859388972001256,15.285714285714286,17.02658984954891,297.6666666666667,89.231907596629,251.0,69.34455037468088,1129.3333333333333,78.99578047803128,1162.142857142857,55.78658312840858,1971.0
2873212765,2016-05-05,8314,5.6100001335144,5.6100001335144,0.0,0.779999971389771,0.800000011920929,4.03000020980835,0.0,13,23,311,1093,1971,2015.0,1906.0,1878.0,1835.0,8278.0,7412.0,7525.0,7913.0,5.55999994277954,4.98000001907349,5.05999994277954,5.40999984741211,0.0,1.0,0.0,28.0,0.0,6.0,7.0,7.0,420.0,363.0,334.0,213.0,1020.0,1070.0,1099.0,1192.0,1933.0,72.38093671679063,1854.7142857142858,90.2177260588971,7738.333333333333,470.7678125502343,7763.428571428572,453.35595181669413,5.199999968210857,0.31432464621046735,5.229999882834298,0.31123409695322457,0.3333333333333333,0.5773502691892185,8.714285714285714,11.010817192111372,372.3333333333333,43.753095128611584,282.85714285714283,88.87524696904934,1063.0,39.96248240537577,1136.857142857143,74.37165358618044,1910.0
2873212765,2016-05-06,7063,4.75,4.75,0.0,0.0,0.119999997317791,4.6100001335144,0.0099999997764825,0,5,370,1065,1910,1971.0,2015.0,1906.0,1780.0,8314.0,8278.0,7412.0,7365.0,5.6100001335144,5.55999994277954,4.98000001907349,4.94999980926514,13.0,0.0,1.0,20.0,23.0,0.0,6.0,23.0,311.0,420.0,363.0,206.0,1093.0,1020.0,1070.0,1191.0,1964.0,54.83611948342101,1874.142857142857,99.43746539312842,8001.333333333333,510.6949513489757,7820.714285714285,498.49363562828626,5.3833333651224775,0.3501904421806597,5.2585713522774835,0.33849812403312335,4.666666666666667,7.234178138070208,6.571428571428571,7.546680127869543,364.6666666666667,54.51910979953117,296.85714285714283,83.59910001793988,1061.0,37.32291521304262,1122.7142857142858,71.49525458777941,1897.0
2873212765,2016-05-07,4940,3.38000011444092,3.38000011444092,0.0,2.27999997138977,0.550000011920929,0.550000011920929,0.0,75,11,52,1302,1897,1910.0,1971.0,2015.0,1830.0,7063.0,8314.0,8278.0,8452.0,4.75,5.6100001335144,5.55999994277954,5.67999982833862,0.0,13.0,0.0,5.0,5.0,23.0,0.0,20.0,370.0,311.0,420.0,248.0,1065.0,1093.0,1020.0,1167.0,1965.3333333333333,52.72886622461518,1892.7142857142858,90.67839559989741,7885.0,712.1004142675381,7777.571428571428,554.4369086869013,5.30666669209798,0.48273528909420216,5.229999950953891,0.3753220901725243,4.333333333333333,7.505553499465108,3.7142857142857144,4.956957592256432,367.0,54.561891462814984,320.2857142857143,76.57831347867415,1059.3333333333333,36.82843104631667,1104.7142857142858,67.16823228708185,2096.0
2873212765,2016-05-08,8168,5.53999996185303,5.53999996185303,0.0,2.90000009536743,0.0,2.64000010490417,0.0,46,0,326,1068,2096,1897.0,1910.0,1971.0,1739.0,4940.0,7063.0,8314.0,7399.0,3.38000011444092,4.75,5.6100001335144,4.96999979019165,75.0,0.0,13.0,7.0,11.0,5.0,23.0,18.0,52.0,370.0,311.0,196.0,1302.0,1065.0,1093.0,1219.0,1926.0,39.509492530277676,1902.2857142857142,86.39003469867431,6772.333333333333,1705.677089408582,7275.857142857143,1131.3221510797928,4.5800000826517735,1.1246777317039485,4.90142856325422,0.7426849305028747,29.333333333333332,40.079088479322145,13.714285714285714,27.469463565410752,244.33333333333334,169.15771733306565,292.2857142857143,126.78684774811919,1153.3333333333333,129.50804350824436,1124.0,99.58915603618682,1906.0
2873212765,2016-05-09,7726,5.19000005722046,5.19000005722046,0.0,0.0,0.0,5.19000005722046,0.0,0,0,345,1095,1906,2096.0,1897.0,1910.0,1878.0,8168.0,4940.0,7063.0,7525.0,5.53999996185303,3.38000011444092,4.75,5.05999994277954,46.0,75.0,0.0,0.0,0.0,11.0,5.0,7.0,326.0,52.0,370.0,334.0,1068.0,1302.0,1065.0,1099.0,1967.6666666666667,111.32984026456411,1953.2857142857142,78.98884791689333,6723.666666666667,1640.5353800919174,7385.714285714285,1181.4971736862394,4.556666692097983,1.092901258652099,4.982857159205845,0.7816800859100997,40.333333333333336,37.81974792794544,19.285714285714285,29.74174555353853,249.33333333333334,172.305929478162,310.85714285714283,119.65287093843389,1145.0,135.97426227047524,1102.4285714285713,91.61669633652485,1962.0
2873212765,2016-05-10,8275,5.55999994277954,5.55999994277954,0.0,0.0,0.0,5.55000019073486,0.0099999997764825,0,0,373,1067,1962,1906.0,2096.0,1897.0,1906.0,7726.0,8168.0,4940.0,7412.0,5.19000005722046,5.53999996185303,3.38000011444092,4.98000001907349,0.0,46.0,75.0,1.0,0.0,0.0,11.0,6.0,345.0,326.0,52.0,363.0,1095.0,1068.0,1302.0,1070.0,1966.3333333333333,112.38475578713229,1957.2857142857142,75.15697857532216,6944.666666666667,1750.1020922601435,7414.428571428572,1187.8717463237715,4.703333377838137,1.1593244489015369,5.0014286041259775,0.7853539988890329,40.333333333333336,37.81974792794544,19.285714285714285,29.74174555353853,241.0,163.95426191471816,312.42857142857144,120.07894228778156,1155.0,128.01952976011114,1101.857142857143,91.6541116943269,1826.0
2873212765,2016-05-11,6440,4.32999992370605,4.32999992370605,0.0,0.0,0.0,4.32000017166138,0.0099999997764825,0,0,319,1121,1826,1962.0,1906.0,2096.0,2015.0,8275.0,7726.0,8168.0,8278.0,5.55999994277954,5.19000005722046,5.53999996185303,5.55999994277954,0.0,0.0,46.0,0.0,0.0,0.0,0.0,0.0,373.0,345.0,326.0,420.0,1067.0,1095.0,1068.0,1020.0,1988.0,97.63196197967143,1965.2857142857142,71.68847951545698,8056.333333333333,291.0366529036017,7537.714285714285,1231.558459065277,5.429999987284344,0.2080864595120697,5.084285736083984,0.8128315782210265,15.333333333333334,26.558112382722783,19.142857142857142,29.84643234642164,348.0,23.643180835074123,313.85714285714283,120.83794736675031,1076.6666666666667,15.8850034099247,1101.4285714285713,91.83473769559647,1431.0
3372868164,2016-04-19,7711,5.26000022888184,5.26000022888184,0.0,0.0,0.0,5.23999977111816,0.0199999995529652,0,0,376,1064,1985,2014.0,1964.0,1908.0,1788.0,6798.0,8199.0,6905.0,4747.0,4.6399998664856,5.88000011444092,4.73000001907349,3.24000000953674,20.0,11.0,0.0,0.0,7.0,2.0,0.0,0.0,343.0,322.0,356.0,280.0,1070.0,1105.0,1084.0,1160.0,1962.0,53.02829433425129,1962.857142857143,105.34139511041954,7300.666666666667,779.8168588414412,7522.714285714285,1613.7838263209972,5.083333333333337,0.6913996506773055,5.175714322498867,1.1241717235987856,10.333333333333334,10.016652800877813,7.571428571428571,8.283661486266059,340.3333333333333,17.156145643277096,339.57142857142856,31.816437800069863,1086.3333333333333,17.616280348964874,1086.857142857143,41.51878519188059,1867.0
3372868164,2016-04-20,4880,3.32999992370605,3.32999992370605,0.0,0.839999973773956,0.0900000035762787,2.38000011444092,0.0199999995529652,15,3,274,1148,1867,1985.0,2014.0,1964.0,2093.0,7711.0,6798.0,8199.0,9715.0,5.26000022888184,4.6399998664856,5.88000011444092,6.63000011444092,0.0,20.0,11.0,16.0,0.0,7.0,2.0,8.0,376.0,343.0,322.0,371.0,1064.0,1070.0,1105.0,1045.0,1987.6666666666667,25.106440076867155,1991.0,71.82385861722177,7569.333333333333,711.1626630619272,7946.142857142857,1056.8513658617326,5.26000006993612,0.6200001239776752,5.46428578240531,0.7370857237724566,10.333333333333334,10.016652800877813,7.571428571428571,8.283661486266059,347.0,27.221315177632437,353.2857142857143,20.556542232861755,1079.6666666666667,22.143471573656356,1073.142857142857,26.45391320408982,2124.0
3372868164,2016-04-21,8857,6.07000017166138,6.07000017166138,0.0,1.14999997615814,0.259999990463257,4.6399998664856,0.0099999997764825,18,9,376,1037,2124,1867.0,1985.0,2014.0,2065.0,4880.0,7711.0,6798.0,8844.0,3.32999992370605,5.26000022888184,4.6399998664856,6.03000020980835,15.0,0.0,20.0,6.0,3.0,0.0,7.0,25.0,274.0,376.0,343.0,370.0,1148.0,1064.0,1070.0,1039.0,1955.3333333333333,77.86098723579939,1958.7142857142858,69.07414925453728,6463.0,1444.92525758255,7255.428571428572,1267.1741339351454,4.41000000635783,0.9853427049705896,4.9928571837288995,0.9037278298170842,11.666666666666666,10.408329997330664,7.428571428571429,8.121107126025425,331.0,52.048054718692434,339.42857142857144,34.5536160329477,1094.0,46.861498055439874,1087.857142857143,35.34321515005181,1669.0
3372868164,2016-04-22,3843,2.61999988555908,2.61999988555908,0.0,0.0,0.0,2.60999989509583,0.0099999997764825,0,0,206,1234,1669,2124.0,1867.0,1985.0,1908.0,8857.0,4880.0,7711.0,7451.0,6.07000017166138,3.32999992370605,5.26000022888184,5.07999992370605,18.0,15.0,0.0,0.0,9.0,3.0,0.0,0.0,376.0,274.0,376.0,335.0,1037.0,1148.0,1064.0,1105.0,1992.0,128.6429166336024,1967.142857142857,85.78350379769716,7149.333333333333,2047.1283138419371,7257.285714285715,1269.8969399503403,4.886666774749757,1.407634093320939,4.998571463993619,0.9114719534201848,11.0,9.643650760992955,9.142857142857142,8.989411761039975,342.0,58.88972745734184,340.2857142857143,35.49983232690114,1083.0,57.88782255362517,1087.5714285714287,35.809017220327476,1995.0
3372868164,2016-04-23,7396,5.07000017166138,5.07000017166138,0.0,1.39999997615814,0.0799999982118607,3.57999992370605,0.0,20,2,303,1115,1995,1669.0,2124.0,1867.0,1908.0,3843.0,8857.0,4880.0,6905.0,2.61999988555908,6.07000017166138,3.32999992370605,4.73000001907349,0.0,18.0,15.0,0.0,0.0,9.0,3.0,0.0,206.0,376.0,274.0,356.0,1234.0,1037.0,1148.0,1084.0,1886.6666666666667,228.13665495341453,1933.0,142.23454807699383,5860.0,2646.7619840098955,6741.857142857143,1799.8141041573738,4.006666660308836,1.821821587819452,4.647142887115479,1.2761363941202186,11.0,9.643650760992955,9.142857142857142,8.989411761039975,285.3333333333333,85.56479026640183,321.85714285714283,62.167592231077435,1139.6666666666667,98.76402853940965,1106.0,66.40030120413607,1921.0
3372868164,2016-04-24,6731,4.59000015258789,4.59000015258789,0.0,0.889999985694885,0.189999997615814,3.49000000953674,0.0199999995529652,14,7,292,1127,1921,1995.0,1669.0,2124.0,1964.0,7396.0,3843.0,8857.0,8199.0,5.07000017166138,2.61999988555908,6.07000017166138,5.88000011444092,20.0,0.0,18.0,11.0,2.0,0.0,9.0,2.0,303.0,206.0,376.0,322.0,1115.0,1234.0,1037.0,1105.0,1929.3333333333333,234.50017768294617,1945.4285714285713,143.4815402097161,6698.666666666667,2578.7117584820007,6812.0,1816.7201215377124,4.586666742960612,1.7750588429686545,4.695714337485178,1.286246040267895,12.666666666666666,11.015141094572204,12.0,8.774964387392123,295.0,85.28188553262645,314.2857142857143,60.52193620419588,1128.6666666666667,99.20853457910425,1110.4285714285713,65.71873690928923,2010.0
3372868164,2016-04-25,5995,4.09000015258789,4.09000015258789,0.0,0.0,0.0,4.09000015258789,0.0,0,0,416,1024,2010,1921.0,1995.0,1669.0,2014.0,6731.0,7396.0,3843.0,6798.0,4.59000015258789,5.07000017166138,2.61999988555908,4.6399998664856,14.0,20.0,0.0,20.0,7.0,2.0,0.0,7.0,292.0,303.0,206.0,343.0,1127.0,1115.0,1234.0,1070.0,1861.6666666666667,170.90738232543762,1939.2857142857142,143.474404553233,5990.0,1888.852297031189,6602.285714285715,1711.6153884840014,4.09333340326945,1.2983195852270923,4.511428628649031,1.175973879149333,11.333333333333334,10.263202878893768,12.428571428571429,8.79122939558025,267.0,53.11308689955801,310.0,60.94533069344465,1158.6666666666667,65.51590137770617,1113.5714285714287,65.94153254426006,2057.0
3372868164,2016-04-26,8283,5.78999996185303,5.78999996185303,0.0,1.85000002384186,0.0500000007450581,3.86999988555908,0.0099999997764825,22,2,333,1083,2057,2010.0,1921.0,1995.0,1985.0,5995.0,6731.0,7396.0,7711.0,4.09000015258789,4.59000015258789,5.07000017166138,5.26000022888184,0.0,14.0,20.0,0.0,0.0,7.0,2.0,0.0,416.0,292.0,303.0,376.0,1024.0,1127.0,1115.0,1064.0,1975.3333333333333,47.64801499887796,1938.7142857142858,143.13480159825363,6707.333333333333,700.7997812024004,6487.571428571428,1723.182120104436,4.583333492279053,0.49003402189620093,4.4328572409493585,1.1842961723551395,11.333333333333334,10.263202878893768,9.571428571428571,9.162553189607195,337.0,68.63672486358888,320.42857142857144,72.65410551110682,1088.6666666666667,56.32347053700907,1107.0,72.92918940086105,2095.0
3372868164,2016-04-27,7904,5.42000007629395,5.42000007629395,0.0,1.58000004291534,0.629999995231628,3.19000005722046,0.0099999997764825,24,13,346,1057,2095,2057.0,2010.0,1921.0,1867.0,8283.0,5995.0,6731.0,4880.0,5.78999996185303,4.09000015258789,4.59000015258789,3.32999992370605,22.0,0.0,14.0,15.0,2.0,0.0,7.0,3.0,333.0,416.0,292.0,274.0,1083.0,1024.0,1127.0,1148.0,1996.0,69.07242575731624,1949.0,149.46236984605858,7003.0,1167.9999999999995,6569.285714285715,1802.5993004811799,4.8233334223429365,0.8736893892890739,4.508571488516671,1.2604818426930606,12.0,11.135528725660043,12.714285714285714,9.105205209371281,347.0,63.17436188834835,314.2857142857143,68.89294662908598,1078.0,51.68171823769018,1109.7142857142858,71.3996131775569,1972.0
3372868164,2016-04-28,5512,3.75999999046326,3.75999999046326,0.0,0.0,0.0,3.75999999046326,0.0,0,0,385,1055,1972,2095.0,2057.0,2010.0,2124.0,7904.0,8283.0,5995.0,8857.0,5.42000007629395,5.78999996185303,4.09000015258789,6.07000017166138,24.0,22.0,0.0,18.0,13.0,2.0,0.0,9.0,346.0,333.0,416.0,376.0,1057.0,1083.0,1024.0,1037.0,2054.0,42.579337712087124,1981.5714285714287,153.40562478046792,7394.0,1226.299718665873,7001.285714285715,1689.0625323223646,5.10000006357829,0.8940357062102694,4.807142938886371,1.1797276249880613,15.333333333333334,13.316656236958785,14.0,10.066445913694334,365.0,44.64302857109944,324.57142857142856,67.23059110964573,1054.6666666666667,29.569128044860072,1096.7142857142858,71.55118048342342,2044.0
3372868164,2016-04-29,9135,6.23000001907349,6.23000001907349,0.0,0.0,0.0,6.21999979019165,0.0099999997764825,0,0,402,1038,2044,1972.0,2095.0,2057.0,1669.0,5512.0,7904.0,8283.0,3843.0,3.75999999046326,5.42000007629395,5.78999996185303,2.61999988555908,0.0,24.0,22.0,0.0,0.0,13.0,2.0,0.0,385.0,346.0,333.0,206.0,1055.0,1057.0,1083.0,1234.0,2041.3333333333333,62.97883242275371,1959.857142857143,140.0624010592286,7233.0,1502.4283676768084,6523.428571428572,1543.4516359060146,4.990000009536747,1.0811567943730533,4.477142913000926,1.0870405895081348,15.333333333333334,13.316656236958785,11.428571428571429,11.118410300894983,354.6666666666667,27.061657993059736,325.85714285714283,68.45297308232506,1065.0,15.620499351813164,1099.2857142857142,69.33665285093758,1946.0
3372868164,2016-04-30,5250,3.57999992370605,3.57999992370605,0.0,1.05999994277954,0.0900000035762787,2.42000007629395,0.0099999997764825,17,4,300,1119,1946,2044.0,1972.0,2095.0,1995.0,9135.0,5512.0,7904.0,7396.0,6.23000001907349,3.75999999046326,5.42000007629395,5.07000017166138,0.0,0.0,24.0,20.0,0.0,0.0,13.0,2.0,402.0,385.0,346.0,303.0,1038.0,1055.0,1057.0,1115.0,2037.0,61.798058221921174,2013.4285714285713,57.875893493051514,7517.0,1842.242926435056,7279.428571428572,1286.3587961299734,5.1366666952769,1.2591399401704915,4.992857217788698,0.899235097200507,8.0,13.856406460551016,11.428571428571429,11.118410300894983,377.6666666666667,28.711205710198467,353.85714285714283,48.40602087698237,1050.0,10.440306508910332,1071.2857142857142,38.65537601987732,1237.0
3977333714,2016-04-19,12414,8.77999973297119,8.77999973297119,0.0,2.24000000953674,2.45000004768372,3.96000003814697,0.0,19,67,221,738,1638,1584.0,1529.0,1625.0,1450.0,11663.0,10415.0,13459.0,8856.0,7.80000019073486,6.96999979019165,9.0,5.98000001907349,4.0,11.0,31.0,44.0,95.0,58.0,83.0,19.0,214.0,205.0,153.0,131.0,605.0,600.0,663.0,777.0,1579.3333333333333,48.16983841921537,1512.0,71.35825109964507,11845.666666666666,1530.199115583765,10154.142857142857,1940.4078977173351,7.923333326975503,1.0206044825625178,6.804285730634416,1.287955183807918,15.333333333333334,14.011899704655798,20.142857142857142,15.301727260112079,190.66666666666666,32.929217016706204,179.0,33.660065359413665,622.6666666666666,35.019042438840714,692.0,83.79339671676601,1554.0
3977333714,2016-04-20,11658,7.82999992370605,7.82999992370605,0.0,0.200000002980232,4.34999990463257,3.27999997138977,0.0,2,98,164,845,1554,1638.0,1584.0,1529.0,1495.0,12414.0,11663.0,10415.0,10035.0,8.77999973297119,7.80000019073486,6.96999979019165,6.71000003814697,19.0,4.0,11.0,31.0,67.0,95.0,58.0,46.0,221.0,214.0,205.0,153.0,738.0,605.0,600.0,754.0,1583.6666666666667,54.50076452063137,1538.857142857143,79.0936756246005,11497.333333333334,1009.744687202332,10662.42857142857,2008.4984322575283,7.849999904632566,0.9060352789808336,7.204285689762658,1.417566603174495,11.333333333333334,7.505553499465123,16.571428571428573,11.163290178932355,213.33333333333334,8.020806277010669,191.85714285714286,29.157209351082553,647.6666666666666,78.27089710315916,686.4285714285714,78.31742492969904,1397.0
3977333714,2016-04-21,6093,4.07999992370605,4.07999992370605,0.0,0.0,0.0,4.05999994277954,0.0,0,0,242,712,1397,1554.0,1638.0,1584.0,1433.0,11658.0,12414.0,11663.0,7641.0,7.82999992370605,8.77999973297119,7.80000019073486,5.1100001335144,2.0,19.0,4.0,5.0,98.0,67.0,95.0,23.0,164.0,221.0,214.0,214.0,845.0,738.0,605.0,801.0,1592.0,42.56759330758523,1547.2857142857142,76.75005816656704,11911.666666666666,435.04061113111567,10894.285714285714,2017.6548857758687,8.136666615804033,0.5573447054809052,7.3642856734139555,1.415684197387808,8.333333333333334,9.291573243177558,12.428571428571429,10.260882724488875,199.66666666666666,31.085902485424697,193.42857142857142,26.924939757636967,729.3333333333334,120.23449310964523,699.4285714285714,96.77957281516441,1481.0
3977333714,2016-04-22,8911,5.96000003814697,5.96000003814697,0.0,2.32999992370605,0.579999983310699,3.05999994277954,0.0,33,12,188,731,1481,1397.0,1554.0,1638.0,1468.0,6093.0,11658.0,12414.0,9010.0,4.07999992370605,7.82999992370605,8.77999973297119,6.05999994277954,0.0,2.0,19.0,15.0,0.0,98.0,67.0,42.0,242.0,164.0,221.0,183.0,712.0,845.0,738.0,644.0,1529.6666666666667,122.3287919229701,1542.142857142857,86.29682993681087,10055.0,3451.951187372151,10673.142857142857,2468.1887710472647,6.89666652679443,2.4851223257851958,7.217142786298477,1.711633862042094,7.0,10.44030650891054,11.714285714285714,11.010817192111364,209.0,40.36087214122113,197.42857142857142,32.07728761838163,765.0,70.49113419430836,686.7142857142857,86.5134176216119,1638.0
3977333714,2016-04-23,12058,8.06999969482422,8.06999969482422,0.0,0.0,4.21999979019165,3.84999990463257,0.0,0,92,252,724,1638,1481.0,1397.0,1554.0,1625.0,8911.0,6093.0,11658.0,13459.0,5.96000003814697,4.07999992370605,7.82999992370605,9.0,33.0,0.0,2.0,31.0,12.0,0.0,98.0,83.0,188.0,242.0,164.0,153.0,731.0,712.0,845.0,663.0,1477.3333333333333,78.56419880157452,1544.0,84.55767262643882,8887.333333333334,2782.5754856487424,10659.0,2479.564410671089,5.956666628519691,1.8750022223226295,7.202857085636682,1.7232789784958331,11.666666666666666,18.502252115170553,14.285714285714286,13.683497185957075,198.0,39.949968710876355,198.14285714285714,31.756514142395865,762.6666666666666,71.93283904680338,699.1428571428571,85.59873163279265,1655.0
3977333714,2016-04-24,14112,10.0,10.0,0.0,3.26999998092651,4.55999994277954,2.17000007629395,0.0,30,95,129,660,1655,1638.0,1481.0,1397.0,1529.0,12058.0,8911.0,6093.0,10415.0,8.06999969482422,5.96000003814697,4.07999992370605,6.96999979019165,0.0,33.0,0.0,11.0,92.0,12.0,0.0,58.0,252.0,188.0,242.0,205.0,724.0,731.0,712.0,600.0,1505.3333333333333,122.32879192297015,1545.857142857143,86.74758127546183,9020.666666666666,2984.0117850526885,10458.857142857143,2262.9714557465827,6.036666552225746,1.9961044209075083,7.069999899182998,1.5925241522202742,11.0,19.052558883257646,9.857142857142858,12.321100754783387,227.33333333333334,34.42867022313428,212.28571428571428,30.313441934309598,722.3333333333334,9.60902353693229,707.8571428571429,84.40266301373153,1570.0
3977333714,2016-04-25,11177,8.47999954223633,8.47999954223633,0.0,5.61999988555908,0.430000007152557,2.41000008583069,0.0,50,9,133,781,1570,1655.0,1638.0,1481.0,1584.0,14112.0,12058.0,8911.0,11663.0,10.0,8.06999969482422,5.96000003814697,7.80000019073486,30.0,0.0,33.0,4.0,95.0,92.0,12.0,95.0,129.0,252.0,188.0,214.0,660.0,724.0,731.0,605.0,1591.3333333333333,95.92879303594587,1563.857142857143,95.31601574312074,11693.666666666666,2619.5714026025944,10987.0,2649.440947319515,8.009999910990397,2.020668182430803,7.502857072012763,1.9356369449928514,21.0,18.24828759089466,12.571428571428571,14.512720200536066,189.66666666666666,61.51693533762335,201.42857142857142,43.9160454460445,705.0,39.12799509302751,716.4285714285714,74.03345447128874,1551.0
3977333714,2016-04-26,11388,7.61999988555908,7.61999988555908,0.0,0.449999988079071,4.21999979019165,2.95000004768372,0.0,7,95,170,797,1551,1570.0,1655.0,1638.0,1638.0,11177.0,14112.0,12058.0,12414.0,8.47999954223633,10.0,8.06999969482422,8.77999973297119,50.0,30.0,0.0,19.0,9.0,95.0,92.0,67.0,133.0,129.0,252.0,221.0,781.0,660.0,724.0,738.0,1621.0,44.97777228809816,1561.857142857143,94.96916792908551,12449.0,1506.0600917626052,10917.57142857143,2635.1029617545523,8.84999974568685,1.0168089335808035,7.599999836512973,1.9697968869139393,26.666666666666668,25.166114784235834,19.142857142857142,19.531415475489492,171.33333333333334,69.88800564713041,189.85714285714286,50.26406460361308,721.6666666666666,60.53373714990113,741.5714285714286,58.04267723798058,1377.0
3977333714,2016-04-27,7193,5.03999996185303,5.03999996185303,0.0,0.0,0.419999986886978,4.61999988555908,0.0,0,10,176,714,1377,1551.0,1570.0,1655.0,1554.0,11388.0,11177.0,14112.0,11658.0,7.61999988555908,8.47999954223633,10.0,7.82999992370605,7.0,50.0,30.0,2.0,95.0,9.0,95.0,98.0,170.0,133.0,129.0,164.0,797.0,781.0,660.0,845.0,1592.0,55.380501984001654,1549.4285714285713,88.83853732635241,12225.666666666666,1637.0156790126728,10771.0,2565.6132470295147,8.699999809265137,1.205155684674916,7.4342855725969565,1.9015945230095244,29.0,21.517434791350016,17.428571428571427,20.065369361640155,144.0,22.60530911091463,182.57142857142858,48.66846050183883,746.0,74.90660852020993,750.0,61.61168720299754,1407.0
3977333714,2016-04-28,7114,4.88000011444092,4.88000011444092,0.0,1.37000000476837,0.28999999165535,3.22000002861023,0.0,15,8,190,804,1407,1377.0,1551.0,1570.0,1397.0,7193.0,11388.0,11177.0,6093.0,5.03999996185303,7.61999988555908,8.47999954223633,4.07999992370605,0.0,7.0,50.0,0.0,10.0,95.0,9.0,0.0,176.0,170.0,133.0,242.0,714.0,797.0,781.0,712.0,1499.3333333333333,106.36885509082693,1524.142857142857,109.99155811762493,9919.333333333334,2363.429781764912,10133.142857142857,2847.850383978029,7.0466664632161455,1.7902325793429483,7.035714149475098,2.0880760627299537,19.0,27.073972741361768,17.142857142857142,20.334113958473587,159.66666666666666,23.28805129961143,184.28571428571428,48.11345718096716,764.0,44.03407771260784,731.2857142857143,45.817443132917184,1545.0
3977333714,2016-04-29,10645,7.75,7.75,0.0,3.74000000953674,1.29999995231628,2.71000003814697,0.0,36,32,150,744,1545,1407.0,1377.0,1551.0,1481.0,7114.0,7193.0,11388.0,8911.0,4.88000011444092,5.03999996185303,7.61999988555908,5.96000003814697,15.0,0.0,7.0,33.0,8.0,10.0,95.0,12.0,190.0,176.0,170.0,188.0,804.0,714.0,797.0,731.0,1445.0,93.01612763386788,1525.5714285714287,108.11391699323012,8565.0,2445.1087910356905,10279.0,2623.7714585433437,5.846666653951009,1.5378338826209716,7.149999891008649,1.9139748197524986,7.333333333333333,7.505553499465142,19.285714285714285,18.971156050825204,178.66666666666666,10.26320287889379,176.85714285714286,41.24087200593027,771.6666666666666,50.0632932729492,744.4285714285714,52.124393338938646,1650.0
3977333714,2016-04-30,13238,9.19999980926514,9.19999980926514,0.0,3.69000005722046,2.09999990463257,3.41000008583069,0.0,43,52,194,687,1650,1545.0,1407.0,1377.0,1638.0,10645.0,7114.0,7193.0,12058.0,7.75,4.88000011444092,5.03999996185303,8.06999969482422,36.0,15.0,0.0,0.0,32.0,8.0,10.0,92.0,150.0,190.0,176.0,252.0,744.0,804.0,714.0,724.0,1443.0,89.59910713840847,1534.7142857142858,106.40913852627868,8317.333333333334,2016.205429348247,10526.714285714286,2554.0182532815297,5.890000025431316,1.6127925833285504,7.4057141712733685,1.8468879045996698,17.0,18.083141320025128,19.714285714285715,19.362457537842705,172.0,20.29778313018445,171.42857142857142,42.02323620275312,754.0,45.825756949558254,746.2857142857143,51.796764009972414,1501.0
3977333714,2016-05-01,10414,7.07000017166138,7.07000017166138,0.0,2.67000007629395,1.98000001907349,2.41000008583069,0.0,41,40,124,691,1501,1650.0,1545.0,1407.0,1655.0,13238.0,10645.0,7114.0,14112.0,9.19999980926514,7.75,4.88000011444092,10.0,43.0,36.0,15.0,30.0,52.0,32.0,8.0,95.0,194.0,150.0,190.0,129.0,687.0,744.0,804.0,660.0,1534.0,121.87288459702593,1536.4285714285713,108.42794403482459,10332.333333333334,3073.9493055893645,10695.285714285714,2706.331324523151,7.2766666412353525,2.1985524083382457,7.5671427590506415,1.9605161295001423,31.333333333333332,14.571661996262934,25.857142857142858,18.88057706946984,178.0,24.331050121192888,163.14285714285714,26.245180963550677,745.0,58.50640990524018,741.0,56.15454864330531,1760.0
3977333714,2016-05-02,16520,11.0500001907349,11.0500001907349,0.0,1.53999996185303,6.48000001907349,3.01999998092651,0.0,24,143,176,713,1760,1501.0,1650.0,1545.0,1570.0,10414.0,13238.0,10645.0,11177.0,7.07000017166138,9.19999980926514,7.75,8.47999954223633,41.0,43.0,36.0,50.0,40.0,52.0,32.0,9.0,124.0,194.0,150.0,133.0,691.0,687.0,744.0,781.0,1565.3333333333333,76.55281401315911,1514.4285714285713,95.17327556069709,11432.333333333334,1568.0128613418092,10167.0,2250.813186383979,8.00666666030884,1.0879489624672711,7.148571355002268,1.641324831730376,40.0,3.605551275464009,27.428571428571427,19.721875695591958,156.0,35.38361202590827,162.42857142857142,27.37308375550174,707.3333333333334,31.817186131606935,745.4285714285714,49.53401909414437,1710.0
3977333714,2016-05-03,14335,9.59000015258789,9.59000015258789,0.0,3.3199999332428,1.74000000953674,4.53000020980835,0.0,47,41,258,594,1710,1760.0,1501.0,1650.0,1551.0,16520.0,10414.0,13238.0,11388.0,11.0500001907349,7.07000017166138,9.19999980926514,7.61999988555908,24.0,41.0,43.0,7.0,143.0,40.0,52.0,95.0,176.0,124.0,194.0,170.0,713.0,691.0,687.0,797.0,1637.0,129.98846102635417,1541.5714285714287,133.17138974877096,13390.666666666666,3055.8614715548397,10930.285714285714,3308.051627684877,9.10666672388714,1.9916408653610125,7.515714304787778,2.18588546295747,36.0,10.440306508910558,23.714285714285715,17.026589849548902,164.66666666666666,36.350149013908236,168.57142857142858,24.323220338167534,697.0,13.999999999999583,735.7142857142857,48.040657384186254,1628.0
3977333714,2016-05-04,13559,9.4399995803833,9.4399995803833,0.0,1.80999994277954,4.57999992370605,2.89000010490417,0.0,14,96,142,852,1628,1710.0,1760.0,1501.0,1377.0,14335.0,16520.0,10414.0,7193.0,9.59000015258789,11.0500001907349,7.07000017166138,5.03999996185303,47.0,24.0,41.0,0.0,41.0,143.0,40.0,10.0,258.0,176.0,124.0,176.0,594.0,713.0,691.0,714.0,1657.0,137.3935951927891,1564.2857142857142,147.80360199232217,13756.333333333334,3093.856870208011,11351.285714285714,3554.366409281485,9.236666838328057,2.013388527130497,7.797142914363322,2.3240031340708365,37.333333333333336,11.930353445448858,29.428571428571427,17.19357576593791,186.0,67.55738301621814,181.14285714285714,41.711024008162674,666.0,63.316664473106826,706.7142857142857,63.623146431976764,1618.0
3977333714,2016-05-05,12312,8.57999992370605,8.57999992370605,0.0,1.75999999046326,4.1100001335144,2.71000003814697,0.0,14,88,178,680,1618,1628.0,1710.0,1760.0,1407.0,13559.0,14335.0,16520.0,7114.0,9.4399995803833,9.59000015258789,11.0500001907349,4.88000011444092,14.0,47.0,24.0,15.0,96.0,41.0,143.0,8.0,142.0,258.0,176.0,190.0,852.0,594.0,713.0,804.0,1699.3333333333333,66.64332924857018,1600.142857142857,123.19284147415483,14804.666666666666,1535.356744647088,12260.714285714286,3098.2350736231338,10.026666641235364,0.8894007578498895,8.425714288439076,2.030491334684916,28.333333333333332,16.92138686199608,31.428571428571427,13.648652471424207,192.0,59.632206063502295,176.28571428571428,44.30844270833827,719.6666666666666,129.1291343320063,726.4285714285714,84.28297009253443,1590.0
3977333714,2016-05-06,11677,8.27999973297119,8.27999973297119,0.0,3.10999989509583,2.50999999046326,2.67000007629395,0.0,29,55,168,676,1590,1618.0,1628.0,1710.0,1545.0,12312.0,13559.0,14335.0,10645.0,8.57999992370605,9.4399995803833,9.59000015258789,7.75,14.0,14.0,47.0,36.0,88.0,96.0,41.0,32.0,178.0,142.0,258.0,150.0,680.0,852.0,594.0,744.0,1652.0,50.47771785649578,1630.2857142857142,89.17532223232041,13402.0,1020.5973740902825,13003.285714285714,2131.0576180452126,9.203333218892412,0.5450076518557959,8.954285689762665,1.3059716262143186,25.0,19.052558883257653,31.285714285714285,13.852969425533347,192.66666666666666,59.374517541899515,174.57142857142858,43.91984040217337,708.6666666666666,131.36716992206738,708.7142857142857,78.0634662432098,1574.0
3977333714,2016-05-07,11550,7.73000001907349,7.73000001907349,0.0,0.0,4.13000011444092,3.58999991416931,0.0,0,86,208,703,1574,1590.0,1618.0,1628.0,1650.0,11677.0,12312.0,13559.0,13238.0,8.27999973297119,8.57999992370605,9.4399995803833,9.19999980926514,29.0,14.0,14.0,43.0,55.0,88.0,96.0,52.0,168.0,178.0,142.0,194.0,676.0,680.0,852.0,687.0,1612.0,19.697715603592023,1636.7142857142858,83.44002693694547,12516.0,957.4408597923873,13150.714285714286,1970.3559504385323,8.766666412353514,0.6021072952448144,9.029999937329979,1.2381168717604636,19.0,8.660254037844396,30.285714285714285,13.707835784862674,162.66666666666666,18.583146486355115,177.14285714285714,42.75288906974034,736.0,100.47885349664374,699.0,77.16648668085556,1633.0
3977333714,2016-05-08,13585,9.09000015258789,9.09000015258789,0.0,0.680000007152557,5.23999977111816,3.17000007629395,0.0,9,116,171,688,1633,1574.0,1590.0,1618.0,1501.0,11550.0,11677.0,12312.0,10414.0,7.73000001907349,8.27999973297119,8.57999992370605,7.07000017166138,0.0,29.0,14.0,41.0,86.0,55.0,88.0,40.0,208.0,168.0,178.0,124.0,703.0,676.0,680.0,691.0,1594.0,22.271057451319923,1625.857142857143,86.31807182629602,11846.333333333334,408.24788221535664,12909.57142857143,2059.18405014727,8.196666558583576,0.4310838351573635,8.819999967302598,1.3260216343104347,14.333333333333334,14.502873278538067,24.142857142857142,16.42587969667145,184.66666666666666,20.816659994661315,179.14285714285714,43.982680574019014,686.3333333333334,14.571661996262726,701.2857142857143,76.98855820989303,1667.0
3977333714,2016-05-09,14687,10.0799999237061,10.0799999237061,0.0,0.769999980926514,5.59999990463257,3.54999995231628,0.0,8,122,151,1159,1667,1633.0,1574.0,1590.0,1760.0,13585.0,11550.0,11677.0,16520.0,9.09000015258789,7.73000001907349,8.27999973297119,11.0500001907349,9.0,0.0,29.0,24.0,116.0,86.0,55.0,143.0,171.0,208.0,168.0,176.0,688.0,703.0,676.0,713.0,1599.0,30.512292604784594,1644.7142857142858,66.6801176906445,12270.666666666666,1140.0159355611306,13362.57142857143,1743.2392126099362,8.366666634877523,0.6841297060531255,9.108571393149244,1.078385118944026,12.666666666666666,14.843629385474884,19.571428571428573,15.371587890836583,182.33333333333334,22.278539748675918,185.85714285714286,37.23093951464099,689.0,13.527749258468457,700.8571428571429,77.06367188117574,1630.0
3977333714,2016-05-10,13072,8.77999973297119,8.77999973297119,0.0,0.0700000002980232,5.40000009536743,3.30999994277954,0.0,1,115,196,676,1630,1667.0,1633.0,1574.0,1710.0,14687.0,13585.0,11550.0,14335.0,10.0799999237061,9.09000015258789,7.73000001907349,9.59000015258789,8.0,9.0,0.0,47.0,122.0,116.0,86.0,41.0,151.0,171.0,208.0,258.0,1159.0,688.0,703.0,594.0,1624.6666666666667,47.05670338361288,1631.4285714285713,45.9124425504946,13274.0,1591.4562513622482,13100.714285714286,1260.8244279419714,8.966666698455827,1.1798445845213894,8.969999926430845,0.8182909061701986,5.666666666666667,4.9328828623162595,17.285714285714285,15.787276371752501,176.66666666666666,28.919428302325283,182.28571428571428,39.46607946796119,850.0,267.7069293088993,764.5714285714286,190.15945689767588,52.0
4020332650,2016-04-19,0,0.0,0.0,0.0,0.0,0.0,0.0,0.0,0,0,0,1440,1980,1995.0,1990.0,3051.0,3654.0,62.0,16.0,1982.0,8539.0,0.0399999991059303,0.0099999997764825,1.41999995708466,6.11999988555908,0.0,0.0,65.0,4.0,0.0,0.0,21.0,15.0,2.0,2.0,55.0,331.0,1438.0,1438.0,1222.0,712.0,2345.3333333333335,611.1303734337977,2519.0,690.3861238466485,686.6666666666666,1122.0273318120776,1798.4285714285713,3102.690115429021,0.48999998532235756,0.8055432704692866,1.288571409082839,2.2240535293031347,21.666666666666668,37.527767497325684,15.0,25.696951829610715,19.666666666666668,30.599564267050287,68.57142857142857,120.59416395892623,1366.0,124.70765814495921,1283.7142857142858,266.59251945351247,1980.0
4020332650,2016-04-20,0,0.0,0.0,0.0,0.0,0.0,0.0,0.0,0,0,0,1440,1980,1980.0,1995.0,1990.0,1981.0,0.0,62.0,16.0,0.0,0.0,0.0399999991059303,0.0099999997764825,0.0,0.0,0.0,0.0,0.0,0.0,0.0,0.0,0.0,0.0,2.0,2.0,0.0,1440.0,1438.0,1438.0,1440.0,1988.3333333333333,7.6376261581829015,2279.8571428571427,493.58701649976825,26.0,32.18695387880406,578.5714285714286,925.814750574298,0.0166666662941376,0.02081665952937332,0.41428571114582763,0.6640245212482907,0.0,0.0,14.428571428571429,26.024713529368857,1.3333333333333333,1.1547005383827076,21.285714285714285,35.212281407269835,1438.6666666666667,1.1547005383839446,1387.7142857142858,89.70825730428285,1980.0
4020332650,2016-04-21,0,0.0,0.0,0.0,0.0,0.0,0.0,0.0,0,0,0,1440,1980,1980.0,1980.0,1995.0,2011.0,0.0,0.0,62.0,108.0,0.0,0.0,0.0399999991059303,0.0799999982118607,0.0,0.0,0.0,0.0,0.0,0.0,0.0,0.0,0.0,0.0,2.0,3.0,1440.0,1440.0,1438.0,1437.0,1985.0,8.660254037776205,2279.714285714286,493.68806422872365,20.666666666666668,35.79571668970447,578.5714285714286,925.814750574298,0.0133333330353101,0.02309401025139419,0.41428571114582763,0.6640245212482906,0.0,0.0,14.428571428571429,26.024713529368857,0.6666666666666666,1.1547005383827178,21.285714285714285,35.212281407269835,1439.3333333333333,1.1547005383839446,1387.7142857142858,89.70825730428285,1980.0
4020332650,2016-04-22,0,0.0,0.0,0.0,0.0,0.0,0.0,0.0,0,0,0,1440,1980,1980.0,1980.0,1980.0,2951.0,0.0,0.0,0.0,1882.0,0.0,0.0,0.0,1.35000002384186,0.0,0.0,0.0,36.0,0.0,0.0,0.0,18.0,0.0,0.0,0.0,87.0,1440.0,1440.0,1440.0,1299.0,1980.0,0.0,2275.285714285714,496.63055157924424,0.0,0.0,563.1428571428571,935.8097079662119,0.0,0.0,0.40285713997270467,0.6713844919056626,0.0,0.0,14.428571428571429,26.024713529368857,0.0,0.0,20.857142857142858,35.48909960080968,1440.0,0.0,1388.142857142857,89.98968194822586,1980.0
4020332650,2016-04-23,0,0.0,0.0,0.0,0.0,0.0,0.0,0.0,0,0,0,1440,1980,1980.0,1980.0,1980.0,3051.0,0.0,0.0,0.0,1982.0,0.0,0.0,0.0,1.41999995708466,0.0,0.0,0.0,65.0,0.0,0.0,0.0,21.0,0.0,0.0,0.0,55.0,1440.0,1440.0,1440.0,1222.0,1980.0,0.0,2136.5714285714284,403.27073500848695,0.0,0.0,294.2857142857143,744.5575228025716,0.0,0.0,0.2099999937095818,0.5337602296503344,0.0,0.0,9.285714285714286,24.56769074559977,0.0,0.0,8.428571428571429,20.557700445795167,1440.0,0.0,1408.2857142857142,82.14968915687642,1980.0
4020332650,2016-04-24,0,0.0,0.0,0.0,0.0,0.0,0.0,0.0,0,0,0,1440,1980,1980.0,1980.0,1980.0,1990.0,0.0,0.0,0.0,16.0,0.0,0.0,0.0,0.0099999997764825,0.0,0.0,0.0,0.0,0.0,0.0,0.0,0.0,0.0,0.0,0.0,2.0,1440.0,1440.0,1440.0,1438.0,1980.0,0.0,1983.5714285714287,6.26783170524499,0.0,0.0,11.142857142857142,23.205089753611432,0.0,0.0,0.0071428569832018285,0.014960264496459073,0.0,0.0,0.0,0.0,0.0,0.0,0.5714285714285714,0.9759000729480798,1440.0,0.0,1439.4285714285713,0.9759000729468855,1980.0
4020332650,2016-04-25,0,0.0,0.0,0.0,0.0,0.0,0.0,0.0,0,0,0,1440,1980,1980.0,1980.0,1980.0,1995.0,0.0,0.0,0.0,62.0,0.0,0.0,0.0,0.0399999991059303,0.0,0.0,0.0,0.0,0.0,0.0,0.0,0.0,0.0,0.0,0.0,2.0,1440.0,1440.0,1440.0,1438.0,1980.0,0.0,1982.142857142857,5.669467095099555,0.0,0.0,8.857142857142858,23.433797326507435,0.0,0.0,0.005714285586561472,0.015118578582427804,0.0,0.0,0.0,0.0,0.0,0.0,0.2857142857142857,0.7559289460178674,1440.0,0.0,1439.7142857142858,0.7559289460163799,1980.0
4020332650,2016-04-26,0,0.0,0.0,0.0,0.0,0.0,0.0,0.0,0,0,0,1440,1980,1980.0,1980.0,1980.0,1980.0,0.0,0.0,0.0,0.0,0.0,0.0,0.0,0.0,0.0,0.0,0.0,0.0,0.0,0.0,0.0,0.0,0.0,0.0,0.0,0.0,1440.0,1440.0,1440.0,1440.0,1980.0,0.0,1980.0,0.0,0.0,0.0,0.0,0.0,0.0,0.0,0.0,0.0,0.0,0.0,0.0,0.0,0.0,0.0,0.0,0.0,1440.0,0.0,1440.0,0.0,1980.0
4020332650,2016-04-27,0,0.0,0.0,0.0,0.0,0.0,0.0,0.0,0,0,0,1440,1980,1980.0,1980.0,1980.0,1980.0,0.0,0.0,0.0,0.0,0.0,0.0,0.0,0.0,0.0,0.0,0.0,0.0,0.0,0.0,0.0,0.0,0.0,0.0,0.0,0.0,1440.0,1440.0,1440.0,1440.0,1980.0,0.0,1980.0,0.0,0.0,0.0,0.0,0.0,0.0,0.0,0.0,0.0,0.0,0.0,0.0,0.0,0.0,0.0,0.0,0.0,1440.0,0.0,1440.0,0.0,1980.0
4020332650,2016-04-28,0,0.0,0.0,0.0,0.0,0.0,0.0,0.0,0,0,0,1440,1980,1980.0,1980.0,1980.0,1980.0,0.0,0.0,0.0,0.0,0.0,0.0,0.0,0.0,0.0,0.0,0.0,0.0,0.0,0.0,0.0,0.0,0.0,0.0,0.0,0.0,1440.0,1440.0,1440.0,1440.0,1980.0,0.0,1980.0,0.0,0.0,0.0,0.0,0.0,0.0,0.0,0.0,0.0,0.0,0.0,0.0,0.0,0.0,0.0,0.0,0.0,1440.0,0.0,1440.0,0.0,1980.0
4020332650,2016-04-29,0,0.0,0.0,0.0,0.0,0.0,0.0,0.0,0,0,0,1440,1980,1980.0,1980.0,1980.0,1980.0,0.0,0.0,0.0,0.0,0.0,0.0,0.0,0.0,0.0,0.0,0.0,0.0,0.0,0.0,0.0,0.0,0.0,0.0,0.0,0.0,1440.0,1440.0,1440.0,1440.0,1980.0,0.0,1980.0,0.0,0.0,0.0,0.0,0.0,0.0,0.0,0.0,0.0,0.0,0.0,0.0,0.0,0.0,0.0,0.0,0.0,1440.0,0.0,1440.0,0.0,1980.0
4020332650,2016-04-30,0,0.0,0.0,0.0,0.0,0.0,0.0,0.0,0,0,0,1440,1980,1980.0,1980.0,1980.0,1980.0,0.0,0.0,0.0,0.0,0.0,0.0,0.0,0.0,0.0,0.0,0.0,0.0,0.0,0.0,0.0,0.0,0.0,0.0,0.0,0.0,1440.0,1440.0,1440.0,1440.0,1980.0,0.0,1980.0,0.0,0.0,0.0,0.0,0.0,0.0,0.0,0.0,0.0,0.0,0.0,0.0,0.0,0.0,0.0,0.0,0.0,1440.0,0.0,1440.0,0.0,1980.0
4020332650,2016-05-01,0,0.0,0.0,0.0,0.0,0.0,0.0,0.0,0,0,0,1440,1980,1980.0,1980.0,1980.0,1980.0,0.0,0.0,0.0,0.0,0.0,0.0,0.0,0.0,0.0,0.0,0.0,0.0,0.0,0.0,0.0,0.0,0.0,0.0,0.0,0.0,1440.0,1440.0,1440.0,1440.0,1980.0,0.0,1980.0,0.0,0.0,0.0,0.0,0.0,0.0,0.0,0.0,0.0,0.0,0.0,0.0,0.0,0.0,0.0,0.0,0.0,1440.0,0.0,1440.0,0.0,2207.0
4020332650,2016-05-02,475,0.340000003576279,0.340000003576279,0.0,0.0,0.0399999991059303,0.28999999165535,0.0,0,11,31,1350,2207,1980.0,1980.0,1980.0,1980.0,0.0,0.0,0.0,0.0,0.0,0.0,0.0,0.0,0.0,0.0,0.0,0.0,0.0,0.0,0.0,0.0,0.0,0.0,0.0,0.0,1440.0,1440.0,1440.0,1440.0,1980.0,0.0,1980.0,0.0,0.0,0.0,0.0,0.0,0.0,0.0,0.0,0.0,0.0,0.0,0.0,0.0,0.0,0.0,0.0,0.0,1440.0,0.0,1440.0,0.0,2828.0
4020332650,2016-05-03,4496,3.22000002861023,3.22000002861023,0.0,0.0,0.0,3.15000009536743,0.0500000007450581,0,0,174,950,2828,2207.0,1980.0,1980.0,1980.0,475.0,0.0,0.0,0.0,0.340000003576279,0.0,0.0,0.0,0.0,0.0,0.0,0.0,11.0,0.0,0.0,0.0,31.0,0.0,0.0,0.0,1350.0,1440.0,1440.0,1440.0,2055.6666666666665,131.05851110604104,2012.4285714285713,85.79793537309207,158.33333333333334,274.2413778650657,67.85714285714286,179.53312467937462,0.11333333452542634,0.1962990935892385,0.048571429082325576,0.12850792217484197,0.0,0.0,0.0,0.0,10.333333333333334,17.897858344878614,4.428571428571429,11.716898663286008,1410.0,51.96152422706643,1427.142857142857,34.01680257083031,3879.0
4020332650,2016-05-04,10252,7.34999990463257,7.34999990463257,0.0,0.670000016689301,1.03999996185303,5.57999992370605,0.0,13,46,346,531,3879,2828.0,2207.0,1980.0,1980.0,4496.0,475.0,0.0,0.0,3.22000002861023,0.340000003576279,0.0,0.0,0.0,0.0,0.0,0.0,0.0,11.0,0.0,0.0,174.0,31.0,0.0,0.0,950.0,1350.0,1440.0,1440.0,2338.3333333333335,438.99012897026836,2133.5714285714284,317.68530400531904,1657.0,2470.0904841725937,710.1428571428571,1678.765461936382,1.186666677395503,1.7691052508201857,0.5085714331695013,1.2023231587381977,0.0,0.0,0.0,0.0,68.33333333333333,92.81343293582744,29.285714285714285,64.85037724309265,1246.6666666666667,260.8320021265285,1357.142857142857,182.6393792618197,3429.0
4020332650,2016-05-05,11728,8.43000030517578,8.43000030517578,0.0,2.61999988555908,1.67999994754791,4.03999996185303,0.0700000002980232,38,42,196,916,3429,3879.0,2828.0,2207.0,1980.0,10252.0,4496.0,475.0,0.0,7.34999990463257,3.22000002861023,0.340000003576279,0.0,13.0,0.0,0.0,0.0,46.0,0.0,11.0,0.0,346.0,174.0,31.0,0.0,531.0,950.0,1350.0,1440.0,2971.3333333333335,845.1652698338557,2404.8571428571427,720.3365946026963,5074.333333333333,4914.090387175773,2174.714285714286,3925.0789679650907,3.63666664560636,3.523525642803179,1.5585714195455829,2.813730758738008,4.333333333333333,7.505553499465176,1.8571428571428572,4.913538149119955,183.66666666666666,157.722329850067,78.71428571428571,133.90383898618478,943.6666666666666,409.53673013947525,1227.2857142857142,355.3752543841106,2704.0
4020332650,2016-05-06,4369,3.13000011444092,3.13000011444092,0.0,0.0,0.0,3.09999990463257,0.0099999997764825,0,0,177,855,2704,3429.0,3879.0,2828.0,1980.0,11728.0,10252.0,4496.0,0.0,8.43000030517578,7.34999990463257,3.22000002861023,0.0,38.0,13.0,0.0,0.0,42.0,46.0,0.0,0.0,196.0,346.0,174.0,0.0,916.0,531.0,950.0,1440.0,3378.6666666666665,527.3047822022241,2611.8571428571427,783.3401620776311,8825.333333333334,3821.254942205944,3850.1428571428573,5153.056194420661,6.333333412806193,2.749769769845321,2.7628571774278368,3.699949221498242,17.0,19.313207915827977,7.285714285714286,14.384184436552596,238.66666666666666,93.60199428074881,106.71428571428571,135.187171834355,799.0,232.71656580484344,1152.4285714285713,358.2772935138632,2975.0
4020332650,2016-05-07,6132,4.40000009536743,4.40000009536743,0.0,0.0,0.0,3.57999992370605,0.0,0,0,184,1256,2975,2704.0,3429.0,3879.0,1980.0,4369.0,11728.0,10252.0,0.0,3.13000011444092,8.43000030517578,7.34999990463257,0.0,0.0,38.0,13.0,0.0,0.0,42.0,46.0,0.0,177.0,196.0,346.0,0.0,855.0,916.0,531.0,1440.0,3337.3333333333335,592.8392137277483,2715.285714285714,732.1310707529797,8783.0,3893.2237284800394,4474.285714285715,4865.5705631263745,6.303333441416424,2.800738031191677,3.210000050919397,3.493794555067759,17.0,19.313207915827977,7.285714285714286,14.384184436552596,239.66666666666666,92.57609482654435,132.0,128.27704393226404,767.3333333333334,206.93074525872987,1068.857142857143,348.1026805275649,3089.0
4020332650,2016-05-08,5862,4.19999980926514,4.19999980926514,0.0,0.0,0.0,4.15000009536743,0.0,0,0,263,775,3089,2975.0,2704.0,3429.0,1980.0,6132.0,4369.0,11728.0,0.0,4.40000009536743,3.13000011444092,8.43000030517578,0.0,0.0,0.0,38.0,0.0,0.0,0.0,42.0,0.0,184.0,177.0,196.0,0.0,1256.0,855.0,916.0,1440.0,3036.0,366.32908702422327,2857.4285714285716,658.466617008247,7409.666666666667,3842.270726189573,5350.285714285715,4460.938119360311,5.320000171661376,2.7671827931549866,3.838571493114744,3.2037969070933565,12.666666666666666,21.93931022920579,7.285714285714286,14.384184436552596,185.66666666666666,9.609023536932954,158.28571428571428,114.87197843064874,1009.0,216.07174734333043,1042.5714285714287,321.3232314159976,2785.0
4020332650,2016-05-09,4556,3.26999998092651,3.26999998092651,0.0,0.200000002980232,0.119999997317791,2.94000005722046,0.0,3,5,173,1225,2785,3089.0,2975.0,2704.0,2207.0,5862.0,6132.0,4369.0,475.0,4.19999980926514,4.40000009536743,3.13000011444092,0.340000003576279,0.0,0.0,0.0,0.0,0.0,0.0,0.0,11.0,263.0,184.0,177.0,31.0,775.0,1256.0,855.0,1350.0,2922.6666666666665,197.76332656317783,3015.8571428571427,533.7784898162122,5454.333333333333,949.5716578191135,6187.714285714285,3788.735528479378,3.91000000635783,0.6828615541623628,4.438571465866906,2.7221892929604086,0.0,0.0,7.285714285714286,14.384184436552596,208.0,47.759815745038196,195.85714285714286,95.91911274858722,962.0,257.7343593702633,947.5714285714286,279.8695274247484,2926.0
4020332650,2016-05-10,5546,3.98000001907349,3.98000001907349,0.0,0.0,0.0,3.86999988555908,0.0399999991059303,0,0,206,774,2926,2785.0,3089.0,2975.0,2828.0,4556.0,5862.0,6132.0,4496.0,3.26999998092651,4.19999980926514,4.40000009536743,3.22000002861023,3.0,0.0,0.0,0.0,5.0,0.0,0.0,0.0,173.0,263.0,184.0,174.0,1225.0,775.0,1256.0,950.0,2949.6666666666665,153.57517160444317,3098.4285714285716,420.48299892023283,5516.666666666667,842.8435995683539,6770.714285714285,2993.750864399916,3.9566666285196934,0.6030201839888033,4.857142891202654,2.1526241465325215,1.0,1.7320508075691163,7.714285714285714,14.174087692150135,206.66666666666666,49.095145720665,216.14285714285714,65.40496558985045,1085.3333333333333,269.2031451029749,929.7142857142857,252.56927385419968,2645.0
4020332650,2016-05-11,3689,2.65000009536743,2.65000009536743,0.0,0.109999999403954,0.170000001788139,2.32999992370605,0.0,2,8,134,1296,2645,2926.0,2785.0,3089.0,3879.0,5546.0,4556.0,5862.0,10252.0,3.98000001907349,3.26999998092651,4.19999980926514,7.34999990463257,0.0,3.0,0.0,13.0,0.0,5.0,0.0,46.0,206.0,173.0,263.0,346.0,774.0,1225.0,775.0,531.0,2933.3333333333335,152.13261758523097,3112.4285714285716,411.5142189292522,5321.333333333333,681.3701881747827,6920.714285714285,2885.1159834736704,3.8166666030883802,0.4860383459774433,4.965714318411691,2.0740207681118425,1.0,1.7320508075691163,7.714285714285714,14.174087692150135,214.0,45.53020975132882,220.71428571428572,63.044202180465625,924.6666666666666,260.09677686071643,904.5714285714286,258.89435241867545,1120.0
4319703577,2016-04-19,8925,5.98999977111816,5.98999977111816,0.0,0.0,0.0,5.98999977111816,0.0,0,0,311,604,2200,1632.0,1464.0,1884.0,2115.0,2276.0,29.0,4744.0,7753.0,1.54999995231628,0.0199999995529652,3.1800000667572,5.19999980926514,1.0,0.0,0.0,0.0,9.0,0.0,0.0,0.0,58.0,3.0,194.0,0.0,824.0,1363.0,724.0,1440.0,1660.0,211.39536418758104,1931.0,296.0090088719147,2349.6666666666665,2358.363062239004,5554.285714285715,3546.7249077745755,1.5833333395421485,1.5802637255251561,3.7328571278069695,2.381881019596053,0.3333333333333333,0.5773502691896258,1.4285714285714286,2.9358214555806383,85.0,98.32090316916339,131.14285714285714,126.97825085610603,970.3333333333334,343.71548311551726,989.4285714285714,345.6683657027629,2220.0
4319703577,2016-04-20,8954,6.01000022888184,6.01000022888184,0.0,0.0,0.680000007152557,5.30999994277954,0.0,0,18,306,671,2220,2200.0,1632.0,1464.0,2135.0,8925.0,2276.0,29.0,8204.0,5.98999977111816,1.54999995231628,0.0199999995529652,5.5,0.0,1.0,0.0,8.0,0.0,9.0,0.0,15.0,311.0,58.0,3.0,96.0,604.0,824.0,1363.0,1234.0,1765.3333333333333,385.69072238431323,1943.142857142857,306.3769076216572,3743.3333333333335,4625.959828331125,5721.714285714285,3692.4853741206935,2.519999907662468,3.1009513464662453,3.8457142652145433,2.4796898757479844,0.3333333333333333,0.5773502691896258,1.4285714285714286,2.9358214555806383,124.0,164.26502975374888,175.57142857142858,127.84998649831391,930.3333333333334,390.5129105846994,870.0,306.21833169597585,1792.0
4319703577,2016-04-21,3702,2.48000001907349,2.48000001907349,0.0,0.0,0.0,0.349999994039536,0.0,0,0,34,1265,1792,2220.0,2200.0,1632.0,2302.0,8954.0,8925.0,2276.0,10210.0,6.01000022888184,5.98999977111816,1.54999995231628,6.88000011444092,0.0,0.0,1.0,1.0,18.0,0.0,9.0,9.0,306.0,311.0,58.0,339.0,671.0,604.0,824.0,589.0,2017.3333333333333,333.8582533551229,1955.2857142857142,316.756854325056,6718.333333333333,3847.2008439036995,5828.857142857143,3786.2087646514965,4.516666650772094,2.5692281874860248,3.9185714407690924,2.5430784017055146,0.3333333333333333,0.5773502691896258,0.2857142857142857,0.4879500364742682,225.0,144.64784823840276,205.57142857142858,130.67371215213507,699.6666666666666,112.76672085918544,789.5714285714286,265.97046022873616,1886.0
4319703577,2016-04-22,4500,3.01999998092651,3.01999998092651,0.0,0.0599999986588955,0.810000002384186,2.15000009536743,0.0,1,19,176,709,1886,1792.0,2220.0,2200.0,1985.0,3702.0,8954.0,8925.0,5664.0,2.48000001907349,6.01000022888184,5.98999977111816,3.79999995231628,0.0,0.0,0.0,0.0,0.0,18.0,0.0,0.0,34.0,306.0,311.0,228.0,1265.0,671.0,604.0,752.0,2070.6666666666665,241.53950677546192,1882.4285714285713,280.26883352884425,7193.666666666667,3023.9067997101597,4899.142857142857,3298.757060296673,4.826666673024497,2.03229754050727,3.289999998573745,2.21122892240926,0.0,0.0,0.14285714285714285,0.37796447300922936,217.0,158.5023659129415,162.0,129.61352810052918,846.6666666666666,363.8328370740242,886.1428571428571,301.3754184686317,1945.0
4319703577,2016-04-23,4935,3.30999994277954,3.30999994277954,0.0,0.0,0.0,3.30999994277954,0.0,0,0,233,546,1945,1886.0,1792.0,2220.0,1884.0,4500.0,3702.0,8954.0,4744.0,3.01999998092651,2.48000001907349,6.01000022888184,3.1800000667572,1.0,0.0,0.0,0.0,19.0,0.0,18.0,0.0,176.0,34.0,306.0,194.0,709.0,1265.0,671.0,724.0,1966.0,224.93554632383035,1868.2857142857142,276.70544765491104,5718.666666666667,2830.1479348849134,4732.857142857143,3283.0763230325833,3.8366667429606136,1.901429415063888,3.178571431232349,2.2008742907145304,0.3333333333333333,0.5773502691896258,0.2857142857142857,0.4879500364742682,172.0,136.04411049361897,154.57142857142858,126.65682919192467,881.6666666666666,332.51967360343275,880.0,304.981966679999,1880.0
4319703577,2016-04-24,4081,2.74000000953674,2.74000000953674,0.0,0.0599999986588955,0.200000002980232,2.47000002861023,0.0,1,5,191,692,1880,1945.0,1886.0,1792.0,1464.0,4935.0,4500.0,3702.0,29.0,3.30999994277954,3.01999998092651,2.48000001907349,0.0199999995529652,0.0,1.0,0.0,0.0,0.0,19.0,0.0,0.0,233.0,176.0,34.0,3.0,546.0,709.0,1265.0,1363.0,1874.3333333333333,77.16432681837698,1877.0,278.2391058064987,4379.0,625.3423062611448,4760.142857142857,3283.977944940731,2.93666664759318,0.4212283248682891,3.1971428420926835,2.2014367654143423,0.3333333333333333,0.5773502691896258,0.2857142857142857,0.4879500364742682,147.66666666666666,102.48089252798955,160.14285714285714,129.50602118747037,840.0,376.9761265650653,854.5714285714286,326.7970099530988,2314.0
4319703577,2016-04-25,9259,6.21000003814697,6.21000003814697,0.0,0.0,0.280000001192093,5.92999982833862,0.0,0,8,390,544,2314,1880.0,1945.0,1886.0,1632.0,4081.0,4935.0,4500.0,2276.0,2.74000000953674,3.30999994277954,3.01999998092651,1.54999995231628,1.0,0.0,1.0,1.0,5.0,0.0,19.0,9.0,191.0,233.0,176.0,58.0,692.0,546.0,709.0,824.0,1903.6666666666667,35.92121007612797,1936.4285714285713,211.82528739730859,4505.333333333333,427.0249797533403,5339.0,2596.120824101478,3.0233333110809304,0.2850145861033037,3.585714272090365,1.7385708511442461,0.6666666666666666,0.5773502691896258,0.42857142857142855,0.5345224838248502,200.0,29.546573405388383,187.0,109.42272768183645,649.0,89.6046873773918,758.7142857142857,239.57859829689457,2236.0
4319703577,2016-04-26,9899,6.6399998664856,6.6399998664856,0.0,0.569999992847443,0.920000016689301,5.15000009536743,0.0,8,21,288,649,2236,2314.0,1880.0,1945.0,2200.0,9259.0,4081.0,4935.0,8925.0,6.21000003814697,2.74000000953674,3.30999994277954,5.98999977111816,0.0,1.0,0.0,0.0,8.0,5.0,0.0,0.0,390.0,191.0,233.0,311.0,544.0,692.0,546.0,604.0,2046.3333333333333,234.07335032705763,2033.857142857143,205.20593605077866,6091.666666666667,2776.0276175379345,6336.571428571428,2564.418378316537,4.08666666348775,1.8608152637837216,4.251428570066179,1.7212537064195674,0.3333333333333333,0.5773502691896257,0.2857142857142857,0.4879500364742682,271.3333333333333,104.89200795739077,234.42857142857142,115.94662154465327,594.0,84.87638069569246,718.7142857142857,250.0091426899653,2324.0
4319703577,2016-04-27,10780,7.23000001907349,7.23000001907349,0.0,0.409999996423721,1.91999995708466,4.90999984741211,0.0,6,47,300,680,2324,2236.0,2314.0,1880.0,2220.0,9899.0,9259.0,4081.0,8954.0,6.6399998664856,6.21000003814697,2.74000000953674,6.01000022888184,8.0,0.0,1.0,0.0,21.0,8.0,5.0,18.0,288.0,390.0,191.0,306.0,649.0,544.0,692.0,671.0,2143.3333333333335,231.36407096464552,2039.0,210.4479349704658,7746.333333333333,3190.360690162374,6475.714285714285,2748.116307235783,5.1966666380564375,2.1383716131333586,4.344285726547242,1.8438443439167065,3.0,4.358898943540674,1.4285714285714286,2.9358214555806383,289.6666666666667,99.51046846102841,231.14285714285714,113.71957991983115,628.3333333333334,76.13365440679601,725.1428571428571,247.12980972991272,2367.0
4319703577,2016-04-28,10817,7.28000020980835,7.28000020980835,0.0,1.00999999046326,0.330000013113022,5.94000005722046,0.0,13,8,359,552,2367,2324.0,2236.0,2314.0,1792.0,10780.0,9899.0,9259.0,3702.0,7.23000001907349,6.6399998664856,6.21000003814697,2.48000001907349,6.0,8.0,0.0,0.0,47.0,21.0,8.0,0.0,300.0,288.0,390.0,34.0,680.0,649.0,544.0,1265.0,2291.3333333333335,48.180217240415885,2053.8571428571427,228.27208076578913,9979.333333333334,763.6755419242785,6736.571428571428,3088.1901310823278,6.69333330790202,0.5120872310969231,4.518571410860335,2.071178628384849,4.666666666666667,4.163331998932265,2.2857142857142856,3.3022358947782493,326.0,55.74943945906536,230.28571428571428,113.08214460546561,624.3333333333334,71.27645707618645,726.4285714285714,246.8244025907603,2175.0
4319703577,2016-04-29,7990,5.3600001335144,5.3600001335144,0.0,0.449999988079071,0.790000021457672,4.11999988555908,0.0,6,18,289,624,2175,2367.0,2324.0,2236.0,1886.0,10817.0,10780.0,9899.0,4500.0,7.28000020980835,7.23000001907349,6.6399998664856,3.01999998092651,13.0,6.0,8.0,1.0,8.0,47.0,21.0,19.0,359.0,300.0,288.0,176.0,552.0,680.0,649.0,709.0,2309.0,66.77574409918887,2136.0,221.7002480828568,10498.666666666666,519.6559759430659,7753.0,3093.8351065735005,7.050000031789147,0.355949584112808,5.204285723822458,2.0783395745686337,9.0,3.6055512754639887,4.142857142857143,5.0142653642240695,315.6666666666667,38.004385711827084,276.7142857142857,81.31771903202545,627.0,66.77574409918705,624.5714285714286,74.471151333603,2092.0
4319703577,2016-04-30,8221,5.51999998092651,5.51999998092651,0.0,0.400000005960464,1.61000001430511,3.50999999046326,0.0,6,38,196,695,2092,2175.0,2367.0,2324.0,1945.0,7990.0,10817.0,10780.0,4935.0,5.3600001335144,7.28000020980835,7.23000001907349,3.30999994277954,6.0,13.0,6.0,0.0,18.0,8.0,47.0,0.0,289.0,359.0,300.0,233.0,624.0,552.0,680.0,546.0,2288.6666666666665,100.75878787149855,2177.285714285714,192.35186012939525,9862.333333333334,1621.5937633492988,8251.57142857143,2743.630189921305,6.62333345413208,1.0943643424406473,5.538571459906441,1.8433613509307532,8.333333333333334,4.04145188432738,4.857142857142857,4.845223470201398,316.0,37.64306044943733,292.85714285714283,68.14061092434426,618.6666666666666,64.16645021608603,612.4285714285714,64.69893647466242,1593.0
4319703577,2016-05-01,1251,0.839999973773956,0.839999973773956,0.0,0.0,0.0,0.839999973773956,0.0,0,0,67,836,1593,2092.0,2175.0,2367.0,1880.0,8221.0,7990.0,10817.0,4081.0,5.51999998092651,5.3600001335144,7.28000020980835,2.74000000953674,6.0,6.0,13.0,1.0,38.0,18.0,8.0,5.0,196.0,289.0,359.0,191.0,695.0,624.0,552.0,692.0,2211.3333333333335,141.05436304252873,2198.285714285714,169.42325134183463,9009.333333333334,1569.7402120520906,8721.0,2331.8013780480237,6.05333344141642,1.0653325810754122,5.854285751070294,1.5665233117745194,8.333333333333334,4.04145188432738,5.714285714285714,4.347960660443228,281.3333333333333,81.77000264970843,287.57142857142856,74.67899558076813,623.6666666666666,71.50058274820876,633.7142857142857,63.704302015155235,2270.0
4319703577,2016-05-02,9261,6.23999977111816,6.23999977111816,0.0,0.0,0.439999997615814,5.71000003814697,0.0,0,11,344,585,2270,1593.0,2092.0,2175.0,2314.0,1251.0,8221.0,7990.0,9259.0,0.839999973773956,5.51999998092651,5.3600001335144,6.21000003814697,0.0,6.0,6.0,0.0,0.0,38.0,18.0,8.0,67.0,196.0,289.0,390.0,836.0,695.0,624.0,544.0,1953.3333333333333,314.8052307909337,2157.285714285714,266.3091651231172,5820.666666666667,3959.1325228303926,8316.714285714286,3310.3614462414675,3.906666696071623,2.6570159158403452,5.582857174532754,2.223081329646864,4.0,3.464101615137755,5.571428571428571,4.540820148282425,184.0,111.48542505637221,269.85714285714283,108.46724324487491,718.3333333333334,107.90891220531067,654.2857142857143,99.08702283971452,2235.0
4319703577,2016-05-03,9648,6.46999979019165,6.46999979019165,0.0,0.579999983310699,1.07000005245209,4.82999992370605,0.0,8,26,287,669,2235,2270.0,1593.0,2092.0,2236.0,9261.0,1251.0,8221.0,9899.0,6.23999977111816,0.839999973773956,5.51999998092651,6.6399998664856,0.0,0.0,6.0,8.0,11.0,0.0,38.0,21.0,344.0,67.0,196.0,288.0,585.0,836.0,695.0,649.0,1985.0,350.95441299405223,2151.0,262.4855551581209,6244.333333333333,4355.5060938234665,8317.0,3310.4564136485264,4.199999908606209,2.932029944598718,5.587142850671495,2.2245202943957687,2.0,3.464101615137755,5.571428571428571,4.540820148282425,202.33333333333334,138.60856154413162,263.2857142857143,101.11991937911193,705.3333333333334,125.81865256524347,660.1428571428571,92.47238970169892,2282.0
4319703577,2016-05-04,10429,7.01999998092651,7.01999998092651,0.0,0.589999973773956,0.579999983310699,5.84999990463257,0.0,8,13,313,1106,2282,2235.0,2270.0,1593.0,2324.0,9648.0,9261.0,1251.0,10780.0,6.46999979019165,6.23999977111816,0.839999973773956,7.23000001907349,8.0,0.0,0.0,6.0,26.0,11.0,0.0,47.0,287.0,344.0,67.0,300.0,669.0,585.0,836.0,680.0,2032.6666666666667,381.16444395212574,2150.8571428571427,262.4318505640587,6720.0,4740.24398106258,8281.142857142857,3291.7717331031836,4.516666511694589,3.1861626803244714,5.562857125486645,2.212002981683021,2.6666666666666665,4.618802153517007,5.571428571428571,4.540820148282425,232.66666666666666,146.27485543774543,263.14285714285717,101.079883543378,696.6666666666666,127.76671449690426,663.0,92.37965143904805,2530.0
4319703577,2016-05-05,13658,9.48999977111816,9.48999977111816,0.0,2.63000011444092,1.4099999666214,5.44999980926514,0.0,27,34,328,957,2530,2282.0,2235.0,2270.0,2367.0,10429.0,9648.0,9261.0,10817.0,7.01999998092651,6.46999979019165,6.23999977111816,7.28000020980835,8.0,8.0,0.0,13.0,13.0,26.0,11.0,8.0,313.0,287.0,344.0,359.0,1106.0,669.0,585.0,552.0,2262.3333333333335,24.419937209862262,2144.8571428571427,258.26048127903044,9779.333333333334,594.9725483863466,8231.0,3249.7684532901717,6.576666514078774,0.4007909982944674,5.532857120037077,2.18690584376957,5.333333333333333,4.618802153517007,5.857142857142857,4.634241089562614,314.6666666666667,28.536526301099194,265.0,101.98529305738157,786.6666666666666,279.7218856888632,723.8571428571429,192.02380804770763,2266.0
4319703577,2016-05-06,9524,6.42000007629395,6.42000007629395,0.0,0.409999996423721,0.469999998807907,5.46000003814697,0.0,6,11,314,692,2266,2530.0,2282.0,2235.0,2175.0,13658.0,10429.0,9648.0,7990.0,9.48999977111816,7.01999998092651,6.46999979019165,5.3600001335144,27.0,8.0,8.0,6.0,34.0,13.0,26.0,18.0,328.0,313.0,287.0,289.0,957.0,1106.0,669.0,624.0,2349.0,158.50236591294282,2168.1428571428573,287.3391889802187,11245.0,2125.892048058887,8636.857142857143,3763.373107048667,7.659999847412107,1.608508577230851,5.848571343081335,2.6014125556295826,14.333333333333334,10.96965511460289,7.857142857142857,9.099973835650509,309.3333333333333,20.744477176668656,260.57142857142856,97.81079889742432,910.6666666666666,222.15385059308213,781.7142857142857,192.62546931434437,2158.0
4319703577,2016-05-07,7937,5.32999992370605,5.32999992370605,0.0,0.189999997615814,1.04999995231628,4.07999992370605,0.0,3,28,279,586,2158,2266.0,2530.0,2282.0,2092.0,9524.0,13658.0,10429.0,8221.0,6.42000007629395,9.48999977111816,7.01999998092651,5.51999998092651,6.0,27.0,8.0,6.0,11.0,34.0,13.0,38.0,314.0,328.0,313.0,196.0,692.0,957.0,1106.0,695.0,2359.3333333333335,148.01801692136584,2181.1428571428573,289.74956345749666,11203.666666666666,2173.1475636351397,8856.0,3764.091213914278,7.643333276112873,1.627154826444338,5.999999906335558,2.599083120687692,13.666666666666666,11.590225767142474,7.857142857142857,9.099973835650509,318.3333333333333,8.386497083605706,264.14285714285717,99.46427930238504,918.3333333333334,209.6910425681876,791.4285714285714,184.90615380318124,1792.0
4319703577,2016-05-08,3672,2.46000003814697,2.46000003814697,0.0,0.0,0.0,2.46000003814697,0.0,0,0,153,603,1792,2158.0,2266.0,2530.0,1593.0,7937.0,9524.0,13658.0,1251.0,5.32999992370605,6.42000007629395,9.48999977111816,0.839999973773956,3.0,6.0,27.0,0.0,28.0,11.0,34.0,0.0,279.0,314.0,328.0,67.0,586.0,692.0,957.0,836.0,2318.0,191.3739794224919,2190.5714285714284,287.4299086402679,10373.0,2953.482859269715,8815.42857142857,3773.5948756741604,7.079999923706054,2.157104432232059,5.972857041018348,2.605914468787924,12.0,13.076696830622021,7.428571428571429,9.271050693011066,307.0,25.2388589282478,276.0,94.8261567290376,745.0,191.0942175995918,775.8571428571429,198.47202033824027,2345.0
4319703577,2016-05-09,10378,6.96000003814697,6.96000003814697,0.0,0.140000000596046,0.560000002384186,6.25,0.0,2,14,374,490,2345,1792.0,2158.0,2266.0,2270.0,3672.0,7937.0,9524.0,9261.0,2.46000003814697,5.32999992370605,6.42000007629395,6.23999977111816,0.0,3.0,6.0,0.0,0.0,28.0,11.0,11.0,153.0,279.0,314.0,344.0,603.0,586.0,692.0,585.0,2072.0,248.4270516670839,2219.0,220.5319326839852,7044.333333333333,3026.40320072084,9161.285714285714,2995.4706761089424,4.736666679382323,2.045588748904775,6.204285621643065,2.096177856885458,3.0,3.0,7.428571428571429,9.271050693011066,248.66666666666666,84.67782078757888,288.2857142857143,63.696452768094574,627.0,56.92978130996235,742.5714285714286,206.09614030257592,2260.0
4319703577,2016-05-10,9487,6.36999988555908,6.36999988555908,0.0,0.209999993443489,0.46000000834465,5.69999980926514,0.0,3,12,329,555,2260,2345.0,1792.0,2158.0,2235.0,10378.0,3672.0,7937.0,9648.0,6.96000003814697,2.46000003814697,5.32999992370605,6.46999979019165,2.0,0.0,3.0,8.0,14.0,0.0,28.0,26.0,374.0,153.0,279.0,287.0,490.0,603.0,586.0,669.0,2098.3333333333335,281.28692350220143,2229.714285714286,225.19525919056383,7329.0,3394.0914837405326,9320.857142857143,3031.206494042232,4.916666666666663,2.27829613659662,6.30714280264718,2.1157954070605767,1.6666666666666667,1.5275252316519468,7.714285714285714,9.031690238899282,268.6666666666667,110.86177579911538,292.57142857142856,68.86909597891051,559.6666666666666,60.92892033618739,729.0,220.80458932428616,2232.0
4319703577,2016-05-11,9129,6.13000011444092,6.13000011444092,0.0,0.200000002980232,0.740000009536743,5.17999982833862,0.0,3,18,311,574,2232,2260.0,2345.0,1792.0,2282.0,9487.0,10378.0,3672.0,10429.0,6.36999988555908,6.96000003814697,2.46000003814697,7.01999998092651,3.0,2.0,0.0,8.0,12.0,14.0,0.0,13.0,329.0,374.0,153.0,313.0,555.0,490.0,603.0,1106.0,2132.3333333333335,297.78571714125803,2233.285714285714,225.49110424856804,7845.666666666667,3641.852596321458,9297.857142857143,3028.920458324572,5.263333320617673,2.445615089189099,6.292857101985384,2.114849926630262,1.6666666666666667,1.5275252316519468,7.0,9.201449161228174,285.3333333333333,116.79183761433555,298.57142857142856,70.12098388465745,549.3333333333334,56.71272637894839,712.7142857142857,229.98095159216575,257.0
4388161847,2016-04-19,10181,7.82999992370605,7.82999992370605,0.0,1.37000000476837,0.689999997615814,5.76999998092651,0.0,20,16,249,704,3015,3274.0,2572.0,3073.0,2955.0,11009.0,4660.0,6580.0,10122.0,9.10000038146973,3.57999992370605,5.05999994277954,7.78000020980835,27.0,0.0,6.0,0.0,8.0,0.0,9.0,0.0,239.0,201.0,253.0,0.0,1017.0,721.0,609.0,1440.0,2973.0,361.525932679801,3004.285714285714,215.37155049333882,7416.333333333333,3256.0774458438996,8712.142857142857,2361.3666543318673,5.9133334159851065,2.8572250131548294,6.78857149396624,1.931031156142818,11.0,14.177446878757825,6.285714285714286,9.911513266807205,231.0,26.907248094147437,194.42857142857142,97.27599420010596,782.3333333333334,210.8016445223645,977.7142857142857,296.18502904193423,3083.0
4388161847,2016-04-20,10553,8.11999988555908,8.11999988555908,0.0,1.10000002384186,1.72000002861023,5.28999996185303,0.0,19,42,228,696,3083,3015.0,3274.0,2572.0,3092.0,10181.0,11009.0,4660.0,10993.0,7.82999992370605,9.10000038146973,3.57999992370605,8.44999980926514,20.0,27.0,0.0,1.0,16.0,8.0,0.0,14.0,249.0,239.0,201.0,150.0,704.0,1017.0,721.0,1275.0,2953.6666666666665,354.9962441115868,3012.8571428571427,214.2743012833695,8616.666666666666,3451.4930585665866,8720.57142857143,2367.3354118884276,6.83666674296061,2.8909573447917207,6.795714310237339,1.9353971639291343,15.666666666666666,14.011899704655802,9.142857142857142,10.652520381402256,229.66666666666666,25.324559884296793,230.0,46.71545069175011,814.0,176.00852252092793,872.5714285714286,227.36890519070343,3069.0
4388161847,2016-04-21,10055,7.73000001907349,7.73000001907349,0.0,0.370000004768372,0.389999985694885,6.98000001907349,0.0,7,12,272,853,3069,3083.0,3015.0,3274.0,2998.0,10553.0,10181.0,11009.0,8863.0,8.11999988555908,7.82999992370605,9.10000038146973,6.82000017166138,19.0,20.0,27.0,10.0,42.0,16.0,8.0,35.0,228.0,249.0,239.0,219.0,696.0,704.0,1017.0,945.0,3124.0,134.2795591294521,3011.5714285714284,213.74662347653367,10581.0,414.70953690504876,8657.714285714286,2301.8784875463284,8.350000063578287,0.6655075898114418,6.748571463993618,1.8919164767468586,22.0,4.358898943540677,11.714285714285714,10.531132982958763,238.66666666666666,10.503967504392543,241.14285714285714,31.168512805011936,805.6666666666666,183.06374117594484,789.8571428571429,148.0522751952034,3544.0
4388161847,2016-04-22,12139,9.34000015258789,9.34000015258789,0.0,3.29999995231628,1.11000001430511,4.92000007629395,0.0,77,25,220,945,3544,3069.0,3083.0,3015.0,3066.0,10055.0,10553.0,10181.0,8758.0,7.73000001907349,8.11999988555908,7.82999992370605,6.73000001907349,7.0,19.0,20.0,0.0,12.0,42.0,16.0,0.0,272.0,228.0,249.0,299.0,853.0,696.0,704.0,837.0,3055.6666666666665,35.907288025321044,3021.714285714286,214.6778317120132,10263.0,258.92856157635447,8828.0,2362.8779062829294,7.893333276112874,0.20256680159889287,6.878571442195347,1.9285524674410341,15.333333333333334,7.234178138070237,11.285714285714286,10.672617387724621,249.66666666666666,22.007574453658783,248.71428571428572,31.33004035381109,751.0,88.42510955605306,776.7142857142857,135.53931076224646,3306.0
4388161847,2016-04-23,13236,10.1800003051758,10.1800003051758,0.0,4.5,0.319999992847443,5.34999990463257,0.0,58,5,215,749,3306,3544.0,3069.0,3083.0,3073.0,12139.0,10055.0,10553.0,6580.0,9.34000015258789,7.73000001907349,8.11999988555908,5.05999994277954,77.0,7.0,19.0,6.0,25.0,12.0,42.0,9.0,220.0,272.0,228.0,253.0,945.0,853.0,696.0,609.0,3232.0,270.29058437170914,3090.0,292.8879194049038,10915.666666666666,1088.3057168522703,9311.0,2671.577249491394,8.396666685740152,0.8399008847601706,7.251428604125977,2.1361682324586435,34.333333333333336,37.43438704364389,22.285714285714285,25.908263068721826,240.0,28.000000000000025,237.42857142857142,23.42973283997031,831.3333333333334,125.906049629608,792.1428571428571,149.021730598179,2885.0
4388161847,2016-04-24,10243,7.88000011444092,7.88000011444092,0.0,1.08000004291534,0.509999990463257,6.30000019073486,0.0,14,8,239,584,2885,3306.0,3544.0,3069.0,2572.0,13236.0,12139.0,10055.0,4660.0,10.1800003051758,9.34000015258789,7.73000001907349,3.57999992370605,58.0,77.0,7.0,0.0,5.0,25.0,12.0,0.0,215.0,220.0,272.0,201.0,749.0,945.0,853.0,721.0,3306.3333333333335,237.50017543853176,3123.285714285714,303.67510834536887,11810.0,1615.8189873868919,10261.857142857143,2721.589880233699,9.083333492279062,1.2450034864854436,7.982857227325441,2.137309294368501,47.333333333333336,36.198526673517165,29.714285714285715,27.84309780247333,235.66666666666666,31.56474826976028,232.0,23.622023622035478,849.0,98.06120537704999,812.1428571428571,128.29968637455653,3288.0
4388161847,2016-04-25,12961,9.97000026702881,9.97000026702881,0.0,0.730000019073486,1.39999997615814,7.84000015258789,0.0,11,31,301,1054,3288,2885.0,3306.0,3544.0,3274.0,10243.0,13236.0,12139.0,11009.0,7.88000011444092,10.1800003051758,9.34000015258789,9.10000038146973,14.0,58.0,77.0,27.0,8.0,5.0,25.0,8.0,239.0,215.0,220.0,239.0,584.0,749.0,945.0,1017.0,3245.0,333.7079561532808,3168.0,220.6732123903279,11872.666666666666,1514.1705099932879,11059.42857142857,1197.8466592379964,9.133333524068204,1.1638442940758376,8.597142968858993,0.9480281696447811,49.666666666666664,32.31614663497698,31.714285714285715,25.779282933616066,224.66666666666666,12.66227994214843,237.42857142857142,19.277423261915736,759.3333333333334,180.72170133476865,792.5714285714286,152.6574129031596,2929.0
4388161847,2016-04-26,9461,7.28000020980835,7.28000020980835,0.0,0.939999997615814,1.05999994277954,5.26999998092651,0.0,14,23,224,673,2929,3288.0,2885.0,3306.0,3015.0,12961.0,10243.0,13236.0,10181.0,9.97000026702881,7.88000011444092,10.1800003051758,7.82999992370605,11.0,14.0,58.0,20.0,31.0,8.0,5.0,16.0,301.0,239.0,215.0,249.0,1054.0,584.0,749.0,704.0,3159.6666666666665,238.03851229020347,3170.0,221.85430654673675,12146.666666666666,1654.347706297964,11338.285714285714,1395.1177625665089,9.343333562215177,1.2716263557101186,8.721428666796006,1.0736454647119271,27.666666666666668,26.312227829154534,29.428571428571427,26.949688574930033,251.66666666666666,44.37717130838033,246.28571428571428,30.874554170677484,795.6666666666666,238.4498549660564,797.8571428571429,162.07346952481015,3074.0
4388161847,2016-04-27,11193,8.60999965667725,8.60999965667725,0.0,0.699999988079071,2.50999999046326,5.3899998664856,0.0,11,48,241,684,3074,2929.0,3288.0,2885.0,3083.0,9461.0,12961.0,10243.0,10553.0,7.28000020980835,9.97000026702881,7.88000011444092,8.11999988555908,14.0,11.0,14.0,19.0,23.0,31.0,8.0,42.0,224.0,301.0,239.0,228.0,673.0,1054.0,584.0,696.0,3034.0,221.06786288377603,3157.714285714286,233.9214357326797,10888.333333333334,1837.0741229828843,11235.42857142857,1515.9681018129293,8.376666863759361,1.4121025004830285,8.642857279096335,1.1659148092971494,13.0,1.7320508075692034,28.571428571428573,27.39134378386198,254.66666666666666,40.82074635933712,242.71428571428572,31.93594780032001,770.3333333333334,249.66043605932705,793.4285714285714,165.45377717342214,2969.0
4388161847,2016-04-28,10074,7.75,7.75,0.0,1.28999996185303,0.430000007152557,6.03000020980835,0.0,19,9,234,878,2969,3074.0,2929.0,3288.0,3069.0,11193.0,9461.0,12961.0,10055.0,8.60999965667725,7.28000020980835,9.97000026702881,7.73000001907349,11.0,14.0,11.0,7.0,48.0,23.0,31.0,12.0,241.0,224.0,301.0,272.0,684.0,673.0,1054.0,853.0,3097.0,180.60177186284747,3156.4285714285716,234.4247264708919,11205.0,1750.0308568708153,11326.857142857143,1486.9730359101404,8.620000044504804,1.345027911524158,8.71285724639893,1.143790762963836,12.0,1.7320508075692076,27.428571428571427,28.017001641010427,255.33333333333334,40.45161719058133,244.57142857142858,31.30951475647167,803.6666666666666,216.8647812193887,791.7142857142857,166.68904611652843,2979.0
4388161847,2016-04-29,9232,7.09999990463257,7.09999990463257,0.0,0.800000011920929,0.889999985694885,5.42000007629395,0.0,13,16,236,1175,2979,2969.0,3074.0,2929.0,3544.0,10074.0,11193.0,9461.0,12139.0,7.75,8.60999965667725,7.28000020980835,9.34000015258789,19.0,11.0,14.0,77.0,9.0,48.0,23.0,25.0,234.0,241.0,224.0,220.0,878.0,684.0,673.0,945.0,2990.6666666666665,74.88880646220322,3142.1428571428573,243.5114155923899,10242.666666666666,878.2325052816786,11329.57142857143,1484.2793826346494,7.879999955495201,0.6744624700377706,8.715714386531289,1.1409478852791137,14.666666666666666,4.041451884327517,29.142857142857142,26.903708365381974,233.0,8.544003745317651,239.14285714285714,28.96796259910005,745.0,115.31261856362462,795.2857142857143,168.47919187614278,3283.0
4388161847,2016-04-30,12533,9.64000034332275,9.64000034332275,0.0,0.699999988079071,2.0,6.94000005722046,0.0,14,43,300,537,3283,2979.0,2969.0,3074.0,3306.0,9232.0,10074.0,11193.0,13236.0,7.09999990463257,7.75,8.60999965667725,10.1800003051758,13.0,19.0,11.0,58.0,16.0,9.0,48.0,5.0,236.0,234.0,241.0,215.0,1175.0,878.0,684.0,749.0,3007.3333333333335,57.95112883571244,3061.4285714285716,170.93357105696313,10166.333333333334,983.7552202318087,10914.285714285714,1620.488991455537,7.81999985376994,0.7574297310243358,8.3957143511091,1.245965012360716,14.333333333333334,4.1633319989323985,20.0,16.97056274847715,237.0,3.605551275464273,241.42857142857142,27.814008118555122,912.3333333333334,247.2940220331525,828.1428571428571,217.76243062217185,2926.0
4388161847,2016-05-01,10255,7.8899998664856,7.8899998664856,0.0,1.00999999046326,0.680000007152557,6.19999980926514,0.0,12,15,241,579,2926,3283.0,2979.0,2969.0,2885.0,12533.0,9232.0,10074.0,10243.0,9.64000034332275,7.09999990463257,7.75,7.88000011444092,14.0,13.0,19.0,14.0,43.0,16.0,9.0,8.0,300.0,236.0,234.0,239.0,537.0,1175.0,878.0,584.0,3077.0,178.4712862059329,3058.1428571428573,165.58626006951687,10613.0,1715.237884376392,10813.857142857143,1467.1505749321784,8.163333415985107,1.3194824522190531,8.318571499415807,1.128235126183812,15.333333333333334,3.2145502536644885,13.714285714285714,2.690370836538279,256.6666666666667,37.54108860080292,253.57142857142858,32.51080406499331,863.3333333333334,319.2527734152568,797.8571428571429,243.79050335033475,3147.0
4388161847,2016-05-02,10096,8.39999961853027,8.39999961853027,0.0,3.76999998092651,0.0799999982118607,4.55000019073486,0.0,33,4,204,935,3147,2926.0,3283.0,2979.0,3288.0,10255.0,12533.0,9232.0,12961.0,7.8899998664856,9.64000034332275,7.09999990463257,9.97000026702881,12.0,14.0,13.0,11.0,15.0,43.0,16.0,31.0,241.0,300.0,236.0,301.0,579.0,537.0,1175.0,1054.0,3062.6666666666665,192.64561592035602,3064.0,159.0366833993554,10673.333333333334,1689.7935771369634,10815.57142857143,1466.3791980183585,8.210000038146974,1.2998848562599878,8.32000003542219,1.1275934181224065,13.0,1.0000000000005633,13.428571428571429,2.760262237369498,259.0,35.594943461115385,253.85714285714286,32.36988606420369,763.6666666666666,356.8435698360464,797.1428571428571,244.52772751532612,3290.0
4388161847,2016-05-03,12727,9.78999996185303,9.78999996185303,0.0,1.12999999523163,0.779999971389771,7.88000011444092,0.0,18,18,306,984,3290,3147.0,2926.0,3283.0,2929.0,10096.0,10255.0,12533.0,9461.0,8.39999961853027,7.8899998664856,9.64000034332275,7.28000020980835,33.0,12.0,14.0,14.0,4.0,15.0,43.0,23.0,204.0,241.0,300.0,224.0,935.0,579.0,537.0,673.0,3118.6666666666665,180.17861508329267,3043.8571428571427,132.68311695091302,10961.333333333334,1363.4230206848258,10406.285714285714,1128.7104314638234,8.643333276112873,0.9000188158682855,8.095714228493827,0.8718344458885573,19.666666666666668,11.590225767142519,16.571428571428573,7.678045386189205,248.33333333333334,48.4183160935336,240.0,29.456182146820534,683.6666666666666,218.67174790844223,780.1428571428571,227.21827139810506,3162.0
4388161847,2016-05-04,12375,9.52000045776367,9.52000045776367,0.0,2.78999996185303,0.930000007152557,5.80000019073486,0.0,35,21,251,632,3162,3290.0,3147.0,2926.0,3074.0,12727.0,10096.0,10255.0,11193.0,9.78999996185303,8.39999961853027,7.8899998664856,8.60999965667725,18.0,33.0,12.0,11.0,18.0,4.0,15.0,48.0,306.0,204.0,241.0,241.0,984.0,935.0,579.0,684.0,3121.0,183.38756773565646,3095.4285714285716,149.6694771185913,11026.0,1475.2528596820282,10872.857142857143,1329.927996618798,8.693333148956299,0.9833786201932605,8.454285621643066,0.9887511048722412,21.0,10.816653826392015,17.142857142857142,7.603257447273779,250.33333333333334,51.636550362445156,251.71428571428572,37.29483559294459,832.6666666666666,221.04373624541665,824.5714285714286,233.10573934222586,2899.0
4388161847,2016-05-05,9603,7.38000011444092,7.38000011444092,0.0,0.629999995231628,1.66999995708466,5.09000015258789,0.0,12,39,199,896,2899,3162.0,3290.0,3147.0,2969.0,12375.0,12727.0,10096.0,10074.0,9.52000045776367,9.78999996185303,8.39999961853027,7.75,35.0,18.0,33.0,19.0,21.0,18.0,4.0,9.0,251.0,306.0,204.0,234.0,632.0,984.0,935.0,878.0,3199.6666666666665,78.5896515664328,3108.0,151.25695576292287,11732.666666666666,1428.2802012677118,11041.714285714286,1447.2159150458228,9.236666679382322,0.7370439342998681,8.584285736083984,1.0691876610504232,28.666666666666668,9.291573243177618,20.571428571428573,9.536895771286444,253.66666666666666,51.052260805309444,253.14285714285714,37.00643444694713,850.3333333333334,190.66287875025213,817.1428571428571,239.08396612308175,3425.0
4388161847,2016-05-06,13175,10.1300001144409,10.1300001144409,0.0,2.10999989509583,2.08999991416931,5.92999982833862,0.0,33,45,262,1100,3425,2899.0,3162.0,3290.0,2979.0,9603.0,12375.0,12727.0,9232.0,7.38000011444092,9.52000045776367,9.78999996185303,7.09999990463257,12.0,35.0,18.0,13.0,39.0,21.0,18.0,16.0,199.0,251.0,306.0,236.0,896.0,632.0,984.0,1175.0,3117.0,199.34643212257396,3098.0,163.77423484785433,11568.333333333334,1711.1041269698746,10974.42857142857,1509.3232321300939,8.896666844685873,1.3203913855467466,8.531428609575544,1.1249953752170694,21.666666666666668,11.930353445448896,19.571428571428573,10.080627342534191,252.0,53.507008886687004,248.14285714285714,42.04532701513366,837.3333333333334,183.18660795301972,819.7142857142857,239.94285033851597,4022.0
4388161847,2016-05-07,22770,17.5400009155273,17.5400009155273,0.0,9.44999980926514,2.76999998092651,5.32999992370605,0.0,120,56,260,508,4022,3425.0,2899.0,3162.0,3283.0,13175.0,9603.0,12375.0,12533.0,10.1300001144409,7.38000011444092,9.52000045776367,9.64000034332275,33.0,12.0,35.0,14.0,45.0,39.0,21.0,43.0,262.0,199.0,251.0,300.0,1100.0,896.0,632.0,537.0,3162.0,263.0,3161.714285714286,193.77109716167223,11717.666666666666,1874.5296298894127,11537.714285714286,1486.257123816486,9.01000022888183,1.4441953382747825,8.964285782405307,1.063686432483773,26.666666666666668,12.741009902410964,22.428571428571427,10.721584815333095,237.33333333333334,33.65016097039262,251.85714285714286,41.94213701211304,876.0,234.64015001699946,809.0,222.47247020699,3934.0
4388161847,2016-05-08,17298,14.3800001144409,14.3800001144409,0.0,9.89000034332275,1.25999999046326,3.23000001907349,0.0,107,38,178,576,3934,4022.0,3425.0,2899.0,2926.0,22770.0,13175.0,9603.0,10255.0,17.5400009155273,10.1300001144409,7.38000011444092,7.8899998664856,120.0,33.0,12.0,12.0,56.0,45.0,39.0,15.0,260.0,262.0,199.0,241.0,508.0,1100.0,896.0,579.0,3448.6666666666665,561.8739479040947,3267.285714285714,381.3675892039572,15182.666666666666,6809.222887623326,13000.142857142857,4536.087316493937,11.683333714803041,5.255096385893362,10.092857292720241,3.438971679132692,55.0,57.26255320888164,37.57142857142857,37.71320344767485,240.33333333333334,35.80968211717796,246.14285714285714,36.68527666257307,834.6666666666666,300.7280055687088,804.8571428571429,228.56831843122146,3013.0
4388161847,2016-05-09,10218,7.8600001335144,7.8600001335144,0.0,0.340000003576279,0.730000019073486,6.78999996185303,0.0,6,19,258,1020,3013,3934.0,4022.0,3425.0,3147.0,17298.0,22770.0,13175.0,10096.0,14.3800001144409,17.5400009155273,10.1300001144409,8.39999961853027,107.0,120.0,33.0,33.0,38.0,56.0,45.0,4.0,178.0,260.0,262.0,204.0,576.0,508.0,1100.0,935.0,3793.6666666666665,322.29231038505003,3411.285714285714,419.4296581016157,17747.666666666668,4813.279166361883,14006.285714285714,4606.264419761627,14.01666704813637,3.7183378216385816,11.020000185285284,3.616375081720579,86.66666666666667,46.92902442341342,51.142857142857146,43.6097411573323,233.33333333333334,47.930505248049855,237.14285714285714,44.95341504056757,728.0,323.9506135200241,804.4285714285714,229.06466128065043,3061.0
4388161847,2016-05-10,10299,7.92000007629395,7.92000007629395,0.0,0.810000002384186,0.649999976158142,6.46000003814697,0.0,13,14,267,648,3061,3013.0,3934.0,4022.0,3290.0,10218.0,17298.0,22770.0,12727.0,7.8600001335144,14.3800001144409,17.5400009155273,9.78999996185303,6.0,107.0,120.0,18.0,19.0,38.0,56.0,18.0,258.0,178.0,260.0,306.0,1020.0,576.0,508.0,984.0,3656.3333333333335,558.8777445321415,3392.1428571428573,436.2237302774151,16762.0,6293.142934972954,14023.714285714286,4589.2025347288745,13.260000387827533,4.936233718702256,10.942857401711588,3.6866550485982557,77.66666666666667,62.40459384799594,47.285714285714285,46.57508019572371,232.0,46.776062254106016,244.85714285714286,42.90465620197332,701.3333333333334,278.0599455752902,816.5714285714286,239.16999334006297,2954.0
4388161847,2016-05-11,10201,7.84000015258789,7.84000015258789,0.0,0.529999971389771,0.790000021457672,6.53000020980835,0.0,8,18,256,858,2954,3061.0,3013.0,3934.0,3162.0,10299.0,10218.0,17298.0,12375.0,7.92000007629395,7.8600001335144,14.3800001144409,9.52000045776367,13.0,6.0,107.0,35.0,14.0,19.0,38.0,21.0,267.0,258.0,178.0,251.0,648.0,1020.0,576.0,632.0,3336.0,518.4390031623782,3359.4285714285716,453.40888726139804,12605.0,4064.459004590895,13676.857142857143,4790.868725279077,10.053333441416417,3.7471233463657097,10.675714560917433,3.848323915152563,42.0,56.40035460881428,46.57142857142857,47.13405401213699,234.33333333333334,48.99319680663158,239.28571428571428,35.54206093121358,748.0,238.29393613770367,768.5714285714286,233.6199600083131,1623.0
4445114986,2016-04-19,2064,1.38999998569489,1.38999998569489,0.0,0.0,0.0,1.38999998569489,0.0,0,0,121,895,1954,2248.0,1933.0,2180.0,2113.0,6155.0,2268.0,3945.0,3276.0,4.23999977111816,1.51999998092651,2.65000009536743,2.20000004768372,25.0,0.0,0.0,0.0,6.0,0.0,0.0,0.0,162.0,114.0,225.0,196.0,1247.0,1219.0,716.0,787.0,2120.3333333333335,165.7598664735628,2179.8571428571427,171.94905114735639,4122.666666666667,1949.5810661096739,4253.857142857143,1780.7932154493615,2.8033332824707,1.3664673484430898,2.8714285578046517,1.2146799775172654,8.333333333333334,14.433756729740644,3.5714285714285716,9.44911182523068,167.0,55.66866263886712,210.28571428571428,73.30010069505198,1060.6666666666667,298.8182279134479,891.0,238.41071005025478,1974.0
4445114986,2016-04-20,2072,1.38999998569489,1.38999998569489,0.0,0.0,0.0,1.38999998569489,0.0,0,0,137,841,1974,1954.0,2248.0,1933.0,2095.0,2064.0,6155.0,2268.0,2961.0,1.38999998569489,4.23999977111816,1.51999998092651,1.99000000953674,0.0,25.0,0.0,0.0,0.0,6.0,0.0,0.0,121.0,162.0,114.0,194.0,895.0,1247.0,1219.0,840.0,2045.0,176.11643875572784,2157.1428571428573,191.62848480973855,3495.6666666666665,2305.3078608579226,4080.714285714286,1943.226158933104,2.3833332459131866,1.6092336496148054,2.7557142632348186,1.3230501672885437,8.333333333333334,14.433756729740644,3.5714285714285716,9.44911182523068,132.33333333333334,25.92939130279254,199.57142857142858,80.83080506600838,1120.3333333333333,195.64593870901916,906.4285714285714,234.0127184170817,2150.0
4445114986,2016-04-21,3809,2.55999994277954,2.55999994277954,0.0,0.0,0.0,2.53999996185303,0.0,0,0,215,756,2150,1974.0,1954.0,2248.0,2194.0,2072.0,2064.0,6155.0,3974.0,1.38999998569489,1.38999998569489,4.23999977111816,2.67000007629395,0.0,0.0,25.0,0.0,0.0,0.0,6.0,0.0,137.0,121.0,162.0,231.0,841.0,895.0,1247.0,717.0,2058.6666666666665,164.27213194371515,2139.8571428571427,203.27192671511773,3430.3333333333335,2359.633940536822,3953.714285714286,2054.4681967430333,2.3399999141693133,1.6454481433045,2.669999974114554,1.398225009611455,8.333333333333334,14.433756729740644,3.5714285714285716,9.44911182523068,140.0,20.66397831977182,191.42857142857142,84.28297009253438,994.3333333333334,220.47524426414245,906.5714285714286,233.96570770297163,2432.0
4445114986,2016-04-22,6831,4.57999992370605,4.57999992370605,0.0,0.0,0.0,4.57999992370605,0.0,0,0,317,706,2432,2150.0,1974.0,1954.0,2496.0,3809.0,2072.0,2064.0,7198.0,2.55999994277954,1.38999998569489,1.38999998569489,4.82999992370605,0.0,0.0,0.0,0.0,0.0,0.0,0.0,0.0,215.0,137.0,121.0,350.0,756.0,841.0,895.0,711.0,2026.0,107.8517501017022,2133.5714285714284,201.9949315724342,2648.3333333333335,1005.1747775055494,3930.1428571428573,2055.143095469788,1.7799999713897734,0.6754997901746727,2.6542856693267813,1.3988430038360675,0.0,0.0,3.5714285714285716,9.44911182523068,157.66666666666666,50.29247790011279,189.14285714285714,83.24147317979696,830.6666666666666,70.07377065160173,912.1428571428571,229.11309330505208,2149.0
4445114986,2016-04-23,4363,2.9300000667572,2.9300000667572,0.0,0.0,0.0,2.9300000667572,0.0,0,0,201,1239,2149,2432.0,2150.0,1974.0,2180.0,6831.0,3809.0,2072.0,3945.0,4.57999992370605,2.55999994277954,1.38999998569489,2.65000009536743,0.0,0.0,0.0,0.0,0.0,0.0,0.0,0.0,317.0,215.0,137.0,225.0,706.0,756.0,841.0,716.0,2185.3333333333335,231.0353508304162,2124.4285714285716,183.4537699647672,4237.333333333333,2408.2405057081264,3877.714285714286,1960.3791907252462,2.84333328406016,1.613763687111199,2.6185713836124953,1.3358071715675925,0.0,0.0,3.5714285714285716,9.44911182523068,223.0,90.26627277117407,184.42857142857142,72.90600602341149,767.6666666666666,68.25198409814382,911.4285714285714,229.8512976853057,2247.0
4445114986,2016-04-24,5002,3.35999989509583,3.35999989509583,0.0,0.0,0.0,3.35999989509583,0.0,0,0,244,1196,2247,2149.0,2432.0,2150.0,1933.0,4363.0,6831.0,3809.0,2268.0,2.9300000667572,4.57999992370605,2.55999994277954,1.51999998092651,0.0,0.0,0.0,0.0,0.0,0.0,0.0,0.0,201.0,317.0,215.0,114.0,1239.0,706.0,756.0,1219.0,2243.6666666666665,163.10221743843204,2120.0,182.25897325874885,5001.0,1608.8517644581182,3937.4285714285716,1969.1171335688198,3.3566666444142634,1.0754688545480846,2.65857137952532,1.3410869261361569,0.0,0.0,3.5714285714285716,9.44911182523068,244.33333333333334,63.31929669013495,181.0,71.22499561249546,900.3333333333334,294.3574924022374,986.1428571428571,240.4942331750933,2070.0
4445114986,2016-04-25,3385,2.26999998092651,2.26999998092651,0.0,0.0,0.0,2.26999998092651,0.0,0,0,179,916,2070,2247.0,2149.0,2432.0,2248.0,5002.0,4363.0,6831.0,6155.0,3.35999989509583,2.9300000667572,4.57999992370605,4.23999977111816,0.0,0.0,0.0,25.0,0.0,0.0,0.0,6.0,244.0,201.0,317.0,162.0,1196.0,1239.0,706.0,1247.0,2276.0,143.7115165879208,2164.8571428571427,166.5257022918972,5398.666666666667,1280.9232347542663,4328.0,1850.3617664301935,3.623333295186361,0.8559399755153612,2.921428510120937,1.2585100248397851,0.0,0.0,3.5714285714285716,9.44911182523068,254.0,58.642987645583005,199.57142857142858,67.70489185393016,1047.0,296.0962681291339,982.8571428571429,236.91308432378634,2291.0
4445114986,2016-04-26,6326,4.40999984741211,4.40999984741211,0.0,2.41000008583069,0.0399999991059303,1.96000003814697,0.0,29,1,180,839,2291,2070.0,2247.0,2149.0,1954.0,3385.0,5002.0,4363.0,2064.0,2.26999998092651,3.35999989509583,2.9300000667572,1.38999998569489,0.0,0.0,0.0,0.0,0.0,0.0,0.0,0.0,179.0,244.0,201.0,121.0,916.0,1196.0,1239.0,895.0,2155.3333333333335,88.66979944340453,2139.4285714285716,165.29958372891443,4250.0,814.4010068756057,3932.285714285714,1683.1628673706052,2.853333314259847,0.5490294130792528,2.6399999686649873,1.128007069010937,0.0,0.0,0.0,0.0,208.0,33.060550509633096,202.0,66.42539674953647,1117.0,175.3938425373021,935.5714285714286,206.48394380101084,2361.0
4445114986,2016-04-27,7243,5.03000020980835,5.03000020980835,0.0,2.61999988555908,0.0299999993294477,2.38000011444092,0.0,32,1,194,839,2361,2291.0,2070.0,2247.0,1974.0,6326.0,3385.0,5002.0,2072.0,4.40999984741211,2.26999998092651,3.35999989509583,1.38999998569489,29.0,0.0,0.0,0.0,1.0,0.0,0.0,0.0,180.0,179.0,244.0,137.0,839.0,916.0,1196.0,841.0,2202.6666666666665,116.98005528009291,2187.5714285714284,150.72586279164503,4904.333333333333,1472.930525630226,4541.142857142857,1665.4654433092096,3.3466665744781507,1.0700622366099166,3.071428520338876,1.1475978631744548,9.666666666666666,16.74315780649915,4.142857142857143,10.960969717267588,201.0,37.242448899072166,210.42857142857142,57.59009504783827,983.6666666666666,187.87318417840598,927.5714285714286,209.38231152834362,2203.0
4445114986,2016-04-28,4493,3.00999999046326,3.00999999046326,0.0,0.0,0.0,3.00999999046326,0.0,0,0,236,762,2203,2361.0,2291.0,2070.0,2150.0,7243.0,6326.0,3385.0,3809.0,5.03000020980835,4.40999984741211,2.26999998092651,2.55999994277954,32.0,29.0,0.0,0.0,1.0,1.0,0.0,0.0,194.0,180.0,179.0,215.0,839.0,839.0,916.0,756.0,2240.6666666666665,151.8892140124953,2242.8571428571427,128.6978743303207,5651.333333333333,2015.5451702537787,5279.857142857143,1528.94979518311,3.9033333460489903,1.448079253203916,3.5914285523550844,1.081502507777469,20.333333333333332,17.672954855748753,8.714285714285714,14.907652237629344,184.33333333333334,8.38649708360616,218.57142857142858,48.84279934257501,864.6666666666666,44.455970727600274,927.2857142857143,209.52145020316667,2196.0
4445114986,2016-04-29,4676,3.14000010490417,3.14000010490417,0.0,0.0,0.0,3.13000011444092,0.0,0,0,226,1106,2196,2203.0,2361.0,2291.0,2432.0,4493.0,7243.0,6326.0,6831.0,3.00999999046326,5.03000020980835,4.40999984741211,4.57999992370605,0.0,32.0,29.0,0.0,0.0,1.0,1.0,0.0,236.0,194.0,180.0,317.0,762.0,839.0,839.0,706.0,2285.0,79.17070165155977,2250.4285714285716,123.78995266560429,6020.666666666667,1400.1951054525703,5377.571428571428,1438.4605031239532,4.150000015894574,1.0347947409174507,3.655714273452759,1.021695622021471,20.333333333333332,17.672954855748756,8.714285714285714,14.907652237629344,203.33333333333334,29.143323992525875,221.57142857142858,49.23026556518913,813.3333333333334,44.455970727600274,928.1428571428571,208.71466053875918,2363.0
4445114986,2016-04-30,6222,4.17999982833862,4.17999982833862,0.0,0.0,0.0,4.17999982833862,0.0,0,0,290,797,2363,2196.0,2203.0,2361.0,2149.0,4676.0,4493.0,7243.0,4363.0,3.14000010490417,3.00999999046326,5.03000020980835,2.9300000667572,0.0,0.0,32.0,0.0,0.0,0.0,1.0,0.0,226.0,236.0,194.0,201.0,1106.0,762.0,839.0,1239.0,2253.3333333333335,93.30773458472575,2216.714285714286,94.85201506507316,5470.666666666667,1537.6105922285183,5069.714285714285,1299.4439470129407,3.7266667683919263,1.1305899133082897,3.4500000136239186,0.9468016606665978,10.666666666666666,18.47520861406803,8.714285714285714,14.907652237629344,218.66666666666666,21.9393102292058,208.57142857142858,26.682435813702973,902.3333333333334,180.5334687345625,985.2857142857143,191.8330127009027,2246.0
4445114986,2016-05-01,5232,3.50999999046326,3.50999999046326,0.0,0.0,0.0,3.50999999046326,0.0,0,0,240,741,2246,2363.0,2196.0,2203.0,2247.0,6222.0,4676.0,4493.0,5002.0,4.17999982833862,3.14000010490417,3.00999999046326,3.35999989509583,0.0,0.0,0.0,0.0,0.0,0.0,0.0,0.0,290.0,226.0,236.0,244.0,797.0,1106.0,762.0,1196.0,2254.0,94.46163242290653,2247.285714285714,103.48383816763334,5130.333333333333,949.8285810257214,5335.285714285715,1320.728803134303,3.443333307902017,0.6412746519142895,3.6285714081355502,0.9502531147036097,0.0,0.0,8.714285714285714,14.907652237629344,250.66666666666666,34.428670223134304,221.28571428571428,40.23561558998148,888.3333333333334,189.31543342615586,922.1428571428571,165.3132668314196,2336.0
4445114986,2016-05-02,6910,4.75,4.75,0.0,2.21000003814697,0.189999997615814,2.34999990463257,0.0,27,4,200,667,2336,2246.0,2363.0,2196.0,2070.0,5232.0,6222.0,4676.0,3385.0,3.50999999046326,4.17999982833862,3.14000010490417,2.26999998092651,0.0,0.0,0.0,0.0,0.0,0.0,0.0,0.0,240.0,290.0,226.0,179.0,741.0,797.0,1106.0,916.0,2268.3333333333335,85.71075389549226,2247.1428571428573,103.48498855941871,5376.666666666667,783.0870534834143,5368.142857142857,1313.898705960169,3.6099999745686837,0.5271620754585328,3.64999999318804,0.9448633168960101,0.0,0.0,8.714285714285714,14.907652237629344,252.0,33.645207682521466,220.71428571428572,39.886147493895166,881.3333333333334,196.5714458748606,857.1428571428571,123.9696583462104,2421.0
4445114986,2016-05-03,7502,5.17999982833862,5.17999982833862,0.0,2.48000001907349,0.109999999403954,2.57999992370605,0.0,30,2,233,725,2421,2336.0,2246.0,2363.0,2291.0,6910.0,5232.0,6222.0,6326.0,4.75,3.50999999046326,4.17999982833862,4.40999984741211,27.0,0.0,0.0,29.0,4.0,0.0,0.0,1.0,200.0,240.0,290.0,180.0,667.0,741.0,797.0,839.0,2315.0,61.261733569988856,2285.1428571428573,71.48759466142684,6121.333333333333,843.5172394997838,5871.714285714285,1082.2320629584176,4.146666606267294,0.6206716794594557,4.0042857101985385,0.7941002793408573,9.0,15.588457268119903,12.571428571428571,15.746503769166694,243.33333333333334,45.09249752822897,223.71428571428572,36.90399384761438,735.0,65.20736154760381,821.5714285714286,139.07055420763587,2070.0
4445114986,2016-05-04,2923,1.96000003814697,1.96000003814697,0.0,0.0,0.0,1.96000003814697,0.0,0,0,180,897,2070,2421.0,2336.0,2246.0,2361.0,7502.0,6910.0,5232.0,7243.0,5.17999982833862,4.75,3.50999999046326,5.03000020980835,30.0,27.0,0.0,32.0,2.0,4.0,0.0,1.0,233.0,200.0,240.0,194.0,725.0,667.0,741.0,839.0,2334.3333333333335,87.51190395216884,2303.714285714286,88.19620983110191,6548.0,1177.5007430995543,6039.714285714285,1243.7339900859956,4.479999939600627,0.8671216114753924,4.114285707473754,0.9052229239760492,19.0,16.52271164185831,12.714285714285714,15.923926292577109,224.33333333333334,21.361959960016204,231.28571428571428,31.478639772149617,711.0,38.93584466786254,805.2857142857143,143.30005150698548,2120.0
4445114986,2016-05-05,3800,2.54999995231628,2.54999995231628,0.0,0.119999997317791,0.239999994635582,2.1800000667572,0.0,2,6,185,734,2120,2070.0,2421.0,2336.0,2203.0,2923.0,7502.0,6910.0,4493.0,1.96000003814697,5.17999982833862,4.75,3.00999999046326,0.0,30.0,27.0,0.0,0.0,2.0,4.0,0.0,180.0,233.0,200.0,236.0,897.0,725.0,667.0,762.0,2275.6666666666665,183.11289777984945,2262.1428571428573,119.66262096888512,5778.333333333333,2490.444204019302,5422.571428571428,1574.8650584672164,3.963333288828531,1.7482085253360284,3.6757142543792716,1.1084952647279331,19.0,16.52271164185831,8.142857142857142,13.933515606007592,204.33333333333334,26.764404221527812,229.28571428571428,34.53845338032321,763.0,119.6160524344451,813.5714285714286,147.1981172239837,2211.0
4445114986,2016-05-06,4514,3.02999997138977,3.02999997138977,0.0,0.0,0.0,3.02999997138977,0.0,0,0,229,809,2211,2120.0,2070.0,2421.0,2196.0,3800.0,2923.0,7502.0,4676.0,2.54999995231628,1.96000003814697,5.17999982833862,3.14000010490417,2.0,0.0,30.0,0.0,6.0,0.0,2.0,0.0,185.0,180.0,233.0,226.0,734.0,897.0,725.0,1106.0,2203.6666666666665,189.86925325953536,2250.285714285714,130.15210881338652,4741.666666666667,2430.4037387506905,5323.571428571428,1662.3892301085657,3.2299999396006243,1.7143219211217593,3.6099999632154174,1.1666475577333584,10.666666666666666,16.77299416721218,8.428571428571429,13.758114488755872,199.33333333333334,29.263173671584834,222.0,38.083242158898855,785.3333333333334,96.81081206834935,809.5714285714286,149.1999297842294,2123.0
4445114986,2016-05-07,5183,3.58999991416931,3.58999991416931,0.0,2.13000011444092,0.189999997615814,1.25,0.0,26,4,108,866,2123,2211.0,2120.0,2070.0,2363.0,4514.0,3800.0,2923.0,6222.0,3.02999997138977,2.54999995231628,1.96000003814697,4.17999982833862,0.0,2.0,0.0,0.0,0.0,6.0,0.0,0.0,229.0,185.0,180.0,290.0,809.0,734.0,897.0,797.0,2133.6666666666665,71.48659548008676,2252.4285714285716,129.22958529023413,3745.6666666666665,796.8904148835873,5300.428571428572,1673.994012050506,2.513333320617674,0.5359415039862018,3.5942856584276464,1.174746120932212,0.6666666666666666,1.1547005383795506,8.428571428571429,13.758114488755872,198.0,26.962937525425573,222.42857142857142,38.15257589755959,813.3333333333334,81.58635506831553,767.1428571428571,74.26625202927723,2423.0
4445114986,2016-05-08,7303,4.90000009536743,4.90000009536743,0.0,0.0,0.25,4.65000009536743,0.0,0,8,308,733,2423,2123.0,2211.0,2120.0,2246.0,5183.0,4514.0,3800.0,5232.0,3.58999991416931,3.02999997138977,2.54999995231628,3.50999999046326,26.0,0.0,2.0,0.0,4.0,0.0,6.0,0.0,108.0,229.0,185.0,240.0,866.0,809.0,734.0,741.0,2151.3333333333335,51.69461609620068,2218.1428571428573,126.8193315592814,4499.0,691.6220065903067,5152.0,1623.9773192176458,3.0566666126251207,0.5205125478599512,3.5099999564034583,1.14654549362284,9.333333333333334,14.468356276140485,12.142857142857142,14.587992453025322,174.0,61.245407991130264,196.42857142857142,45.69776487188091,803.0,66.20422947214115,777.0,82.95982963659742,2281.0
4445114986,2016-05-09,5275,3.53999996185303,3.53999996185303,0.0,0.0,0.0,3.53999996185303,0.0,0,0,266,641,2281,2423.0,2123.0,2211.0,2336.0,7303.0,5183.0,4514.0,6910.0,4.90000009536743,3.58999991416931,3.02999997138977,4.75,0.0,26.0,0.0,27.0,8.0,4.0,0.0,4.0,308.0,108.0,229.0,200.0,733.0,866.0,809.0,667.0,2252.3333333333335,154.21197532401155,2243.4285714285716,149.0043144150057,5666.666666666667,1456.0495641747004,5447.857142857143,1818.0344174017002,3.8399999936421705,0.9597396239196558,3.708571399961197,1.261182346888868,8.666666666666666,15.011106998930284,12.142857142857142,14.587992453025322,215.0,100.73231854772332,206.14285714285714,61.126722392716175,802.6666666666666,66.72580710140008,775.8571428571429,83.5911250700463,2181.0
4445114986,2016-05-10,3915,2.63000011444092,2.63000011444092,0.0,0.0,0.0,2.63000011444092,0.0,0,0,231,783,2181,2281.0,2423.0,2123.0,2421.0,5275.0,7303.0,5183.0,7502.0,3.53999996185303,4.90000009536743,3.58999991416931,5.17999982833862,0.0,0.0,26.0,30.0,0.0,8.0,4.0,2.0,266.0,308.0,108.0,233.0,641.0,733.0,866.0,725.0,2275.6666666666665,150.07109426313096,2235.5714285714284,144.69722082433321,5920.333333333333,1198.3076955996464,5214.285714285715,1700.079577969387,4.009999990463258,0.7711680354209361,3.535714251654487,1.1746042679236457,8.666666666666666,15.011106998930284,8.285714285714286,13.536546651125434,227.33333333333334,105.4577324492298,215.57142857142858,64.98937642122016,746.6666666666666,113.1208792987981,772.1428571428571,89.59618401737946,2499.0
4445114986,2016-05-11,9105,6.1100001335144,6.1100001335144,0.0,2.25,1.0,2.85999989509583,0.0,34,22,232,622,2499,2181.0,2281.0,2423.0,2070.0,3915.0,5275.0,7303.0,2923.0,2.63000011444092,3.53999996185303,4.90000009536743,1.96000003814697,0.0,0.0,0.0,0.0,0.0,0.0,8.0,0.0,231.0,266.0,308.0,180.0,783.0,641.0,733.0,897.0,2295.0,121.605920908483,2201.285714285714,119.71454142488909,5497.666666666667,1704.9402726586452,4701.857142857143,1411.7394033096698,3.6900000572204608,1.14240973376861,3.17142857824053,0.9544532287319518,0.0,0.0,4.0,9.729679679550948,268.3333333333333,38.55299383100273,215.28571428571428,64.90432519155735,719.0,72.02777242147582,780.4285714285714,87.15858562195109,1212.0
4558609924,2016-04-19,5401,3.5699999332428,3.5699999332428,0.0,0.0500000007450581,0.360000014305115,3.16000008583069,0.0,1,9,248,1182,1876,2116.0,2117.0,1997.0,1909.0,8940.0,9634.0,7289.0,5135.0,5.90999984741211,6.40000009536743,4.82000017166138,3.39000010490417,14.0,7.0,8.0,0.0,15.0,19.0,12.0,0.0,331.0,304.0,308.0,318.0,1080.0,1110.0,1112.0,1122.0,2076.6666666666665,68.9951689129994,1986.2857142857142,148.39554607614775,8621.0,1204.6065747786702,7224.285714285715,1764.0901067581285,5.710000038146973,0.8087644171867039,4.778571435383387,1.1744563080893067,9.666666666666666,3.7859388972001815,9.285714285714286,7.696628822938991,314.3333333333333,14.571661996262957,275.57142857142856,69.5242335277351,1100.6666666666667,17.925772879665146,1143.2857142857142,67.90118871250654,1788.0
4558609924,2016-04-20,4803,3.17000007629395,3.17000007629395,0.0,0.0,0.0,3.17000007629395,0.0,0,0,222,1218,1788,1876.0,2116.0,2117.0,1722.0,5401.0,8940.0,9634.0,4978.0,3.5699999332428,5.90999984741211,6.40000009536743,3.28999996185303,1.0,14.0,7.0,19.0,9.0,15.0,19.0,7.0,248.0,331.0,304.0,127.0,1182.0,1080.0,1110.0,1287.0,2036.3333333333333,138.85363997149418,1981.5714285714287,151.74634223253085,7991.666666666667,2270.25864899428,7262.285714285715,1713.7304060913154,5.293333292007446,1.5124263485612601,4.8042856965746195,1.140465686391736,7.333333333333333,6.506407098647712,9.428571428571429,7.502380574571933,294.3333333333333,42.335957923889396,265.57142857142856,67.40637245557015,1124.0,52.42136968832468,1151.857142857143,68.55029436218967,2486.0
4558609924,2016-04-21,13743,9.07999992370605,9.07999992370605,0.0,0.419999986886978,0.970000028610229,7.69999980926514,0.0,6,21,432,844,2486,1788.0,1876.0,2116.0,1922.0,4803.0,5401.0,8940.0,6799.0,3.17000007629395,3.5699999332428,5.90999984741211,4.48999977111816,0.0,1.0,14.0,0.0,0.0,9.0,15.0,0.0,222.0,248.0,331.0,279.0,1218.0,1182.0,1080.0,1161.0,1926.6666666666667,169.76846978556802,1991.0,133.93530776709574,6381.333333333333,2235.9522207179057,7237.285714285715,1753.424336765606,4.216666618982954,1.4800449446778654,4.787142855780465,1.1676003136321416,5.0,7.810249675906654,6.714285714285714,6.872997543873797,267.0,56.929781309961136,279.14285714285717,38.010650136633046,1160.0,71.58212067269316,1142.0,47.65501022977538,2094.0
4558609924,2016-04-22,9601,6.34999990463257,6.34999990463257,0.0,1.37000000476837,1.5,3.47000002861023,0.0,20,25,273,1122,2094,2486.0,1788.0,1876.0,2121.0,13743.0,4803.0,5401.0,7795.0,9.07999992370605,3.17000007629395,3.5699999332428,5.15000009536743,6.0,0.0,1.0,17.0,21.0,0.0,9.0,30.0,432.0,222.0,248.0,262.0,844.0,1218.0,1182.0,1131.0,2050.0,380.14207870216103,2071.5714285714284,224.51938085820635,7982.333333333333,4997.83566489869,8229.285714285714,2991.397595009492,5.2733333110809335,3.30273114197112,5.442857163293021,1.9794924423406526,2.3333333333333335,3.2145502536643185,7.571428571428571,6.241184258807054,300.6666666666667,114.47852782654628,301.0,69.14959628708371,1081.3333333333333,206.32337078802615,1096.7142857142858,120.90866289023616,2085.0
4558609924,2016-04-23,6890,4.55000019073486,4.55000019073486,0.0,0.340000003576279,0.200000002980232,4.01000022888184,0.0,5,5,308,1122,2085,2094.0,2486.0,1788.0,1997.0,9601.0,13743.0,4803.0,7289.0,6.34999990463257,9.07999992370605,3.17000007629395,4.82000017166138,20.0,6.0,0.0,8.0,25.0,21.0,0.0,12.0,273.0,432.0,222.0,308.0,1122.0,844.0,1218.0,1112.0,2122.6666666666665,349.88188483162907,2067.714285714286,223.7593307445257,9382.333333333334,4474.009536571567,8487.285714285714,3025.38717711115,6.199999968210856,2.9578538731312687,5.614285707473755,2.001739678642645,8.666666666666666,10.263202878893768,8.0,7.047458170621991,309.0,109.5308175811721,302.57142857142856,68.23453950128466,1061.3333333333333,194.24040087822442,1095.4285714285713,120.53057308259616,2173.0
4558609924,2016-04-24,8563,5.65999984741211,5.65999984741211,0.0,0.0,0.0,5.65000009536743,0.0,0,0,395,1045,2173,2085.0,2094.0,2486.0,2117.0,6890.0,9601.0,13743.0,9634.0,4.55000019073486,6.34999990463257,9.07999992370605,6.40000009536743,5.0,20.0,6.0,7.0,5.0,25.0,21.0,19.0,308.0,273.0,432.0,304.0,1122.0,1122.0,844.0,1110.0,2221.6666666666665,228.96360700629552,2080.285714285714,221.58573531533574,10078.0,3451.311200109314,8430.285714285714,3055.3367361763208,6.660000006357826,2.2808549805899574,5.57571428162711,2.0220934000358257,10.333333333333334,8.386497083606084,7.571428571428571,7.138093649734567,337.6666666666667,83.54838917258269,302.57142857142856,68.23453950128466,1029.3333333333333,160.5033748347159,1096.857142857143,120.81863621620161,2225.0
4558609924,2016-04-25,8095,5.34999990463257,5.34999990463257,0.0,0.589999973773956,0.25,4.51000022888184,0.0,18,10,340,993,2225,2173.0,2085.0,2094.0,2116.0,8563.0,6890.0,9601.0,8940.0,5.65999984741211,4.55000019073486,6.34999990463257,5.90999984741211,0.0,5.0,20.0,14.0,0.0,5.0,25.0,15.0,395.0,308.0,273.0,331.0,1045.0,1122.0,1122.0,1080.0,2117.3333333333335,48.41831609353329,2088.285714285714,224.12847081210222,8351.333333333334,1367.8385625991561,8277.285714285714,3011.5144979608804,5.519999980926514,0.9081297894408871,5.469999960490635,1.9909210029876212,8.333333333333334,10.408329997330664,6.571428571428571,7.699721701835352,325.3333333333333,62.81984824347584,315.57142857142856,76.69606061777691,1096.3333333333333,44.45597072760107,1087.5714285714287,122.13088217544482,2223.0
4558609924,2016-04-26,9148,6.05000019073486,6.05000019073486,0.0,0.430000007152557,2.02999997138977,3.58999991416931,0.0,12,41,283,1062,2223,2225.0,2173.0,2085.0,1876.0,8095.0,8563.0,6890.0,5401.0,5.34999990463257,5.65999984741211,4.55000019073486,3.5699999332428,18.0,0.0,5.0,1.0,10.0,0.0,5.0,9.0,340.0,395.0,308.0,248.0,993.0,1045.0,1122.0,1182.0,2161.0,70.76722405181631,2103.8571428571427,230.08217993536448,7849.333333333333,863.1317010360162,8156.571428571428,2997.425331688451,5.186666647593181,0.5727417603922615,5.389999968664987,1.9815229312700249,7.666666666666667,9.29157324317757,7.142857142857143,8.454359258760565,347.6666666666667,44.00378771575619,316.85714285714283,77.07232225087584,1053.3333333333333,64.90249096400937,1075.142857142857,127.34523753878482,2098.0
4558609924,2016-04-27,9557,6.32000017166138,6.32000017166138,0.0,1.96000003814697,0.889999985694885,3.46000003814697,0.0,27,14,312,1087,2098,2223.0,2225.0,2173.0,1788.0,9148.0,8095.0,8563.0,4803.0,6.05000019073486,5.34999990463257,5.65999984741211,3.17000007629395,12.0,18.0,0.0,0.0,41.0,10.0,0.0,0.0,283.0,340.0,395.0,222.0,1062.0,993.0,1045.0,1218.0,2207.0,29.461839725311947,2153.4285714285716,209.2453560957063,8602.0,527.5822210802721,8691.857142857143,2747.4652820719093,5.686666647593181,0.3507612276317689,5.744285719735282,1.816735633547579,10.0,9.165151389911681,8.714285714285714,8.138678961483567,339.3333333333333,56.00297611139371,321.85714285714283,72.88216190405933,1033.3333333333333,35.949038002891164,1058.0,118.32018706318323,2185.0
4558609924,2016-04-28,9451,6.25,6.25,0.0,0.0199999995529652,0.270000010728836,5.94999980926514,0.0,1,11,367,985,2185,2098.0,2223.0,2225.0,2486.0,9557.0,9148.0,8095.0,13743.0,6.32000017166138,6.05000019073486,5.34999990463257,9.07999992370605,27.0,12.0,18.0,6.0,14.0,41.0,10.0,21.0,312.0,283.0,340.0,432.0,1087.0,1062.0,993.0,844.0,2182.0,72.75300681071518,2197.714285714286,140.53909810169546,8933.333333333334,754.2694036836747,9371.0,2148.1779100747995,5.9066667556762695,0.500633083918015,6.1942857333592,1.4195169743911062,19.0,7.549834435270756,12.571428571428571,9.589180410878761,311.6666666666667,28.5014619508076,334.7142857142857,58.934184436862175,1047.3333333333333,48.686069191641614,1039.2857142857142,97.28602894851569,1918.0
4558609924,2016-04-29,7833,5.17999982833862,5.17999982833862,0.0,1.01999998092651,1.85000002384186,2.30999994277954,0.0,15,29,197,1096,1918,2185.0,2098.0,2223.0,2094.0,9451.0,9557.0,9148.0,9601.0,6.25,6.32000017166138,6.05000019073486,6.34999990463257,1.0,27.0,12.0,20.0,11.0,14.0,41.0,25.0,367.0,312.0,283.0,273.0,985.0,1087.0,1062.0,1122.0,2168.6666666666665,64.08067831517785,2154.714285714286,61.39683565601186,9385.333333333334,212.26006061745517,8757.857142857143,995.6921258721542,6.206666787465413,0.14011895983950998,5.790000029972622,0.6610345206449205,13.333333333333334,13.051181300301263,11.857142857142858,10.318730080595696,320.6666666666667,42.66536456346451,325.42857142857144,44.37287888961426,1044.6666666666667,53.16327052894057,1059.4285714285713,55.91319803307374,2105.0
4558609924,2016-04-30,10319,6.82000017166138,6.82000017166138,0.0,0.469999998807907,1.88999998569489,4.46000003814697,0.0,7,29,293,1111,2105,1918.0,2185.0,2098.0,2085.0,7833.0,9451.0,9557.0,6890.0,5.17999982833862,6.25,6.32000017166138,4.55000019073486,15.0,1.0,27.0,5.0,29.0,11.0,14.0,5.0,197.0,367.0,312.0,308.0,1096.0,985.0,1087.0,1122.0,2067.0,136.17268448554566,2129.5714285714284,108.42794403482418,8947.0,966.2070171552224,8505.285714285714,970.0808753716906,5.916666666666667,0.6389315526935072,5.62285716193063,0.6435245453644067,14.333333333333334,13.012814197295425,11.142857142857142,9.82222940457972,292.0,86.74675786448735,314.57142857142856,64.20502873051073,1056.0,61.65225056719332,1055.7142857142858,51.77423518094143,1692.0
4558609924,2016-05-01,3428,2.26999998092651,2.26999998092651,0.0,0.0,0.0,2.26999998092651,0.0,0,0,190,1121,1692,2105.0,1918.0,2185.0,2173.0,10319.0,7833.0,9451.0,8563.0,6.82000017166138,5.17999982833862,6.25,5.65999984741211,7.0,15.0,1.0,0.0,29.0,29.0,11.0,0.0,293.0,197.0,367.0,395.0,1111.0,1096.0,985.0,1045.0,2069.3333333333335,137.0267613765037,2132.4285714285716,107.31551168223056,9201.0,1261.714706262867,8995.142857142857,880.0599276131571,6.083333333333333,0.8326065186257104,5.9471428734915595,0.5817708295890791,7.666666666666667,7.023769168568488,11.428571428571429,9.641181512261916,285.6666666666667,85.23692470598252,312.42857142857144,64.70923979066443,1064.0,68.82586723027897,1054.142857142857,49.546034390347835,2066.0
4558609924,2016-05-02,7891,5.21999979019165,5.21999979019165,0.0,0.0,0.0,5.21999979019165,0.0,0,0,383,1057,2066,1692.0,2105.0,1918.0,2225.0,3428.0,10319.0,7833.0,8095.0,2.26999998092651,6.82000017166138,5.17999982833862,5.34999990463257,0.0,7.0,15.0,18.0,0.0,29.0,29.0,10.0,190.0,293.0,197.0,340.0,1121.0,1111.0,1096.0,993.0,1905.0,206.806673006458,2063.714285714286,195.09802176146766,7193.333333333333,3489.7493224203545,8261.57142857143,2298.0598960240977,4.756666660308837,2.3043510284432447,5.462857178279331,1.5181097941063548,7.333333333333333,7.5055534994651305,11.428571428571429,9.641181512261916,226.66666666666666,57.5528742404177,283.14285714285717,67.44239164261741,1109.3333333333333,12.583057392117508,1065.0,55.211713732987356,1953.0
4558609924,2016-05-03,5267,3.48000001907349,3.48000001907349,0.0,0.600000023841858,0.280000001192093,2.59999990463257,0.0,21,10,237,1172,1953,2066.0,1692.0,2105.0,2223.0,7891.0,3428.0,10319.0,9148.0,5.21999979019165,2.26999998092651,6.82000017166138,6.05000019073486,0.0,0.0,7.0,12.0,0.0,0.0,29.0,41.0,383.0,190.0,293.0,283.0,1057.0,1121.0,1111.0,1062.0,1954.3333333333333,228.022659692701,2041.0,182.00732585988595,7212.666666666667,3495.221356843272,8232.42857142857,2301.8147809314037,4.769999980926514,2.3081378436254263,5.444285733359201,1.5205137694508983,2.3333333333333335,4.041451884327364,8.857142857142858,9.990471651004462,288.6666666666667,96.57294307068275,289.2857142857143,75.01714089840686,1096.3333333333333,34.42867022313411,1074.142857142857,45.79821165150672,1842.0
4558609924,2016-05-04,5232,3.46000003814697,3.46000003814697,0.0,0.0,0.0,3.46000003814697,0.0,0,0,252,1188,1842,1953.0,2066.0,1692.0,2098.0,5267.0,7891.0,3428.0,9557.0,3.48000001907349,5.21999979019165,2.26999998092651,6.32000017166138,21.0,0.0,0.0,27.0,10.0,0.0,0.0,14.0,237.0,383.0,190.0,312.0,1172.0,1057.0,1121.0,1087.0,1903.6666666666667,191.81849059288675,2002.4285714285713,164.80580202454178,5528.666666666667,2242.9766680314187,7678.0,2503.126911151997,3.6566665967305503,1.482913695537231,5.0771428516932895,1.6542744549150075,7.0,12.124355652982137,10.142857142857142,10.991338581334114,270.0,100.6429331846007,282.7142857142857,77.6288483441439,1116.6666666666667,57.62233363317836,1089.857142857143,58.14472911459432,2262.0
4558609924,2016-05-05,10611,7.01000022888184,7.01000022888184,0.0,1.00999999046326,0.5,5.51000022888184,0.0,14,8,370,1048,2262,1842.0,1953.0,2066.0,2185.0,5232.0,5267.0,7891.0,9451.0,3.46000003814697,3.48000001907349,5.21999979019165,6.25,0.0,21.0,0.0,1.0,0.0,10.0,0.0,11.0,252.0,237.0,383.0,367.0,1188.0,1172.0,1057.0,985.0,1953.6666666666667,112.00148808535242,1965.857142857143,168.42746071769187,6130.0,1525.1711379382941,7060.142857142857,2495.793422846493,4.053333282470703,1.0104123192972316,4.668571404048374,1.6493274386800658,7.0,12.124355652982137,6.285714285714286,8.55792587243517,290.6666666666667,80.3139672369217,274.14285714285717,77.16741231769744,1139.0,71.46327728281138,1104.2857142857142,68.86148968694191,1722.0
4558609924,2016-05-06,3755,2.48000001907349,2.48000001907349,0.0,0.0,0.0,2.48000001907349,0.0,0,0,202,1238,1722,2262.0,1842.0,1953.0,1918.0,10611.0,5232.0,5267.0,7833.0,7.01000022888184,3.46000003814697,3.48000001907349,5.17999982833862,14.0,0.0,21.0,15.0,8.0,0.0,10.0,29.0,370.0,252.0,237.0,197.0,1048.0,1188.0,1172.0,1096.0,2019.0,217.63961036539274,1976.857142857143,186.6533583691338,7036.666666666667,3095.5129354168953,7225.857142857143,2710.291154628437,4.650000095367433,2.0438445323581447,4.7771428653172086,1.7898111726357626,11.666666666666666,10.692676621563626,8.142857142857142,8.629958891917765,286.3333333333333,72.84458341794077,274.57142857142856,77.77501128866764,1136.0,76.62897624267197,1113.2857142857142,52.95190989855624,1973.0
4558609924,2016-05-07,8237,5.44000005722046,5.44000005722046,0.0,1.61000001430511,1.0,2.82999992370605,0.0,23,16,233,1116,1973,1722.0,2262.0,1842.0,2105.0,3755.0,10611.0,5232.0,10319.0,2.48000001907349,7.01000022888184,3.46000003814697,6.82000017166138,0.0,14.0,0.0,7.0,0.0,8.0,0.0,29.0,202.0,370.0,252.0,293.0,1238.0,1048.0,1188.0,1111.0,1942.0,283.5489375751566,1948.857142857143,210.17328451496792,6532.666666666667,3608.3215396266064,6643.285714285715,2982.632210776567,4.3166667620341,2.3834080393582546,4.391428606850761,1.9703505314729508,4.666666666666667,8.082903768654754,6.0,8.504900548115383,274.6666666666667,86.26316324673778,275.2857142857143,76.96257593946615,1158.0,98.48857801796098,1133.5714285714287,69.75876801009173,2666.0
4558609924,2016-05-08,6543,4.32999992370605,4.32999992370605,0.0,1.79999995231628,0.5,2.01999998092651,0.0,66,35,238,1019,2666,1973.0,1722.0,2262.0,1692.0,8237.0,3755.0,10611.0,3428.0,5.44000005722046,2.48000001907349,7.01000022888184,2.26999998092651,23.0,0.0,14.0,0.0,16.0,0.0,8.0,0.0,233.0,202.0,370.0,190.0,1116.0,1238.0,1048.0,1121.0,1985.6666666666667,270.2227476237582,1930.0,199.4784867264308,7534.333333333333,3481.5929304462525,6345.857142857143,2639.014110646338,4.9766667683919295,2.300268196888881,4.194285733359202,1.7427551154421452,12.333333333333334,11.590225767142472,8.285714285714286,10.688222267435087,268.3333333333333,89.39985085744456,266.7142857142857,77.99511584219934,1134.0,96.27045237246985,1134.2857142857142,69.51430137200673,2223.0
4558609924,2016-05-09,11451,7.57000017166138,7.57000017166138,0.0,0.430000007152557,1.62000000476837,5.51999998092651,0.0,6,30,339,1065,2223,2666.0,1973.0,1722.0,2066.0,6543.0,8237.0,3755.0,7891.0,4.32999992370605,5.44000005722046,2.48000001907349,5.21999979019165,66.0,23.0,0.0,0.0,35.0,16.0,0.0,0.0,238.0,233.0,202.0,383.0,1019.0,1116.0,1238.0,1057.0,2120.3333333333335,488.94205518991026,2069.1428571428573,313.1232071519817,6178.333333333333,2263.143241894627,6790.857142857143,2306.6994045295864,4.083333333333333,1.4953372066400594,4.488571439470564,1.5238376171743935,29.666666666666668,33.50124375800597,17.714285714285715,23.54226189723696,224.33333333333334,19.502136635079946,273.57142857142856,72.00661345287931,1124.3333333333333,109.73756573449819,1119.7142857142858,82.28145656974085,1889.0
4558609924,2016-05-10,6435,4.25,4.25,0.0,0.740000009536743,1.12000000476837,2.39000010490417,0.0,11,18,220,1191,1889,2223.0,2666.0,1973.0,1953.0,11451.0,6543.0,8237.0,5267.0,7.57000017166138,4.32999992370605,5.44000005722046,3.48000001907349,6.0,66.0,23.0,21.0,30.0,35.0,16.0,10.0,339.0,238.0,233.0,237.0,1065.0,1019.0,1116.0,1172.0,2287.3333333333335,350.9506138095975,2091.5714285714284,318.43830231451795,8743.666666666666,2492.919840936191,7299.428571428572,2904.6306625308303,5.78000005086263,1.6465419516201694,4.824285779680525,1.9193650544241905,31.666666666666668,30.924639582917273,18.571428571428573,22.890006137010552,270.0,59.80802621722268,267.2857142857143,62.1012997333504,1066.6666666666667,48.52147290976755,1120.857142857143,81.31508382300859,2131.0
4558609924,2016-05-11,9108,6.01999998092651,6.01999998092651,0.0,0.259999990463257,1.82000005245209,3.94000005722046,0.0,4,31,324,1081,2131,1889.0,2223.0,2666.0,1842.0,6435.0,11451.0,6543.0,5232.0,4.25,7.57000017166138,4.32999992370605,3.46000003814697,11.0,6.0,66.0,0.0,18.0,30.0,35.0,0.0,220.0,339.0,238.0,252.0,1191.0,1065.0,1019.0,1188.0,2259.3333333333335,389.7721556670425,2082.4285714285716,323.9510545040495,8143.0,2865.3209244341183,7466.285714285715,2800.085041225577,5.3833333651224775,1.8941314075487286,4.934285776955741,1.8503050751897308,27.666666666666668,33.29164059239697,17.142857142857142,23.024831316273676,265.6666666666667,64.14306925407709,264.85714285714283,63.792446186646494,1091.6666666666667,89.04680417248731,1123.5714285714287,83.59197956514195,1452.0
4702921684,2016-04-19,6708,5.44000005722046,5.44000005722046,0.0,0.879999995231628,0.370000004768372,4.19000005722046,0.0,10,8,179,757,2812,3013.0,3394.0,3328.0,2947.0,9105.0,12692.0,11140.0,7213.0,7.38000011444092,10.289999961853,9.02999973297119,5.88000011444092,22.0,12.0,3.0,0.0,30.0,66.0,24.0,0.0,191.0,302.0,335.0,263.0,890.0,437.0,556.0,718.0,3245.0,203.6099211728151,3065.714285714286,206.98044536116151,10979.0,1798.9116153941538,8770.42857142857,2347.789801575293,8.899999936421704,1.4593490803477314,7.11571427753993,1.898322486496385,12.333333333333334,9.504384952922168,5.428571428571429,8.482474930843058,276.0,75.43871685016919,268.0,44.444722221354176,627.6666666666666,234.84959726031755,727.7142857142857,178.69966823856006,3061.0
4702921684,2016-04-20,8793,7.13000011444092,7.13000011444092,0.0,0.159999996423721,1.23000001907349,5.73000001907349,0.0,2,29,260,717,3061,2812.0,3013.0,3394.0,2898.0,6708.0,9105.0,12692.0,6877.0,5.44000005722046,7.38000011444092,10.289999961853,5.57999992370605,10.0,22.0,12.0,0.0,8.0,30.0,66.0,0.0,179.0,191.0,302.0,258.0,757.0,890.0,437.0,777.0,3073.0,295.6027740059284,3046.4285714285716,225.35886724870414,9501.666666666666,3011.6560781957382,8698.285714285714,2410.5427268760945,7.703333377838127,2.4411130797544467,7.052857126508436,1.9525684401864867,14.666666666666666,6.429100507328634,6.857142857142857,8.254868693253522,224.0,67.8159273327439,256.0,55.886790329498574,694.6666666666666,232.84401073107583,733.2857142857143,178.95410425182047,2729.0
4702921684,2016-04-21,6530,5.30000019073486,5.30000019073486,0.0,0.310000002384186,2.04999995231628,2.94000005722046,0.0,4,41,144,901,2729,3061.0,2812.0,3013.0,2984.0,8793.0,6708.0,9105.0,7860.0,7.13000011444092,5.44000005722046,7.38000011444092,6.36999988555908,2.0,10.0,22.0,0.0,29.0,8.0,30.0,0.0,260.0,179.0,191.0,271.0,717.0,757.0,890.0,772.0,2962.0,132.10223313782387,3069.714285714286,215.67932545464677,8202.0,1303.2125690001612,8972.0,2274.193996415727,6.6500000953674325,1.055319889529601,7.274285725184845,1.8424878747783493,11.333333333333334,10.06644591369433,7.142857142857143,8.008923594519873,210.0,43.71498598878879,256.2857142857143,55.90382898548271,788.0,90.57041459549596,724.7142857142857,177.9454169923222,2241.0
4702921684,2016-04-22,1664,1.35000002384186,1.35000002384186,0.0,0.0,0.0,1.35000002384186,0.0,0,0,72,1341,2241,2729.0,3061.0,2812.0,2896.0,6530.0,8793.0,6708.0,6506.0,5.30000019073486,7.13000011444092,5.44000005722046,5.28000020980835,4.0,2.0,10.0,1.0,41.0,29.0,8.0,8.0,144.0,260.0,179.0,256.0,901.0,717.0,757.0,944.0,2867.3333333333335,172.778277955689,3033.285714285714,251.18234696843535,7343.666666666667,1258.310904877381,8782.0,2432.621014461562,5.956666787465413,1.0185447033869302,7.121428625924243,1.9699865843224103,5.333333333333333,4.16333199893226,7.714285714285714,7.543524501502059,194.33333333333334,59.50070027599116,238.14285714285714,69.32875442755477,791.6666666666666,96.77465232866179,743.1428571428571,189.93457520194386,3691.0
4702921684,2016-04-23,15126,12.2700004577637,12.2700004577637,0.0,0.759999990463257,3.24000000953674,8.27000045776367,0.0,9,66,408,469,3691,2241.0,2729.0,3061.0,3328.0,1664.0,6530.0,8793.0,11140.0,1.35000002384186,5.30000019073486,7.13000011444092,9.02999973297119,0.0,4.0,2.0,3.0,0.0,41.0,29.0,24.0,72.0,144.0,260.0,335.0,1341.0,901.0,717.0,556.0,2677.0,412.46575615437456,2939.714285714286,392.8815403679648,5662.333333333333,3642.8415191074855,8090.285714285715,3597.275298254023,4.59333344300588,2.9540876224463446,6.56000002792903,2.915395852401211,2.0,1.9999999999999858,7.571428571428571,7.699721701835351,158.66666666666666,94.85427419643953,211.85714285714286,92.45436454710796,986.3333333333334,320.6327078345772,799.8571428571429,291.84038364114303,3538.0
4702921684,2016-04-24,15050,12.2200002670288,12.2200002670288,0.0,1.20000004768372,5.11999988555908,5.88000011444092,0.0,15,95,281,542,3538,3691.0,2241.0,2729.0,3394.0,15126.0,1664.0,6530.0,12692.0,12.2700004577637,1.35000002384186,5.30000019073486,10.289999961853,9.0,0.0,4.0,12.0,66.0,0.0,41.0,66.0,408.0,72.0,144.0,302.0,469.0,1341.0,901.0,437.0,2887.0,737.7994307398184,2991.5714285714284,469.2148964468403,7773.333333333333,6816.580472152686,8659.714285714286,4388.870648746505,6.30666689078014,5.52916230119431,7.0228572743279605,3.5590435608738304,4.333333333333333,4.509249752822889,8.428571428571429,7.43543638838463,208.0,176.90675509996785,222.28571428571428,110.93048016019509,903.6666666666666,436.00611616505256,787.4285714285714,305.4896927573047,3064.0
4702921684,2016-04-25,9167,7.42999982833862,7.42999982833862,0.0,0.490000009536743,0.819999992847443,6.1100001335144,0.0,6,15,270,730,3064,3538.0,3691.0,2241.0,3013.0,15050.0,15126.0,1664.0,9105.0,12.2200002670288,12.2700004577637,1.35000002384186,7.38000011444092,15.0,9.0,0.0,22.0,95.0,66.0,0.0,30.0,281.0,408.0,72.0,191.0,542.0,469.0,1341.0,890.0,3156.6666666666665,796.672036244108,3012.1428571428573,492.38346457865157,10613.333333333334,7750.443170124747,8996.57142857143,4819.322699894072,8.61333358287812,6.2902810586757685,7.2985716036387895,3.9116213947544547,8.0,7.549834435270748,8.857142857142858,7.755182598937123,253.66666666666666,169.65946284641282,219.28571428571428,108.67645296278046,784.0,483.75510333225424,802.4285714285714,287.4612189164869,2784.0
4702921684,2016-04-26,6108,4.94999980926514,4.94999980926514,0.0,0.0700000002980232,0.349999994039536,4.53999996185303,0.0,1,8,216,765,2784,3064.0,3538.0,3691.0,2812.0,9167.0,15050.0,15126.0,6708.0,7.42999982833862,12.2200002670288,12.2700004577637,5.44000005722046,6.0,15.0,9.0,10.0,15.0,95.0,66.0,8.0,270.0,281.0,408.0,179.0,730.0,542.0,469.0,757.0,3431.0,326.90824400739746,3019.4285714285716,492.7754245572917,13114.333333333334,3418.7021416516136,9005.42857142857,4819.612150963425,10.64000018437704,2.780054265494374,7.305714419909889,3.911840514227521,10.0,4.582575694955838,6.571428571428571,5.159365040297849,319.6666666666667,76.69637105713238,230.57142857142858,109.34937454912908,580.3333333333334,134.656352740349,779.5714285714286,285.69322541428784,2908.0
4702921684,2016-04-27,7047,5.71999979019165,5.71999979019165,0.0,0.0900000035762787,0.800000011920929,4.78000020980835,0.0,1,16,238,733,2908,2784.0,3064.0,3538.0,3061.0,6108.0,9167.0,15050.0,8793.0,4.94999980926514,7.42999982833862,12.2200002670288,7.13000011444092,1.0,6.0,15.0,2.0,8.0,15.0,95.0,29.0,216.0,270.0,281.0,260.0,765.0,730.0,542.0,717.0,3128.6666666666665,381.13689579117556,3015.4285714285716,494.84908714437285,10108.333333333334,4544.71366901517,8919.714285714286,4872.327531214273,8.199999968210856,3.6956598633428652,7.2357143844877,3.954937388072804,7.333333333333333,7.094598884597584,5.285714285714286,5.282495802626057,255.66666666666666,34.78984526170438,235.85714285714286,107.3163991373617,679.0,119.92914574864595,780.7142857142857,285.60387152237877,3033.0
4702921684,2016-04-28,9023,7.32000017166138,7.32000017166138,0.0,1.12999999523163,0.419999986886978,5.76999998092651,0.0,14,9,232,738,3033,2908.0,2784.0,3064.0,2729.0,7047.0,6108.0,9167.0,6530.0,5.71999979019165,4.94999980926514,7.42999982833862,5.30000019073486,1.0,1.0,6.0,4.0,16.0,8.0,15.0,41.0,238.0,216.0,270.0,144.0,733.0,765.0,730.0,901.0,2918.6666666666665,140.304430911263,2993.5714285714284,495.8786333848426,7440.666666666667,1567.0355239538565,8670.285714285714,4924.309654299633,6.0333331425984715,1.2693436752704166,7.0342857667378045,3.9969025354972665,2.6666666666666665,2.886751345948114,5.142857142857143,5.398412465054624,241.33333333333334,27.153882472555093,232.71428571428572,106.81247474852722,742.6666666666666,19.399312702601005,783.0,285.07250539701886,3165.0
4702921684,2016-04-29,9930,8.05000019073486,8.05000019073486,0.0,1.05999994277954,0.920000016689301,6.07000017166138,0.0,12,19,267,692,3165,3033.0,2908.0,2784.0,2241.0,9023.0,7047.0,6108.0,1664.0,7.32000017166138,5.71999979019165,4.94999980926514,1.35000002384186,14.0,1.0,1.0,0.0,9.0,16.0,8.0,0.0,232.0,238.0,216.0,72.0,738.0,733.0,765.0,1341.0,2908.3333333333335,124.50033467157165,3037.0,481.962654154863,7392.666666666667,1487.9248412918366,9026.42857142857,4833.023100060073,5.996666590372723,1.2089804870970509,7.322857192584451,3.9230589947329295,5.333333333333333,7.5055534994651305,6.571428571428571,6.294366339755546,228.66666666666666,11.372481406154726,245.28571428571428,99.56357146017194,745.3333333333334,17.214335111566093,759.7142857142857,280.4470920308703,3115.0
4702921684,2016-04-30,10144,8.22999954223633,8.22999954223633,0.0,0.319999992847443,2.02999997138977,5.88000011444092,0.0,4,36,263,728,3115,3165.0,3033.0,2908.0,3691.0,9930.0,9023.0,7047.0,15126.0,8.05000019073486,7.32000017166138,5.71999979019165,12.2700004577637,12.0,14.0,1.0,9.0,19.0,9.0,16.0,66.0,267.0,232.0,238.0,408.0,692.0,738.0,733.0,469.0,3035.3333333333335,128.51588747440263,3169.0,330.2847256534882,8666.666666666666,1474.1615696162132,10207.285714285714,3582.3361890571596,7.03000005086263,1.1917636171575128,8.280000073569164,2.9092727606783755,9.0,6.999999999999998,8.285714285714286,5.822779568622008,245.66666666666666,18.717193521821994,273.14285714285717,63.88643197484259,721.0,25.23885892824722,667.0,114.32701634638535,2017.0
4702921684,2016-05-01,0,0.0,0.0,0.0,0.0,0.0,0.0,0.0,0,0,0,1440,2017,3115.0,3165.0,3033.0,3538.0,10144.0,9930.0,9023.0,15050.0,8.22999954223633,8.05000019073486,7.32000017166138,12.2200002670288,4.0,12.0,14.0,15.0,36.0,19.0,9.0,95.0,263.0,267.0,232.0,281.0,728.0,692.0,738.0,542.0,3104.3333333333335,66.64332924856997,3086.714285714286,237.1931099938855,9699.0,595.1310779987928,9495.57142857143,2865.4054312983853,7.866666634877524,0.4819057046136502,7.7028570856366825,2.3285885125176384,10.0,5.29150262212918,7.571428571428571,6.023762469230861,254.0,19.157244060668067,252.42857142857142,23.810761872573167,719.3333333333334,24.19366308216467,704.0,74.56317232164062,2859.0
4702921684,2016-05-02,7245,5.92000007629395,5.92000007629395,0.0,0.379999995231628,1.74000000953674,3.75999999046326,0.0,5,40,195,1131,2859,2017.0,3115.0,3165.0,3064.0,0.0,10144.0,9930.0,9167.0,0.0,8.22999954223633,8.05000019073486,7.42999982833862,0.0,4.0,12.0,6.0,0.0,36.0,19.0,15.0,0.0,263.0,267.0,270.0,1440.0,728.0,692.0,730.0,2765.6666666666665,648.8461553660723,2869.4285714285716,397.42959843761764,6691.333333333333,5795.852425082383,7345.571428571428,3564.1733430134427,5.4266665776570635,4.700492798678712,5.957142761775425,2.890523078976653,5.333333333333333,6.110100926607782,5.428571428571429,5.593363414414826,176.66666666666666,153.010892858428,212.28571428571428,95.7648409485693,953.3333333333334,421.84989431471155,832.2857142857143,268.82752480956657,3145.0
4702921684,2016-05-03,9454,7.67000007629395,7.67000007629395,0.0,0.0,0.0,7.67000007629395,0.0,0,0,313,729,3145,2859.0,2017.0,3115.0,2784.0,7245.0,0.0,10144.0,6108.0,5.92000007629395,0.0,8.22999954223633,4.94999980926514,5.0,0.0,4.0,1.0,40.0,0.0,36.0,8.0,195.0,0.0,263.0,216.0,1131.0,1440.0,728.0,765.0,2663.6666666666665,574.4713511858822,2840.1428571428573,388.1470634400616,5796.333333333333,5224.859838630444,7071.0,3473.3455534014083,4.7166665395100935,4.24490657339642,5.7414285114833294,2.817714357320075,3.0,2.645751311064576,5.285714285714286,5.589105048046175,152.66666666666666,136.51495644556073,201.57142857142858,92.36676376066806,1099.6666666666667,357.03267824294915,889.5714285714286,285.60045351437924,3004.0
4702921684,2016-05-04,8161,6.61999988555908,6.61999988555908,0.0,0.340000003576279,0.730000019073486,5.53999996185303,0.0,4,15,251,757,3004,3145.0,2859.0,2017.0,2908.0,9454.0,7245.0,0.0,7047.0,7.67000007629395,5.92000007629395,0.0,5.71999979019165,0.0,5.0,0.0,1.0,0.0,40.0,0.0,16.0,313.0,195.0,0.0,238.0,729.0,1131.0,1440.0,733.0,2673.6666666666665,586.3934970080528,2891.714285714286,403.13716205352694,5566.333333333333,4945.500008425169,7549.0,3548.161683651597,4.5300000508626335,4.019490060394681,6.129999978201731,2.877301965191048,1.6666666666666667,2.886751345948114,5.142857142857143,5.727959829601095,169.33333333333334,158.07065930568308,215.42857142857142,101.69702903372216,1100.0,356.51227187854266,884.4285714285714,288.52663490156175,3006.0
4702921684,2016-05-05,8614,6.98999977111816,6.98999977111816,0.0,0.670000016689301,0.219999998807907,6.09000015258789,0.0,8,5,241,745,3006,3004.0,3145.0,2859.0,3033.0,8161.0,9454.0,7245.0,9023.0,6.61999988555908,7.67000007629395,5.92000007629395,7.32000017166138,4.0,0.0,5.0,14.0,15.0,0.0,40.0,9.0,251.0,313.0,195.0,232.0,757.0,729.0,1131.0,738.0,3002.6666666666665,143.00466192867046,2905.4285714285716,405.41002172403915,8286.666666666666,1109.8487884992912,7708.142857142857,3546.8756875392664,6.736666679382327,0.8808140300799956,6.258571420397078,2.8760356116872106,3.0,2.6457513110645765,5.571428571428571,5.472876844254852,253.0,59.02541825349476,217.28571428571428,102.29485859630536,872.3333333333334,224.44895485016912,887.8571428571429,286.5632149988484,2859.0
4702921684,2016-05-06,6943,5.63000011444092,5.63000011444092,0.0,0.0799999982118607,0.660000026226044,4.86999988555908,0.0,1,16,207,682,2859,3006.0,3004.0,3145.0,3165.0,8614.0,8161.0,9454.0,9930.0,6.98999977111816,6.61999988555908,7.67000007629395,8.05000019073486,8.0,4.0,0.0,12.0,5.0,15.0,0.0,19.0,241.0,251.0,313.0,267.0,745.0,757.0,729.0,692.0,3051.6666666666665,80.8352233456019,2901.5714285714284,404.1203851753657,8743.0,656.081549809177,7649.714285714285,3524.9064627913995,7.0933332443237305,0.5325724881641688,6.211428506033761,2.85838778264262,4.0,3.999999999999992,4.714285714285714,4.270608298368657,268.3333333333333,39.00427327016009,218.57142857142858,102.56681910321872,743.6666666666666,14.047538337134137,888.8571428571429,285.96469978619666,3683.0
4702921684,2016-05-07,14370,11.6499996185303,11.6499996185303,0.0,0.370000004768372,2.30999994277954,8.97000026702881,0.0,5,46,439,577,3683,2859.0,3006.0,3004.0,3115.0,6943.0,8614.0,8161.0,10144.0,5.63000011444092,6.98999977111816,6.61999988555908,8.22999954223633,1.0,8.0,4.0,4.0,16.0,5.0,15.0,36.0,207.0,241.0,251.0,263.0,682.0,745.0,757.0,728.0,2956.3333333333335,84.29907077384271,2857.8571428571427,387.06607040290055,7906.0,864.192686847101,7223.0,3380.7035756875625,6.413333257039387,0.7031593617725239,5.86571420942034,2.7429718921378194,4.333333333333333,3.5118845842842377,3.142857142857143,2.968084198523319,233.0,23.065125189341494,210.0,100.3277960819766,728.0,40.286474156966385,887.4285714285714,287.13461253266865,3287.0
4702921684,2016-05-08,12857,10.4300003051758,10.4300003051758,0.0,0.680000007152557,6.21000003814697,3.53999996185303,0.0,9,125,192,1019,3287,3683.0,2859.0,3006.0,2017.0,14370.0,6943.0,8614.0,0.0,11.6499996185303,5.63000011444092,6.98999977111816,0.0,5.0,1.0,8.0,0.0,46.0,16.0,5.0,0.0,439.0,207.0,241.0,0.0,577.0,682.0,745.0,1440.0,3182.6666666666665,439.4909934609962,2939.0,494.56546583844704,9975.666666666666,3896.2397684605276,7826.714285714285,4253.841625099432,8.089999834696462,3.1571503942975703,6.354285648890908,3.4482016328601865,4.666666666666667,3.511884584284238,3.2857142857142856,3.0394235042348474,295.6666666666667,125.28899925106482,235.14285714285714,132.6655300262388,668.0,84.87048957087451,865.8571428571429,306.15052320246474,2990.0
4702921684,2016-05-09,8232,6.67999982833862,6.67999982833862,0.0,0.0,0.569999992847443,6.09999990463257,0.0,0,12,253,746,2990,3287.0,3683.0,2859.0,2859.0,12857.0,14370.0,6943.0,7245.0,10.4300003051758,11.6499996185303,5.63000011444092,5.92000007629395,9.0,5.0,1.0,5.0,125.0,46.0,16.0,40.0,192.0,439.0,207.0,195.0,1019.0,577.0,682.0,1131.0,3276.3333333333335,412.1035468584728,3120.4285714285716,291.0256902422054,11390.0,3924.8119700184384,9663.42857142857,2857.816582471244,9.23666667938234,3.1824726808169337,7.8442856924874516,2.310640962571806,5.0,3.9999999999999933,4.571428571428571,3.3094381626464866,279.3333333333333,138.47863854520423,262.57142857142856,88.41541559188487,759.3333333333334,230.92495173396324,805.7142857142857,196.15530775868592,3172.0
4702921684,2016-05-10,10613,8.60999965667725,8.60999965667725,0.0,0.0799999982118607,1.87999999523163,6.65000009536743,0.0,1,37,262,701,3172,2990.0,3287.0,3683.0,3145.0,8232.0,12857.0,14370.0,9454.0,6.67999982833862,10.4300003051758,11.6499996185303,7.67000007629395,0.0,9.0,5.0,0.0,12.0,125.0,46.0,0.0,253.0,192.0,439.0,313.0,746.0,1019.0,577.0,729.0,3320.0,347.6765738441405,3139.1428571428573,275.1941306129351,11819.666666666666,3197.7814705406854,9804.42857142857,2740.550969978048,9.586666584014909,2.5901029521163137,7.95285708563669,2.221281242750964,4.666666666666667,4.509249752822888,3.857142857142857,3.716116764786033,294.6666666666667,128.6636441786619,270.85714285714283,83.61504763184789,780.6666666666666,223.02989336260117,750.7142857142857,133.81668342140588,3069.0
4702921684,2016-05-11,9810,7.96000003814697,7.96000003814697,0.0,0.779999971389771,2.16000008583069,4.98000001907349,0.0,10,41,235,784,3069,3172.0,2990.0,3287.0,3004.0,10613.0,8232.0,12857.0,8161.0,8.60999965667725,6.67999982833862,10.4300003051758,6.61999988555908,1.0,0.0,9.0,4.0,37.0,12.0,125.0,15.0,262.0,253.0,192.0,251.0,701.0,746.0,1019.0,757.0,3149.6666666666665,149.75424312296934,3143.0,275.478976814323,10567.333333333334,2312.83815545605,9970.0,2750.8425375994657,8.573333263397224,1.875269103986651,8.087142739977162,2.229728756620094,3.3333333333333335,4.93288286231624,4.0,3.5590260840104375,235.66666666666666,38.08324215889878,263.57142857142856,81.52679956688506,822.0,172.08428167615983,746.7142857142857,134.98730099002435,1240.0
5553957443,2016-04-19,15482,10.1099996566772,10.1099996566772,0.0,4.28000020980835,1.6599999666214,4.17999982833862,0.0,69,28,249,756,2284,1683.0,1397.0,1831.0,2026.0,3727.0,655.0,5771.0,11596.0,2.4300000667572,0.430000007152557,3.76999998092651,7.57000017166138,0.0,0.0,0.0,19.0,0.0,0.0,0.0,13.0,206.0,46.0,288.0,277.0,622.0,943.0,521.0,767.0,1637.0,220.6263810155085,1890.4285714285713,331.2375065029407,3384.3333333333335,2575.156176493637,8594.142857142857,6484.263191979267,2.210000018278756,1.680833118486299,5.61999997922352,4.244533640671202,0.0,0.0,19.714285714285715,28.063703044527614,180.0,123.07721153812349,219.71428571428572,81.68784953654223,695.3333333333334,220.3504784050476,697.4285714285714,132.0326438711997,1570.0
5553957443,2016-04-20,2713,1.76999998092651,1.76999998092651,0.0,0.0,0.0,1.76999998092651,0.0,0,0,148,598,1570,2284.0,1683.0,1397.0,1718.0,15482.0,3727.0,655.0,4832.0,10.1099996566772,2.4300000667572,0.430000007152557,3.16000008583069,69.0,0.0,0.0,0.0,28.0,0.0,0.0,0.0,249.0,206.0,46.0,226.0,756.0,622.0,943.0,647.0,1788.0,452.7261865631369,1927.2857142857142,361.78249187677864,6621.333333333333,7825.781515818937,9149.285714285714,6934.79342913413,4.323333243528985,5.110198742945117,5.982857048511493,4.5374797436579595,23.0,39.83716857408418,26.857142857142858,33.657235831385854,167.0,106.97195894251914,215.71428571428572,79.0584473363732,773.6666666666666,161.22758242104027,695.8571428571429,131.12898048795134,2066.0
5553957443,2016-04-21,12346,8.0600004196167,8.0600004196167,0.0,2.95000004768372,2.16000008583069,2.96000003814697,0.0,47,42,177,801,2066,1570.0,2284.0,1683.0,2324.0,2713.0,15482.0,3727.0,17022.0,1.76999998092651,10.1099996566772,2.4300000667572,11.1199998855591,0.0,69.0,0.0,61.0,0.0,28.0,0.0,41.0,148.0,249.0,206.0,256.0,598.0,756.0,622.0,693.0,1845.6666666666667,383.7894387985859,1906.142857142857,379.9216711250836,7307.333333333333,7097.600322174625,8846.57142857143,7195.988763590051,4.7699999014536365,4.6363345508779785,5.784285604953753,4.708785467212801,23.0,39.83716857408418,26.857142857142858,33.657235831385854,201.0,50.68530358989675,204.57142857142858,82.77652071059994,658.6666666666666,85.14301693816897,688.8571428571429,135.40978370786036,2105.0
5553957443,2016-04-22,11682,7.63000011444092,7.63000011444092,0.0,1.37999999523163,0.629999995231628,5.59999990463257,0.0,25,16,270,781,2105,2066.0,1570.0,2284.0,2254.0,12346.0,2713.0,15482.0,16556.0,8.0600004196167,1.76999998092651,10.1099996566772,10.8599996566772,47.0,0.0,69.0,58.0,42.0,0.0,28.0,38.0,177.0,148.0,249.0,239.0,801.0,598.0,756.0,689.0,1973.3333333333333,365.90891398452345,1869.2857142857142,343.38594141563914,10180.333333333334,6654.27864860898,8178.571428571428,6493.30842373241,6.646666685740136,4.345921401770343,5.34714282410484,4.250634027508704,38.666666666666664,35.24674925909244,24.857142857142858,31.646108615060246,191.33333333333334,52.00320502943384,193.28571428571428,79.93270979541539,718.3333333333334,106.6130073365034,704.2857142857143,141.95505660327177,1776.0
5553957443,2016-04-23,4112,2.69000005722046,2.69000005722046,0.0,0.0,0.0,2.6800000667572,0.0,0,0,272,443,1776,2105.0,2066.0,1570.0,1831.0,11682.0,12346.0,2713.0,5771.0,7.63000011444092,8.0600004196167,1.76999998092651,3.76999998092651,25.0,47.0,0.0,0.0,16.0,42.0,0.0,0.0,270.0,177.0,148.0,288.0,781.0,801.0,598.0,521.0,1913.6666666666667,298.26218890991436,1848.0,319.3399442600315,8913.666666666666,5380.188131778789,7482.285714285715,5652.098893752824,5.820000171661377,3.5139865145340488,4.885714318071085,3.690907090477583,24.0,23.515952032609707,20.142857142857142,28.150953633512852,198.33333333333334,63.73643646559896,197.71428571428572,83.65945709783661,726.6666666666666,111.87641991650132,717.4285714285714,144.53933391163474,1507.0
5553957443,2016-04-24,1807,1.17999994754791,1.17999994754791,0.0,0.0,0.0,1.17999994754791,0.0,0,0,104,582,1507,1776.0,2105.0,2066.0,1397.0,4112.0,11682.0,12346.0,655.0,2.69000005722046,7.63000011444092,8.0600004196167,0.430000007152557,0.0,25.0,47.0,0.0,0.0,16.0,42.0,0.0,272.0,270.0,177.0,46.0,443.0,781.0,801.0,943.0,1982.3333333333333,179.75075335957118,1840.142857142857,320.5024329452267,9380.0,4574.285955206562,7245.285714285715,5769.380027763979,6.12666686375936,2.983996333775818,4.731428614684506,3.7671050995986426,24.0,23.515952032609707,20.142857142857142,28.150953633512852,239.66666666666666,54.28013755816517,195.42857142857142,80.95648448983184,675.0,201.16659762495362,706.2857142857143,163.91432140574162,2033.0
5553957443,2016-04-25,10946,7.19000005722046,7.19000005722046,0.0,2.9300000667572,0.569999992847443,3.69000005722046,0.0,51,11,201,732,2033,1507.0,1776.0,2105.0,1683.0,1807.0,4112.0,11682.0,3727.0,1.17999994754791,2.69000005722046,7.63000011444092,2.4300000667572,0.0,0.0,25.0,0.0,0.0,0.0,16.0,0.0,104.0,272.0,270.0,206.0,582.0,443.0,781.0,622.0,1796.0,299.5012520841945,1855.857142857143,296.9878945745256,5867.0,5166.132499268675,7409.857142857143,5562.792686788755,3.833333373069763,3.373578788405301,4.838571463312413,3.632641035814789,8.333333333333334,14.433756729740681,20.142857142857142,28.150953633512852,215.33333333333334,96.4226805960783,203.71428571428572,64.38611207839335,602.0,169.88525539316237,654.7142857142857,130.38623941417836,2093.0
5553957443,2016-04-26,11886,7.76000022888184,7.76000022888184,0.0,2.36999988555908,0.930000007152557,4.46000003814697,0.0,40,18,238,750,2093,2033.0,1507.0,1776.0,2284.0,10946.0,1807.0,4112.0,15482.0,7.19000005722046,1.17999994754791,2.69000005722046,10.1099996566772,51.0,0.0,0.0,69.0,11.0,0.0,0.0,28.0,201.0,104.0,272.0,249.0,732.0,582.0,443.0,756.0,1772.0,263.0228126988232,1905.857142857143,292.4639171883309,5621.666666666667,4752.857070576954,8441.142857142857,5433.905790760191,3.6866666873296103,3.126505014908157,5.518571461950023,3.551236536837736,17.0,29.444863728670928,27.428571428571427,28.663897983684063,192.33333333333334,84.33465084609846,203.0,64.38426308760035,585.6666666666666,144.5348862155201,670.4285714285714,132.39946770141887,1922.0
5553957443,2016-04-27,10538,6.88000011444092,6.88000011444092,0.0,1.13999998569489,1.0,4.73999977111816,0.0,16,16,206,745,1922,2093.0,2033.0,1507.0,1570.0,11886.0,10946.0,1807.0,2713.0,7.76000022888184,7.19000005722046,1.17999994754791,1.76999998092651,40.0,51.0,0.0,0.0,18.0,11.0,0.0,0.0,238.0,201.0,104.0,148.0,750.0,732.0,582.0,598.0,1877.6666666666667,322.40554172242986,1878.5714285714287,258.2084798135396,8213.0,5567.632081953693,7927.428571428572,4789.05084044646,5.376666744550071,3.645577348338501,5.182857257979257,3.1310687074886374,30.333333333333332,26.839026311200897,23.285714285714285,23.235850789346227,181.0,69.20260110718384,201.42857142857142,63.19772449188645,688.0,92.23882046080168,669.5714285714286,131.77108577992007,1999.0
5553957443,2016-04-28,11393,7.63000011444092,7.63000011444092,0.0,3.71000003814697,0.75,3.17000007629395,0.0,49,13,165,727,1999,1922.0,2093.0,2033.0,2066.0,10538.0,11886.0,10946.0,12346.0,6.88000011444092,7.76000022888184,7.19000005722046,8.0600004196167,16.0,40.0,51.0,47.0,16.0,18.0,11.0,42.0,206.0,238.0,201.0,177.0,745.0,750.0,732.0,801.0,2016.0,86.75828490697585,1928.857142857143,219.46862233694426,11123.333333333334,691.2751502356703,9045.285714285714,4252.207925077892,7.276666800181073,0.44635568060187464,5.912857277052745,2.7786071568582504,35.666666666666664,17.89785834487841,25.571428571428573,21.267009998721353,215.0,20.074859899884753,209.71428571428572,58.664907982297485,742.3333333333334,9.291573243177957,690.5714285714286,130.1676574561402,2169.0
5553957443,2016-04-29,12764,8.32999992370605,8.32999992370605,0.0,2.78999996185303,0.639999985694885,4.90999984741211,0.0,46,15,270,709,2169,1999.0,1922.0,2093.0,2105.0,11393.0,10538.0,11886.0,11682.0,7.63000011444092,6.88000011444092,7.76000022888184,7.63000011444092,49.0,16.0,40.0,25.0,13.0,16.0,18.0,16.0,165.0,206.0,238.0,270.0,727.0,745.0,750.0,781.0,2004.6666666666667,85.6407224008143,1919.2857142857142,213.88058528511846,11272.333333333334,682.0530282414618,8909.142857142857,4142.763507152015,7.423333485921226,0.4750088124043437,5.851428662027634,2.7275107063337107,35.0,17.058722109231994,25.857142857142858,21.613487852330934,203.0,36.59234892706399,208.0,59.94163828258286,740.6666666666666,12.096831541082972,680.0,122.4826518328208,1463.0
5553957443,2016-04-30,1202,0.779999971389771,0.779999971389771,0.0,0.0,0.0,0.779999971389771,0.0,0,0,84,506,1463,2169.0,1999.0,1922.0,1776.0,12764.0,11393.0,10538.0,4112.0,8.32999992370605,7.63000011444092,6.88000011444092,2.69000005722046,46.0,49.0,16.0,0.0,15.0,13.0,16.0,0.0,270.0,165.0,206.0,272.0,709.0,727.0,745.0,443.0,2030.0,126.38433447227544,1928.4285714285713,224.25867292248134,11565.0,1122.9234168009925,9063.714285714286,4281.33307566252,7.613333384195964,0.7251435696743275,5.951428634779794,2.8150158982681814,37.0,18.24828759089467,28.857142857142858,22.89416644350383,213.66666666666666,52.91817583149796,208.0,59.94163828258286,727.0,18.000000000000174,669.7142857142857,115.40611521306587,1747.0
5553957443,2016-05-01,5164,3.36999988555908,3.36999988555908,0.0,0.0,0.0,3.36999988555908,0.0,0,0,237,436,1747,1463.0,2169.0,1999.0,1507.0,1202.0,12764.0,11393.0,1807.0,0.779999971389771,8.32999992370605,7.63000011444092,1.17999994754791,0.0,46.0,49.0,0.0,0.0,15.0,13.0,0.0,84.0,270.0,165.0,104.0,506.0,709.0,727.0,582.0,1877.0,368.4725227204874,1883.7142857142858,283.17998651370976,8453.0,6316.8553094083145,8648.0,4933.832621130689,5.580000003178913,4.171630396155036,5.678571479661124,3.243750090798476,31.666666666666668,27.465129406819365,28.857142857142858,22.89416644350383,173.0,93.2577074562741,181.14285714285714,68.0549497867436,647.3333333333334,122.72869808375441,678.7142857142857,95.5226226009914,1996.0
5553957443,2016-05-02,9769,6.38000011444092,6.38000011444092,0.0,1.05999994277954,0.409999996423721,4.90000009536743,0.0,23,9,227,724,1996,1747.0,1463.0,2169.0,2033.0,5164.0,1202.0,12764.0,10946.0,3.36999988555908,0.779999971389771,8.32999992370605,7.19000005722046,0.0,0.0,46.0,51.0,0.0,0.0,15.0,11.0,237.0,84.0,270.0,201.0,436.0,506.0,709.0,732.0,1793.0,355.24076342672186,1918.0,241.41734265237326,6376.666666666667,5875.6175278291685,9127.57142857143,4277.5631636537655,4.159999926884967,3.836495779870625,5.99142861366272,2.814802769313696,15.333333333333334,26.558112382722808,28.857142857142858,22.89416644350383,197.0,99.24212815130478,200.14285714285714,61.143079661366365,550.3333333333334,141.7968029728927,657.8571428571429,129.9094923032039,2116.0
5553957443,2016-05-03,12848,8.39000034332275,8.39000034332275,0.0,1.5,1.20000004768372,5.67999982833862,0.0,26,29,247,812,2116,1996.0,1747.0,1463.0,2093.0,9769.0,5164.0,1202.0,11886.0,6.38000011444092,3.36999988555908,0.779999971389771,7.76000022888184,23.0,0.0,0.0,40.0,9.0,0.0,0.0,18.0,227.0,237.0,84.0,238.0,724.0,436.0,506.0,750.0,1735.3333333333333,266.69145718101566,1912.7142857142858,238.8714537749781,5378.333333333333,4287.5198347451815,8959.42857142857,4216.873322622771,3.509999990463257,2.8026238460723003,5.875714336122785,2.773667053094607,7.666666666666667,13.27905619136145,24.857142857142858,20.723807335434053,182.66666666666666,85.59400290518802,203.85714285714286,61.987709995419195,555.3333333333334,150.20430530891366,656.7142857142857,129.18167347539963,1698.0
5553957443,2016-05-04,4249,2.76999998092651,2.76999998092651,0.0,0.0,0.0,2.76999998092651,0.0,0,0,224,651,1698,2116.0,1996.0,1747.0,1922.0,12848.0,9769.0,5164.0,10538.0,8.39000034332275,6.38000011444092,3.36999988555908,6.88000011444092,26.0,23.0,0.0,16.0,29.0,9.0,0.0,16.0,247.0,227.0,237.0,206.0,812.0,724.0,436.0,745.0,1953.0,188.22061523648247,1916.0,241.90356205176764,9260.333333333334,3867.17213650147,9096.857142857143,4341.967389274567,6.046666781107583,2.5265459588774934,5.965714352471488,2.8540548437934907,16.333333333333332,14.224392195567953,22.857142857142858,19.667473752607975,237.0,10.000000000000137,205.14285714285714,62.90052615420791,657.3333333333334,196.6655367199178,665.5714285714286,138.4375396377456,2156.0
5553957443,2016-05-05,14331,9.51000022888184,9.51000022888184,0.0,3.4300000667572,1.6599999666214,4.42999982833862,0.0,44,29,241,692,2156,1698.0,2116.0,1996.0,1999.0,4249.0,12848.0,9769.0,11393.0,2.76999998092651,8.39000034332275,6.38000011444092,7.63000011444092,0.0,26.0,23.0,49.0,0.0,29.0,9.0,13.0,224.0,247.0,227.0,165.0,651.0,812.0,724.0,727.0,1936.6666666666667,215.22391440853718,1884.0,255.41600054290527,8955.333333333334,4356.861293790903,8198.42857142857,4634.844364777988,5.846666812896726,2.8477068539854105,5.378571476255144,3.050608925515374,16.333333333333332,14.224392195567956,20.571428571428573,21.446500436024078,232.66666666666666,12.503332889007474,207.71428571428572,63.30801498945267,729.0,80.61637550770935,652.1428571428571,133.93459668986276,1916.0
5553957443,2016-05-06,9632,6.28999996185303,6.28999996185303,0.0,1.51999998092651,0.540000021457672,4.23000001907349,0.0,21,9,229,761,1916,2156.0,1698.0,2116.0,2169.0,14331.0,4249.0,12848.0,12764.0,9.51000022888184,2.76999998092651,8.39000034332275,8.32999992370605,44.0,0.0,26.0,46.0,29.0,0.0,29.0,15.0,241.0,224.0,247.0,270.0,692.0,651.0,812.0,709.0,1990.0,253.66907576604598,1906.4285714285713,273.4537481567083,10476.0,5443.479493853174,8618.142857142857,5083.645654730189,6.890000184377033,3.611703364513392,5.6471429211752735,3.349929033492265,23.333333333333332,22.120880030716098,19.857142857142858,20.39957982760569,237.33333333333334,11.930353445448967,218.57142857142858,61.24501923383144,718.3333333333334,83.66799467737549,647.1428571428571,131.3017245017858,1494.0
5553957443,2016-05-07,1868,1.22000002861023,1.22000002861023,0.0,0.0,0.0,1.22000002861023,0.0,0,0,96,902,1494,1916.0,2156.0,1698.0,1463.0,9632.0,14331.0,4249.0,1202.0,6.28999996185303,9.51000022888184,2.76999998092651,0.779999971389771,21.0,44.0,0.0,0.0,9.0,29.0,0.0,0.0,229.0,241.0,224.0,84.0,761.0,692.0,651.0,506.0,1923.3333333333333,229.08804712017027,1870.2857142857142,248.5509433266578,9404.0,5044.865607724353,8170.714285714285,4787.1206973951,6.19000005722046,3.371112697805335,5.355714355196271,3.16104350892357,21.666666666666668,22.007574453658773,16.285714285714285,16.957931140661838,231.33333333333334,8.736894948054262,212.71428571428572,57.343160841011354,701.3333333333334,55.59076661940664,654.5714285714286,136.74289395657476,1762.0
5553957443,2016-05-08,6083,4.0,4.0,0.0,0.219999998807907,0.469999998807907,3.29999995231628,0.0,3,8,210,505,1762,1494.0,1916.0,2156.0,1747.0,1868.0,9632.0,14331.0,5164.0,1.22000002861023,6.28999996185303,9.51000022888184,3.36999988555908,0.0,21.0,44.0,0.0,0.0,9.0,29.0,0.0,96.0,229.0,241.0,237.0,902.0,761.0,692.0,436.0,1855.3333333333333,335.1437502525348,1874.7142857142858,240.22122740348766,8610.333333333334,6294.000662006109,8265.857142857143,4629.561009734845,5.673333406448367,4.179262382351917,5.4185715062277655,3.057572297067064,21.666666666666668,22.007574453658773,16.285714285714285,16.95793114066184,188.66666666666666,80.47566920090405,214.42857142857142,52.85785070311111,785.0,107.03737664946763,711.1428571428571,146.59289270109994,2272.0
5553957443,2016-05-09,11611,7.57999992370605,7.57999992370605,0.0,2.13000011444092,0.889999985694885,4.55999994277954,0.0,59,22,251,667,2272,1762.0,1494.0,1916.0,1996.0,6083.0,1868.0,9632.0,9769.0,4.0,1.22000002861023,6.28999996185303,6.38000011444092,3.0,0.0,21.0,23.0,8.0,0.0,9.0,9.0,210.0,96.0,229.0,227.0,505.0,902.0,761.0,724.0,1724.0,213.55093069335996,1876.857142857143,238.95566434761398,5861.0,3886.7579034460086,8397.142857142857,4539.08410102638,3.8366666634877533,2.5389433165950486,5.508571522576468,2.995871868739399,8.0,11.357816691600606,16.714285714285715,16.509737386507048,178.33333333333334,71.93283904680348,210.57142857142858,51.91293076828146,722.6666666666666,201.25688394023527,721.0,125.86235868333846,2335.0
5553957443,2016-05-10,16358,10.710000038147,10.710000038147,0.0,3.86999988555908,1.61000001430511,5.19999980926514,0.0,61,40,265,707,2335,2272.0,1762.0,1494.0,2116.0,11611.0,6083.0,1868.0,12848.0,7.57999992370605,4.0,1.22000002861023,8.39000034332275,59.0,3.0,0.0,26.0,22.0,8.0,0.0,29.0,251.0,210.0,96.0,247.0,667.0,505.0,902.0,812.0,1842.6666666666667,395.22314372178846,1916.2857142857142,280.96839340971815,6520.666666666667,4886.223115386089,8660.285714285714,4682.981305190305,4.266666650772094,3.1883746632697063,5.680000066757201,3.086994307666507,20.666666666666668,33.23151115031235,21.857142857142858,23.08988646881697,185.66666666666666,80.31396723692173,214.0,53.93205602113338,691.3333333333334,199.61546366284685,712.8571428571429,127.46951082700602,1693.0
5553957443,2016-05-11,4926,3.22000002861023,3.22000002861023,0.0,0.0,0.0,3.22000002861023,0.0,0,0,195,628,1693,2335.0,2272.0,1762.0,1698.0,16358.0,11611.0,6083.0,4249.0,10.710000038147,7.57999992370605,4.0,2.76999998092651,61.0,59.0,3.0,0.0,40.0,22.0,8.0,0.0,265.0,251.0,210.0,224.0,707.0,667.0,505.0,651.0,2123.0,314.218077137519,1947.5714285714287,316.8184849104491,11350.666666666666,5142.444587288553,9161.714285714286,5346.957443702155,7.42999998728435,3.3575139781805934,6.011428594589238,3.5205370627969574,41.0,32.92415526630866,26.857142857142858,27.504112246647594,242.0,28.583211855912953,216.57142857142858,56.15115654153869,626.3333333333334,106.96416845529784,697.8571428571429,119.80599396723105,741.0
5577150313,2016-04-19,12574,9.42000007629395,9.42000007629395,0.0,7.01999998092651,0.639999985694885,1.75999999046326,0.0,108,23,111,733,3501,3625.0,4552.0,4274.0,3405.0,9893.0,12231.0,14269.0,8135.0,7.3899998664856,9.14000034332275,10.6599998474121,6.07999992370605,114.0,200.0,184.0,86.0,32.0,37.0,56.0,16.0,130.0,159.0,158.0,140.0,623.0,525.0,472.0,728.0,4150.333333333333,475.7124481588991,3776.285714285714,661.3374615846574,12131.0,2189.7132232326694,10041.142857142857,3088.7500399876667,9.063333352406817,1.6363475607085765,7.508571420397075,2.314090390060588,166.0,45.738386504117074,118.85714285714286,61.553306359687326,149.0,16.46207763315432,158.0,23.48758537327042,540.0,76.60939890117919,640.1428571428571,109.15345248995192,3192.0
5577150313,2016-04-20,8330,6.21999979019165,6.21999979019165,0.0,4.11999988555908,0.340000003576279,1.75999999046326,0.0,87,16,113,773,3192,3501.0,3625.0,4552.0,2551.0,12574.0,9893.0,12231.0,5077.0,9.42000007629395,7.3899998664856,9.14000034332275,3.78999996185303,108.0,114.0,200.0,15.0,23.0,32.0,37.0,11.0,111.0,130.0,159.0,144.0,733.0,623.0,525.0,776.0,3892.6666666666665,574.3555809194623,3790.0,653.3013597618382,11566.0,1458.975325356809,10675.285714285714,3087.8602469609773,8.650000095367433,1.1001365348004266,7.985714299338205,2.314777588206575,140.66666666666666,51.471675058553636,122.0,60.141499815019586,133.33333333333334,24.172987679087854,153.85714285714286,29.082804607010036,627.0,104.0576763146285,640.8571428571429,109.838409449865,4018.0
5577150313,2016-04-21,10830,8.09000015258789,8.09000015258789,0.0,3.65000009536743,1.6599999666214,2.77999997138977,0.0,110,74,175,670,4018,3192.0,3501.0,3625.0,4022.0,8330.0,12574.0,9893.0,8596.0,6.21999979019165,9.42000007629395,7.3899998664856,6.42000007629395,87.0,108.0,114.0,118.0,16.0,23.0,32.0,30.0,113.0,111.0,130.0,176.0,773.0,733.0,623.0,662.0,3439.3333333333335,222.98953637633542,3881.5714285714284,469.85843866099964,10265.666666666666,2146.402649395807,11140.0,2230.7372473392447,7.676666577657066,1.619146012635702,8.332857131958006,1.6742831102463713,103.0,14.177446878757735,132.28571428571428,42.30332644806351,118.0,10.440306508910563,149.42857142857142,32.93861534661683,709.6666666666666,77.67453465154028,640.4285714285714,109.22737316084759,3329.0
5577150313,2016-04-22,9172,6.84999990463257,6.84999990463257,0.0,2.42000007629395,0.790000021457672,3.29999995231628,0.0,62,30,200,823,3329,4018.0,3192.0,3501.0,4005.0,10830.0,8330.0,12574.0,12087.0,8.09000015258789,6.21999979019165,9.42000007629395,9.07999992370605,110.0,87.0,108.0,115.0,74.0,16.0,23.0,54.0,175.0,113.0,111.0,199.0,670.0,773.0,733.0,695.0,3570.3333333333335,417.34198606578394,3881.0,469.66158028946757,10578.0,2133.1929120452296,11459.142857142857,1948.0045712276485,7.91000000635783,1.6075759693544278,8.571428571428571,1.4617846783096566,101.66666666666667,12.741009902410827,131.14285714285714,42.85801586412423,133.0,36.386810797320486,149.28571428571428,32.80606796368769,725.3333333333334,51.926229723843186,641.5714285714286,109.53212183777741,3152.0
5577150313,2016-04-23,7638,5.71000003814697,5.71000003814697,0.0,1.21000003814697,0.360000014305115,4.1399998664856,0.0,24,24,223,627,3152,3329.0,4018.0,3192.0,4274.0,9172.0,10830.0,8330.0,14269.0,6.84999990463257,8.09000015258789,6.21999979019165,10.6599998474121,62.0,110.0,87.0,184.0,30.0,74.0,16.0,56.0,200.0,175.0,113.0,158.0,823.0,670.0,773.0,472.0,3513.0,442.6748242220238,3784.4285714285716,507.86115462885357,9444.0,1272.001572326075,11042.714285714286,2097.270425599723,7.053333282470703,0.951437694096575,8.25285714013236,1.5713658714150607,86.33333333333333,24.006943440041045,123.57142857142857,50.23231742897908,162.66666666666666,44.792112400882914,149.42857142857142,33.05983032249835,755.3333333333334,78.01495583113109,659.8571428571429,128.90879019863695,4392.0
5577150313,2016-04-24,15764,11.7799997329712,11.7799997329712,0.0,7.65000009536743,2.15000009536743,1.98000001907349,0.0,210,65,141,425,4392,3152.0,3329.0,4018.0,4552.0,7638.0,9172.0,10830.0,12231.0,5.71000003814697,6.84999990463257,8.09000015258789,9.14000034332275,24.0,62.0,110.0,200.0,24.0,30.0,74.0,37.0,223.0,200.0,175.0,159.0,627.0,823.0,670.0,525.0,3499.6666666666665,457.53069113812785,3624.1428571428573,504.6422589555987,9213.333333333334,1596.4013697480157,10095.42857142857,1883.83331332179,6.8833333651224775,1.1903501484335872,7.545714310237341,1.4134221807308667,65.33333333333333,43.09679029038391,100.71428571428571,54.383558439765864,199.33333333333334,24.00694344004093,158.71428571428572,43.384768009499545,706.6666666666666,103.01617995894301,682.0,101.70381834850977,3374.0
5577150313,2016-04-25,6393,4.78000020980835,4.78000020980835,0.0,1.35000002384186,0.670000016689301,2.75999999046326,0.0,61,38,214,743,3374,4392.0,3152.0,3329.0,3625.0,15764.0,7638.0,9172.0,9893.0,11.7799997329712,5.71000003814697,6.84999990463257,7.3899998664856,210.0,24.0,62.0,114.0,65.0,24.0,30.0,32.0,141.0,223.0,200.0,130.0,425.0,627.0,823.0,623.0,3624.3333333333335,670.6834822278933,3601.285714285714,456.984942963374,10858.0,4317.396900911474,10600.142857142857,2801.2452248105324,8.113333225250246,3.226179223637262,7.922857080187119,2.0967570980484567,98.66666666666667,98.2717321172947,102.14285714285714,57.47007502874452,188.0,42.2965719651131,156.14285714285714,43.89543853078044,625.0,199.00753754569197,667.7142857142857,130.4054118070697,3088.0
5577150313,2016-04-26,5325,3.98000001907349,3.98000001907349,0.0,0.850000023841858,0.649999976158142,2.47000002861023,0.0,38,32,181,759,3088,3374.0,4392.0,3152.0,3501.0,6393.0,15764.0,7638.0,12574.0,4.78000020980835,11.7799997329712,5.71000003814697,9.42000007629395,61.0,210.0,24.0,108.0,38.0,65.0,24.0,23.0,214.0,141.0,223.0,111.0,743.0,425.0,627.0,733.0,3639.3333333333335,661.2120184428992,3565.4285714285716,464.59798289950186,9931.666666666666,5089.164011243236,10100.142857142857,3228.308351060012,7.423333326975507,3.801530159031497,7.549999986376084,2.415187969908909,98.33333333333333,98.45980567385521,94.57142857142857,59.11530299016531,192.66666666666666,44.970360609331614,168.14285714285714,46.934097666936374,598.3333333333334,160.92648425083215,684.8571428571429,131.43113351539986,3294.0
5577150313,2016-04-27,6805,5.1399998664856,5.1399998664856,0.0,1.80999994277954,0.400000005960464,2.9300000667572,0.0,63,16,190,773,3294,3088.0,3374.0,4392.0,3192.0,5325.0,6393.0,15764.0,8330.0,3.98000001907349,4.78000020980835,11.7799997329712,6.21999979019165,38.0,61.0,210.0,87.0,32.0,38.0,65.0,16.0,181.0,214.0,141.0,113.0,759.0,743.0,425.0,773.0,3618.0,685.3874816481546,3506.4285714285716,499.08711902928576,9160.666666666666,5743.532391597817,9064.57142857143,3457.046227496476,6.846666653951012,4.291075800741587,6.772857121058875,2.582606557285677,103.0,93.37558567420072,84.57142857142857,62.29996560420972,178.66666666666666,36.5558932777374,178.14285714285714,39.6166150810009,642.3333333333334,188.38612829328312,688.5714285714286,133.3714826376028,3580.0
5577150313,2016-04-28,9841,7.42999982833862,7.42999982833862,0.0,3.25,1.16999995708466,3.00999999046326,0.0,99,51,141,692,3580,3294.0,3088.0,3374.0,4018.0,6805.0,5325.0,6393.0,10830.0,5.1399998664856,3.98000001907349,4.78000020980835,8.09000015258789,63.0,38.0,61.0,110.0,16.0,32.0,38.0,74.0,190.0,181.0,214.0,175.0,773.0,759.0,743.0,670.0,3252.0,147.5533801713787,3521.0,489.77920195396894,6174.333333333333,763.8464068995398,8846.714285714286,3557.640777925998,4.633333365122479,0.5937451338719303,6.618571417672295,2.652454297942516,54.0,13.892443989449804,81.14285714285714,62.80241123669422,195.0,17.058722109231706,189.14285714285714,27.28509099263161,758.3333333333334,15.01110699892977,688.5714285714286,133.3714826376028,3544.0
5577150313,2016-04-29,7924,5.92000007629395,5.92000007629395,0.0,2.83999991416931,0.610000014305115,2.47000002861023,0.0,97,36,165,739,3544,3580.0,3294.0,3088.0,3329.0,9841.0,6805.0,5325.0,9172.0,7.42999982833862,5.1399998664856,3.98000001907349,6.84999990463257,99.0,63.0,38.0,62.0,51.0,16.0,32.0,30.0,141.0,190.0,181.0,200.0,692.0,773.0,759.0,823.0,3320.6666666666665,247.08163293400176,3458.4285714285716,441.2799025346071,7323.666666666667,2302.243543444815,8705.42857142857,3484.6400510977146,5.516666571299237,1.7555719939292493,6.524285657065257,2.602696285494807,66.66666666666667,30.664855018951798,79.57142857142857,62.09363129676865,170.66666666666666,26.08320021265272,184.28571428571428,32.70939867843428,741.3333333333334,43.29357150124392,691.7142857142857,133.1198886789828,4501.0
5577150313,2016-04-30,12363,9.23999977111816,9.23999977111816,0.0,5.82999992370605,0.790000021457672,2.60999989509583,0.0,207,45,163,621,4501,3544.0,3580.0,3294.0,3152.0,7924.0,9841.0,6805.0,7638.0,5.92000007629395,7.42999982833862,5.1399998664856,5.71000003814697,97.0,99.0,63.0,24.0,36.0,51.0,16.0,24.0,165.0,141.0,190.0,223.0,739.0,692.0,773.0,627.0,3472.6666666666665,155.77333961025815,3489.1428571428573,438.24172499182407,8190.0,1535.3797575844235,8527.142857142857,3488.71368026342,6.16333325703939,1.1642307477302214,6.3914285387311685,2.607031578954191,86.33333333333333,20.231987873991354,84.57142857142857,61.85158888516161,165.33333333333334,24.501700621249284,179.28571428571428,32.58176527709058,734.6666666666666,40.673496694202726,679.7142857142857,122.69027981834898,4546.0
5577150313,2016-05-01,13368,9.98999977111816,9.98999977111816,0.0,5.30999994277954,1.44000005722046,3.24000000953674,0.0,194,72,178,499,4546,4501.0,3544.0,3580.0,4392.0,12363.0,7924.0,9841.0,15764.0,9.23999977111816,5.92000007629395,7.42999982833862,11.7799997329712,207.0,97.0,99.0,210.0,45.0,36.0,51.0,65.0,163.0,165.0,141.0,141.0,621.0,739.0,692.0,425.0,3875.0,542.430640727457,3681.8571428571427,548.1108247339002,10042.666666666666,2226.360782383066,9202.142857142857,3736.3214720975416,7.529999891916911,1.6622573515990113,6.89571421486991,2.788355754575615,134.33333333333334,62.93912402737532,110.71428571428571,70.1063817487735,156.33333333333334,13.316656236958607,170.71428571428572,26.487193671120135,684.0,59.40538696111646,678.8571428571429,123.14006736426694,3014.0
5577150313,2016-05-02,7439,5.55999994277954,5.55999994277954,0.0,1.12000000476837,0.349999994039536,4.07000017166138,0.0,37,20,235,732,3014,4546.0,4501.0,3544.0,3374.0,13368.0,12363.0,7924.0,6393.0,9.98999977111816,9.23999977111816,5.92000007629395,4.78000020980835,194.0,207.0,97.0,61.0,72.0,45.0,36.0,38.0,178.0,163.0,165.0,214.0,499.0,621.0,739.0,743.0,4197.0,565.9620128595201,3703.8571428571427,583.3245033345303,11218.333333333334,2896.891494918879,8859.857142857143,3088.604562396607,8.383333206176758,2.1660176780404337,6.63999993460519,2.306158292261653,166.0,60.10823570859487,108.42857142857143,66.49776222514845,168.66666666666666,8.144527815246695,176.0,23.03620339089461,619.6666666666666,120.00555542696061,689.4285714285714,98.40707485212833,3795.0
5577150313,2016-05-03,11045,8.25,8.25,0.0,4.51999998092651,0.150000005960464,3.5699999332428,0.0,97,8,212,580,3795,3014.0,4546.0,4501.0,3088.0,7439.0,13368.0,12363.0,5325.0,5.55999994277954,9.98999977111816,9.23999977111816,3.98000001907349,37.0,194.0,207.0,38.0,20.0,72.0,45.0,32.0,235.0,178.0,163.0,181.0,732.0,499.0,621.0,759.0,4020.3333333333335,871.8006270549092,3652.4285714285716,631.161325690682,11056.666666666666,3173.0333016426625,9009.285714285714,2972.485419884943,8.263333161671953,2.370998285380108,6.751428467886789,2.218486090171147,146.0,94.62029380635002,105.0,69.8832359487357,192.0,37.98683982644505,179.0,29.320072760255286,617.3333333333334,116.54326807385019,687.8571428571429,97.49261266275272,2755.0
5577150313,2016-05-04,5206,3.89000010490417,3.89000010490417,0.0,1.55999994277954,0.25,2.07999992370605,0.0,25,9,141,631,2755,3795.0,3014.0,4546.0,3294.0,11045.0,7439.0,13368.0,6805.0,8.25,5.55999994277954,9.98999977111816,5.1399998664856,97.0,37.0,194.0,63.0,8.0,20.0,72.0,16.0,212.0,235.0,178.0,190.0,580.0,732.0,499.0,773.0,3785.0,766.0489540492825,3753.4285714285716,580.3056255522768,10617.333333333334,2987.5465407811366,9826.42857142857,2546.5706258380014,7.9333332379659005,2.2319124083177906,7.361428465162005,1.892541686327997,109.33333333333333,79.22331306713531,113.42857142857143,63.743907271877475,208.33333333333334,28.67635495200398,183.42857142857142,31.900141811895523,603.6666666666666,118.28919364562981,662.2857142857143,99.18285182045385,3004.0
5577150313,2016-05-05,7550,5.6399998664856,5.6399998664856,0.0,2.5,0.469999998807907,2.67000007629395,0.0,45,21,143,1153,3004,2755.0,3795.0,3014.0,3580.0,5206.0,11045.0,7439.0,9841.0,3.89000010490417,8.25,5.55999994277954,7.42999982833862,25.0,97.0,37.0,99.0,9.0,8.0,20.0,51.0,141.0,212.0,235.0,141.0,631.0,580.0,732.0,692.0,3188.0,541.3935721820123,3676.4285714285716,678.8237024792367,7896.666666666667,2946.281441636786,9598.0,2908.7283590371003,5.9000000158945705,2.1997954015311434,7.182857070650372,2.174976622393732,53.0,38.574603043971806,108.0,70.059498523279,196.0,48.99999999999991,176.42857142857142,35.40177558097491,647.6666666666666,77.35847292529313,642.0,86.47157529115185,2643.0
5577150313,2016-05-06,4950,3.70000004768372,3.70000004768372,0.0,1.92999994754791,0.319999992847443,1.45000004768372,0.0,41,16,79,1304,2643,3004.0,2755.0,3795.0,3544.0,7550.0,5206.0,11045.0,7924.0,5.6399998664856,3.89000010490417,8.25,5.92000007629395,45.0,25.0,97.0,97.0,21.0,9.0,8.0,36.0,143.0,141.0,212.0,165.0,1153.0,631.0,580.0,739.0,3184.6666666666665,543.0288512899964,3594.1428571428573,725.7495960663542,7933.666666666667,2938.346530505437,9270.714285714286,3004.153997067266,5.926666657129924,2.1940905081497055,6.927142790385655,2.2451703760740047,55.666666666666664,37.166292972710266,100.28571428571429,74.07364417864672,165.33333333333334,40.42688874169428,176.71428571428572,35.074750109417636,788.0,317.1261578615047,707.8571428571429,213.35606277724932,1819.0
5577150313,2016-05-07,0,0.0,0.0,0.0,0.0,0.0,0.0,0.0,0,0,0,1440,1819,2643.0,3004.0,2755.0,4501.0,4950.0,7550.0,5206.0,12363.0,3.70000004768372,5.6399998664856,3.89000010490417,9.23999977111816,41.0,45.0,25.0,207.0,16.0,21.0,9.0,45.0,79.0,143.0,141.0,163.0,1304.0,1153.0,631.0,621.0,2800.6666666666665,184.78185336588916,3465.4285714285716,811.0139450389364,5902.0,1432.9382401206287,8845.857142857143,3409.326787337514,4.41000000635783,1.0694389872132337,6.609999929155622,2.547573904057979,37.0,10.583005244258308,92.28571428571429,77.43538012587072,121.0,36.38681079732049,164.42857142857142,51.21151284251467,1029.3333333333333,353.13217544332224,788.5714285714286,311.4315639873696,1819.0
5577150313,2016-05-08,0,0.0,0.0,0.0,0.0,0.0,0.0,0.0,0,0,0,1440,1819,1819.0,2643.0,3004.0,4546.0,0.0,4950.0,7550.0,13368.0,0.0,3.70000004768372,5.6399998664856,9.98999977111816,0.0,41.0,45.0,194.0,0.0,16.0,21.0,72.0,0.0,79.0,143.0,178.0,1440.0,1304.0,1153.0,499.0,2488.6666666666665,607.388124129319,3082.285714285714,871.5112763251572,4166.666666666667,3835.470418779597,7079.714285714285,4354.789038682419,3.1133333047231067,2.8654027681918253,5.289999961853027,3.253695265355623,28.666666666666668,24.906491790963496,62.714285714285715,64.8246719639837,74.0,71.6309988761849,141.14285714285714,80.59658506295116,1299.0,143.5653161456485,905.5714285714286,383.49135459305876,2489.0
5577150313,2016-05-09,3421,2.55999994277954,2.55999994277954,0.0,1.42999994754791,0.140000000596046,0.990000009536743,0.0,34,11,70,1099,2489,1819.0,1819.0,2643.0,3014.0,0.0,0.0,4950.0,7439.0,0.0,0.0,3.70000004768372,5.55999994277954,0.0,0.0,41.0,37.0,0.0,0.0,16.0,20.0,0.0,0.0,79.0,235.0,1440.0,1440.0,1304.0,732.0,2093.6666666666665,475.7366218122511,2692.714285714286,700.9828134568667,1650.0,2857.8838324886474,5170.0,4058.6508842224853,1.2333333492279066,2.1361960235318143,3.862857137407576,3.0319449802213114,13.666666666666666,23.671361036774627,35.0,32.999999999999986,26.333333333333332,45.610671265980514,115.71428571428571,93.99594722772943,1394.6666666666667,78.51963660978909,1040.0,382.14526033957316,3841.0
5577150313,2016-05-10,8869,6.65000009536743,6.65000009536743,0.0,2.55999994277954,0.75,3.34999990463257,0.0,104,37,194,639,3841,2489.0,1819.0,1819.0,3795.0,3421.0,0.0,0.0,11045.0,2.55999994277954,0.0,0.0,8.25,34.0,0.0,0.0,97.0,11.0,0.0,0.0,8.0,70.0,0.0,0.0,212.0,1099.0,1440.0,1440.0,580.0,2042.3333333333333,386.82468035704846,2617.714285714286,688.8591327418867,1140.3333333333333,1975.115270897709,4596.0,3967.3708758656053,0.8533333142598467,1.4780166560891799,3.434285708836147,2.9633193961217756,11.333333333333334,19.629909152447244,34.57142857142857,32.989175713947645,23.333333333333332,40.414518843273896,92.14285714285714,78.50993264428092,1326.3333333333333,196.87644179366234,1092.4285714285713,357.20808928077093,1665.0
6117666160,2016-04-19,11135,8.40999984741211,8.40999984741211,0.0,0.0,0.0,8.40999984741211,0.0,0,0,480,425,2606,2018.0,2225.0,2828.0,1496.0,5153.0,7150.0,14450.0,0.0,3.91000008583069,5.40000009536743,10.9099998474121,0.0,0.0,0.0,7.0,0.0,0.0,0.0,15.0,0.0,241.0,312.0,518.0,0.0,759.0,702.0,502.0,1440.0,2357.0,420.8241913198432,2060.5714285714284,608.4301814623316,8917.666666666666,4894.0817661062165,5824.571428571428,6397.022011768258,6.7400000095367405,3.6873702001582744,4.401428597314017,4.830739862635477,2.3333333333333335,4.041451884327381,1.0,2.6457513110645903,357.0,143.87842089764536,226.28571428571428,233.98056492346703,654.3333333333334,134.96789741762063,1029.142857142857,403.31643018496385,2536.0
6117666160,2016-04-20,10449,8.02000045776367,8.02000045776367,0.0,2.02999997138977,0.479999989271164,5.51999998092651,0.0,26,10,349,587,2536,2606.0,2018.0,2225.0,1496.0,11135.0,5153.0,7150.0,0.0,8.40999984741211,3.91000008583069,5.40000009536743,0.0,0.0,0.0,0.0,0.0,0.0,0.0,0.0,0.0,480.0,241.0,312.0,0.0,425.0,759.0,702.0,1440.0,2283.0,298.2599537316399,2219.1428571428573,580.7840759328228,7812.666666666667,3045.558460009157,7415.285714285715,6084.046890962344,5.90666667620341,2.292385816493426,5.602857146944318,4.593624958815651,0.0,0.0,1.0,2.6457513110645903,344.3333333333333,122.73684586681102,294.85714285714283,226.83799547358944,628.6666666666666,178.66822138627046,884.1428571428571,413.31885535319606,4900.0
6117666160,2016-04-21,19542,15.0100002288818,15.0100002288818,0.0,0.980000019073486,0.400000005960464,5.61999988555908,0.0,11,19,294,579,4900,2536.0,2606.0,2018.0,1496.0,10449.0,11135.0,5153.0,0.0,8.02000045776367,8.40999984741211,3.91000008583069,0.0,26.0,0.0,0.0,0.0,10.0,0.0,0.0,0.0,349.0,480.0,241.0,0.0,587.0,425.0,759.0,1440.0,2386.6666666666665,321.1873804079689,2367.714285714286,491.0548897647847,8912.333333333334,3273.6965854112614,8908.0,5175.476596411194,6.78000013033549,2.4931305767197003,6.748571498053415,3.9130185605049403,8.666666666666666,15.011106998930272,4.714285714285714,9.741907508530447,356.6666666666667,119.68430696350013,344.7142857142857,185.88680631476987,590.3333333333334,167.024948236284,762.2857142857143,341.65465716407954,2409.0
6117666160,2016-04-22,8206,6.19999980926514,6.19999980926514,0.0,0.0,0.0,6.19999980926514,0.0,0,0,402,413,2409,4900.0,2536.0,2606.0,2865.0,19542.0,10449.0,11135.0,14019.0,15.0100002288818,8.02000045776367,8.40999984741211,10.5900001525879,11.0,26.0,0.0,0.0,19.0,10.0,0.0,6.0,294.0,349.0,480.0,513.0,579.0,587.0,425.0,921.0,3347.3333333333335,1345.104209098066,2854.0,952.5472866652518,13708.666666666666,5063.445697677952,11699.714285714286,4828.51183817836,10.480000178019194,3.9279384193992835,8.892857245036529,3.7056835488735014,12.333333333333334,13.051181300301264,6.285714285714286,9.741907508530447,374.3333333333333,95.55277773740187,386.7142857142857,114.54215277313749,530.3333333333334,91.30899919139053,639.2857142857143,167.7107771191367,2651.0
6117666160,2016-04-23,11495,8.68000030517578,8.68000030517578,0.0,0.0,0.0,8.68000030517578,0.0,0,0,512,468,2651,2409.0,4900.0,2536.0,2828.0,8206.0,19542.0,10449.0,14450.0,6.19999980926514,15.0100002288818,8.02000045776367,10.9099998474121,0.0,11.0,26.0,7.0,0.0,19.0,10.0,15.0,402.0,294.0,349.0,518.0,413.0,579.0,587.0,502.0,3281.6666666666665,1402.955570691151,2788.8571428571427,967.1501828519065,12732.333333333334,6003.035260044153,10869.285714285714,4862.900907698534,9.74333349863687,4.650960591720314,8.265714338847562,3.7418928573117816,12.333333333333334,13.051181300301263,6.285714285714286,9.741907508530447,348.3333333333333,54.00308633155445,370.85714285714283,101.03205526206123,526.3333333333334,98.23102021934494,566.7142857142857,131.48981492332942,2305.0
6117666160,2016-04-24,7623,5.76000022888184,5.76000022888184,0.0,0.0,0.0,5.76000022888184,0.0,0,0,362,711,2305,2651.0,2409.0,4900.0,2225.0,11495.0,8206.0,19542.0,7150.0,8.68000030517578,6.19999980926514,15.0100002288818,5.40000009536743,0.0,0.0,11.0,0.0,0.0,0.0,19.0,0.0,512.0,402.0,294.0,312.0,468.0,413.0,579.0,702.0,3320.0,1373.6597104086586,2763.5714285714284,968.2693938401744,13081.0,5832.046896244923,10447.142857142857,4622.578696953011,9.96333344777424,4.5430424623351415,7.947142975670945,3.570236825726556,3.6666666666666665,6.350852961085885,5.285714285714286,10.011897684160344,402.6666666666667,109.0015290412631,370.0,99.59082956444003,486.6666666666667,84.55964364478696,561.8571428571429,134.8634229772582,1497.0
6117666160,2016-04-25,0,0.0,0.0,0.0,0.0,0.0,0.0,0.0,0,0,0,1440,1497,2305.0,2651.0,2409.0,2018.0,7623.0,11495.0,8206.0,5153.0,5.76000022888184,8.68000030517578,6.19999980926514,3.91000008583069,0.0,0.0,0.0,0.0,0.0,0.0,0.0,0.0,362.0,512.0,402.0,241.0,711.0,468.0,413.0,759.0,2455.0,177.52746266423054,2775.0,961.3001612399738,9108.0,2087.65394641929,10514.714285714286,4569.50167648821,6.880000114440921,1.5742936265730414,7.998571566173005,3.5297943328506722,0.0,0.0,5.285714285714286,10.011897684160344,425.3333333333333,77.67453465154018,377.14285714285717,96.48217205167767,530.6666666666666,158.57595446136645,563.1428571428571,136.45564428466434,2450.0
6117666160,2016-04-26,9543,7.21000003814697,7.21000003814697,0.0,0.0,0.340000003576279,6.86999988555908,0.0,0,7,352,1077,2450,1497.0,2305.0,2651.0,2606.0,0.0,7623.0,11495.0,11135.0,0.0,5.76000022888184,8.68000030517578,8.40999984741211,0.0,0.0,0.0,0.0,0.0,0.0,0.0,0.0,0.0,362.0,512.0,480.0,1440.0,711.0,468.0,425.0,2151.0,592.212799591498,2700.5714285714284,1046.1075242922936,6372.666666666667,5848.611487638187,9778.57142857143,5820.9387231826795,4.81333351135254,4.41675613205225,7.440000125340049,4.469030546644906,0.0,0.0,5.285714285714286,10.011897684160344,291.3333333333333,263.213474832375,342.7142857142857,168.94645531026916,873.0,505.8448378702703,660.4285714285714,359.62659205665767,2576.0
6117666160,2016-04-27,9411,7.1100001335144,7.1100001335144,0.0,0.0,0.0,7.1100001335144,0.0,0,0,458,417,2576,2450.0,1497.0,2305.0,2536.0,9543.0,0.0,7623.0,10449.0,7.21000003814697,0.0,5.76000022888184,8.02000045776367,0.0,0.0,0.0,26.0,7.0,0.0,0.0,10.0,352.0,0.0,362.0,349.0,1077.0,1440.0,711.0,587.0,2084.0,513.5007302818564,2678.285714285714,1050.1120121659583,5722.0,5047.530386238406,9551.142857142857,5790.12801898114,4.3233334223429365,3.8136640874987697,7.268571581159314,4.448589486568394,0.0,0.0,5.285714285714286,10.011897684160344,238.0,206.17468321789656,324.42857142857144,158.19593035521615,1076.0,364.5010288051325,753.5714285714286,372.6847895755236,1879.0
6117666160,2016-04-28,3403,2.59999990463257,2.59999990463257,0.0,0.0,0.0,2.59999990463257,0.0,0,0,141,758,1879,2576.0,2450.0,1497.0,4900.0,9411.0,9543.0,0.0,19542.0,7.1100001335144,7.21000003814697,0.0,15.0100002288818,0.0,0.0,0.0,11.0,0.0,7.0,0.0,19.0,458.0,352.0,0.0,294.0,417.0,1077.0,1440.0,579.0,2174.3333333333335,589.9612981656788,2684.0,1049.3172383348451,6318.0,5471.946545791547,9402.857142857143,5776.577228445099,4.77333339055379,4.1341303484848435,7.138571534837991,4.436250105347037,0.0,0.0,1.5714285714285714,4.157609203101499,270.0,239.75821153820777,340.0,166.18062462272795,978.0,518.6357103015565,729.2857142857143,390.46327795142446,2560.0
6117666160,2016-04-29,9592,7.23999977111816,7.23999977111816,0.0,0.0,0.0,7.23999977111816,0.0,0,0,461,479,2560,1879.0,2576.0,2450.0,2409.0,3403.0,9411.0,9543.0,8206.0,2.59999990463257,7.1100001335144,7.21000003814697,6.19999980926514,0.0,0.0,0.0,0.0,0.0,0.0,7.0,0.0,141.0,458.0,352.0,402.0,758.0,417.0,1077.0,413.0,2301.6666666666665,371.42204206715155,2252.4285714285716,416.33154141975797,7452.333333333333,3507.4465545940075,7097.285714285715,4004.1544556575072,5.640000025431313,2.633192083018991,5.365714345659528,3.019933069006843,0.0,0.0,0.0,0.0,317.0,161.37224048763773,318.14285714285717,182.49970645768963,750.6666666666666,330.0611054537225,754.8571428571429,384.8009998997007,2275.0
6117666160,2016-04-30,6987,5.28000020980835,5.28000020980835,0.0,0.0,0.0,5.28000020980835,0.0,0,0,343,1040,2275,2560.0,1879.0,2576.0,2651.0,9592.0,3403.0,9411.0,11495.0,7.23999977111816,2.59999990463257,7.1100001335144,8.68000030517578,0.0,0.0,0.0,0.0,0.0,0.0,0.0,0.0,461.0,141.0,458.0,512.0,479.0,758.0,417.0,468.0,2338.3333333333335,397.8747709183542,2274.0,429.4997089638121,7468.666666666667,3522.1334916969536,7295.285714285715,4101.207981163827,5.64999993642171,2.6421771556577305,5.514285768781389,3.092527924816265,0.0,0.0,0.0,0.0,353.3333333333333,183.8921785539921,326.57142857142856,188.28865883961006,551.3333333333334,181.64342358955173,764.2857142857143,375.73027306199054,2361.0
6117666160,2016-05-01,8915,6.73000001907349,6.73000001907349,0.0,0.0,0.0,6.73000001907349,0.0,0,0,397,525,2361,2275.0,2560.0,1879.0,2305.0,6987.0,9592.0,3403.0,7623.0,5.28000020980835,7.23999977111816,2.59999990463257,5.76000022888184,0.0,0.0,0.0,0.0,0.0,0.0,0.0,0.0,343.0,461.0,141.0,362.0,1040.0,479.0,758.0,711.0,2238.0,342.00438593678814,2220.285714285714,396.75673247205776,6660.666666666667,3107.3783698374054,6651.285714285715,3662.279104341339,5.0399999618530265,2.3292916905167793,5.028571469443184,2.7617653269766818,0.0,0.0,0.0,0.0,315.0,161.82706819317954,302.42857142857144,170.54897355584527,759.0,280.5013368952098,846.0,362.52172348702067,2044.0
6117666160,2016-05-02,4933,3.73000001907349,3.73000001907349,0.0,0.0,0.0,3.73000001907349,0.0,0,0,236,1204,2044,2361.0,2275.0,2560.0,1497.0,8915.0,6987.0,9592.0,0.0,6.73000001907349,5.28000020980835,7.23999977111816,0.0,0.0,0.0,0.0,0.0,0.0,0.0,0.0,0.0,397.0,343.0,461.0,0.0,525.0,1040.0,479.0,1440.0,2398.6666666666665,146.18595463769034,2228.285714285714,399.3059454794498,8498.0,1351.6371554526183,6835.857142857143,3750.8984891876826,6.416666666666667,1.0168740887551047,5.167142868041991,2.828119020937751,0.0,0.0,0.0,0.0,400.3333333333333,59.0705792534092,307.42857142857144,173.0807683740525,681.3333333333334,311.4648187730571,819.4285714285714,380.4395953555381,1496.0
6117666160,2016-05-03,0,0.0,0.0,0.0,0.0,0.0,0.0,0.0,0,0,0,1440,1496,2044.0,2361.0,2275.0,2450.0,4933.0,8915.0,6987.0,9543.0,3.73000001907349,6.73000001907349,5.28000020980835,7.21000003814697,0.0,0.0,0.0,0.0,0.0,0.0,0.0,7.0,236.0,397.0,343.0,352.0,1204.0,525.0,1040.0,1077.0,2226.6666666666665,163.9339297806675,2306.4285714285716,262.3959204096329,6945.0,1991.332217386149,7540.571428571428,2511.009216572941,5.246666749318443,1.5002777541812562,5.700000013623919,1.8871495332882102,0.0,0.0,0.0,0.0,325.3333333333333,81.94103571064572,341.14285714285717,117.17142508795767,923.0,354.2978972559673,785.7142857142857,322.2926797626209,1902.0
6117666160,2016-05-04,2997,2.25999999046326,2.25999999046326,0.0,0.0,0.0,2.25999999046326,0.0,0,0,156,1279,1902,1496.0,2044.0,2361.0,2576.0,0.0,4933.0,8915.0,9411.0,0.0,3.73000001907349,6.73000001907349,7.1100001335144,0.0,0.0,0.0,0.0,0.0,0.0,0.0,0.0,0.0,236.0,397.0,458.0,1440.0,1204.0,525.0,417.0,1967.0,437.610557459483,2170.1428571428573,391.4236530799786,4616.0,4465.945924437512,6177.285714285715,3597.954637211054,3.4866666793823264,3.371592116469043,4.670000008174351,2.712673962735225,0.0,0.0,0.0,0.0,211.0,199.6772395642528,290.85714285714283,173.65428161669251,1056.3333333333333,475.037191526446,837.5714285714286,397.4195336345278,2636.0
6117666160,2016-05-05,9799,7.40000009536743,7.40000009536743,0.0,0.0,0.0,7.40000009536743,0.0,0,0,487,479,2636,1902.0,1496.0,2044.0,1879.0,2997.0,0.0,4933.0,3403.0,2.25999999046326,0.0,3.73000001907349,2.59999990463257,0.0,0.0,0.0,0.0,0.0,0.0,0.0,0.0,156.0,0.0,236.0,141.0,1279.0,1440.0,1204.0,758.0,1814.0,284.40112517358205,2073.8571428571427,356.2674222974581,2643.3333333333335,2485.444091773811,5261.0,3450.891623914021,1.9966666698455835,1.8788915253102463,3.9771428448813313,2.6027466998420676,0.0,0.0,0.0,0.0,130.66666666666666,120.0222201649901,247.71428571428572,162.35528354580313,1307.6666666666667,120.58330453812155,960.7142857142857,378.48016869479153,1838.0
6117666160,2016-05-06,3365,2.6800000667572,2.6800000667572,0.0,0.0,0.0,2.6800000667572,0.0,0,0,133,673,1838,2636.0,1902.0,1496.0,2560.0,9799.0,2997.0,0.0,9592.0,7.40000009536743,2.25999999046326,0.0,7.23999977111816,0.0,0.0,0.0,0.0,0.0,0.0,0.0,0.0,487.0,156.0,0.0,461.0,479.0,1279.0,1440.0,479.0,2011.3333333333333,577.810811021508,2182.0,399.52680343960145,4265.333333333333,5021.115646281546,6174.714285714285,3713.6927136515387,3.22000002861023,3.79225531943606,4.662857157843454,2.8039776077194656,0.0,0.0,0.0,0.0,214.33333333333334,248.6852093175896,297.14285714285717,176.50441785918434,1066.0,514.691169537617,920.8571428571429,416.19683987725006,2469.0
6117666160,2016-05-07,7336,5.53999996185303,5.53999996185303,0.0,0.0,0.0,5.53999996185303,0.0,0,0,412,456,2469,1838.0,2636.0,1902.0,2275.0,3365.0,9799.0,2997.0,6987.0,2.6800000667572,7.40000009536743,2.25999999046326,5.28000020980835,0.0,0.0,0.0,0.0,0.0,0.0,0.0,0.0,133.0,487.0,156.0,343.0,673.0,479.0,1279.0,1040.0,2125.3333333333335,443.40651025140903,2078.8571428571427,378.31046710844345,5387.0,3825.3318810267983,5285.142857142857,3498.246533554169,4.113333384195964,2.854073154066605,4.011428628649031,2.629742916507521,0.0,0.0,0.0,0.0,258.6666666666667,198.0765845155185,250.28571428571428,169.13871455673535,810.3333333333334,417.3072409308678,948.5714285714286,387.3279648837044,2250.0
6117666160,2016-05-08,7328,5.53000020980835,5.53000020980835,0.0,0.0,0.0,5.53000020980835,0.0,0,0,318,517,2250,2469.0,1838.0,2636.0,2361.0,7336.0,3365.0,9799.0,8915.0,5.53999996185303,2.6800000667572,7.40000009536743,6.73000001907349,0.0,0.0,0.0,0.0,0.0,0.0,0.0,0.0,412.0,133.0,487.0,397.0,456.0,673.0,479.0,525.0,2314.3333333333335,420.8828023729799,2106.5714285714284,401.47140086721606,6833.333333333333,3246.3201218199924,5335.0,3528.896664209172,5.206666707992553,2.377589821882032,4.048571450369701,2.652385284395264,0.0,0.0,0.0,0.0,344.0,186.5395400444635,260.14285714285717,177.2582189645271,536.0,119.20151005754931,865.1428571428571,425.37882276524147,1248.0
6290855005,2016-04-19,7142,5.40000009536743,5.40000009536743,0.0,0.0,0.0,5.3899998664856,0.0099999997764825,0,0,321,1119,2839,2766.0,3171.0,2783.0,2560.0,6885.0,7851.0,8301.0,4562.0,5.21000003814697,5.94000005722046,6.28000020980835,3.45000004768372,0.0,31.0,0.0,0.0,0.0,12.0,0.0,0.0,271.0,225.0,258.0,199.0,1169.0,1172.0,1182.0,1241.0,2906.6666666666665,229.07713402549228,2861.8571428571427,188.52358700476415,7679.0,723.4998272287288,7416.142857142857,1521.3509817013987,5.810000101725261,0.5467175533677455,5.60857149532863,1.1495278227332153,10.333333333333334,17.897858344878397,4.428571428571429,11.716898663286043,251.33333333333334,23.71356854910982,284.85714285714283,63.349371402902314,1174.3333333333333,6.806859285553823,1149.0,58.47506591132097,2701.0
6290855005,2016-04-20,6361,4.80999994277954,4.80999994277954,0.0,0.0,0.0,4.80000019073486,0.0099999997764825,0,0,258,1182,2701,2839.0,2766.0,3171.0,2905.0,7142.0,6885.0,7851.0,7142.0,5.40000009536743,5.21000003814697,5.94000005722046,5.40000009536743,0.0,0.0,31.0,0.0,0.0,0.0,12.0,0.0,321.0,271.0,225.0,350.0,1119.0,1169.0,1172.0,1090.0,2925.3333333333335,215.8618385294941,2901.714285714286,136.33991135603497,7292.666666666667,500.3142345899562,7784.714285714285,900.4777832324562,5.516666730244953,0.37872593617556827,5.887142930712017,0.6793799027347915,10.333333333333334,17.897858344878397,4.428571428571429,11.716898663286043,272.3333333333333,48.01388688008222,302.2857142857143,51.45779592933185,1153.3333333333333,29.771350881902016,1131.5714285714287,42.476884470094014,2060.0
6290855005,2016-04-21,0,0.0,0.0,0.0,0.0,0.0,0.0,0.0,0,0,0,1440,2060,2701.0,2839.0,2766.0,2952.0,6361.0,7142.0,6885.0,7671.0,4.80999994277954,5.40000009536743,5.21000003814697,5.80000019073486,0.0,0.0,0.0,0.0,0.0,0.0,0.0,0.0,258.0,321.0,271.0,363.0,1182.0,1119.0,1169.0,1077.0,2768.6666666666665,69.03863652574114,2872.5714285714284,155.91756063473343,6796.0,398.0339181527129,7673.142857142857,1032.1421782828547,5.140000025431314,0.30116448387646955,5.802857194628033,0.7791600809754068,0.0,0.0,4.428571428571429,11.716898663286043,283.3333333333333,33.26158945891389,289.14285714285717,48.9265727780878,1156.6666666666667,33.2615894589138,1144.7142857142858,41.696180023731515,2796.0
6290855005,2016-04-22,6238,4.71999979019165,4.71999979019165,0.0,0.0,0.0,4.71999979019165,0.0,0,0,302,1138,2796,2060.0,2701.0,2839.0,2896.0,0.0,6361.0,7142.0,9501.0,0.0,4.80999994277954,5.40000009536743,7.17999982833862,0.0,0.0,0.0,0.0,0.0,0.0,0.0,0.0,0.0,258.0,321.0,328.0,1440.0,1182.0,1119.0,1112.0,2533.3333333333335,415.6853778199727,2745.1428571428573,338.1712724697498,4501.0,3917.491671975832,6577.285714285715,3078.4926351644735,3.40333334604899,2.9620994992167633,4.974285738808767,2.3277303483472007,0.0,0.0,4.428571428571429,11.716898663286043,193.0,170.08527273106276,237.28571428571428,110.82074758472844,1247.0,170.08527273106273,1196.5714285714287,111.21729053652453,2664.0
6290855005,2016-04-23,0,0.0,0.0,0.0,0.0,0.0,0.0,0.0,33,0,0,1407,2664,2796.0,2060.0,2701.0,2783.0,6238.0,0.0,6361.0,8301.0,4.71999979019165,0.0,4.80999994277954,6.28000020980835,0.0,0.0,0.0,0.0,0.0,0.0,0.0,0.0,302.0,0.0,258.0,258.0,1138.0,1440.0,1182.0,1182.0,2519.0,400.3336108797264,2730.8571428571427,332.8059637744038,4199.666666666667,3637.5379494011236,6111.142857142857,2796.089139528723,3.176666577657064,2.751441970325568,4.622857161930628,2.1152203917514494,0.0,0.0,4.428571428571429,11.716898663286043,186.66666666666666,163.14819439188818,233.57142857142858,107.66438151784018,1253.3333333333333,163.14819439188815,1200.2857142857142,108.31853378764299,2703.0
6290855005,2016-04-24,5896,4.46000003814697,4.46000003814697,0.0,0.0,0.0,4.46000003814697,0.0,0,0,258,1182,2703,2664.0,2796.0,2060.0,3171.0,0.0,6238.0,0.0,7851.0,0.0,4.71999979019165,0.0,5.94000005722046,33.0,0.0,0.0,31.0,0.0,0.0,0.0,12.0,0.0,302.0,0.0,225.0,1407.0,1138.0,1440.0,1172.0,2506.6666666666665,392.41474657985714,2713.8571428571427,332.737849050084,2079.3333333333335,3601.5109792048856,4925.285714285715,3406.2559951891317,1.5733332633972168,2.7250931494421278,3.7257142748151497,2.57667652779239,11.0,19.05255888325765,9.142857142857142,15.625071428408162,100.66666666666667,174.35978129526697,196.71428571428572,137.8401420555883,1328.3333333333333,165.65727672919573,1232.4285714285713,132.64094031489307,2771.0
6290855005,2016-04-25,7802,5.90000009536743,5.90000009536743,0.0,0.680000007152557,0.180000007152557,5.03000020980835,0.0099999997764825,8,3,249,1180,2771,2703.0,2664.0,2796.0,2766.0,5896.0,0.0,6238.0,6885.0,4.46000003814697,0.0,4.71999979019165,5.21000003814697,0.0,33.0,0.0,0.0,0.0,0.0,0.0,0.0,258.0,0.0,302.0,271.0,1182.0,1407.0,1138.0,1169.0,2721.0,67.8159273327456,2647.0,265.8746571851738,4044.6666666666665,3506.9555647788484,4646.0,3200.311391099309,3.0599999427795397,2.6532243978080556,3.5142857006617945,2.420701390628597,11.0,19.05255888325765,4.714285714285714,12.472827609304497,186.66666666666666,163.14819439188818,201.42857142857142,139.52282626014656,1242.3333333333333,144.2925269490188,1233.857142857143,131.9336052356494,2060.0
6290855005,2016-04-26,0,0.0,0.0,0.0,0.0,0.0,0.0,0.0,0,0,0,1440,2060,2771.0,2703.0,2664.0,2839.0,7802.0,5896.0,0.0,7142.0,5.90000009536743,4.46000003814697,0.0,5.40000009536743,8.0,0.0,33.0,0.0,3.0,0.0,0.0,0.0,249.0,258.0,0.0,321.0,1180.0,1182.0,1407.0,1119.0,2712.6666666666665,54.151023382144615,2647.714285714286,266.2540855935144,4566.0,4067.49013520623,4777.0,3323.628689650314,3.4533333778381334,3.0761231453026934,3.612857137407574,2.513528167646205,13.666666666666666,17.21433511156714,5.857142857142857,12.33462026747711,169.0,146.42745644174798,198.28571428571428,137.93321365273638,1256.3333333333333,130.48499275140156,1235.4285714285713,131.09520350093806,2743.0
6290855005,2016-04-27,5565,4.21000003814697,4.21000003814697,0.0,0.0,0.0,4.17999982833862,0.0299999993294477,0,0,287,1153,2743,2060.0,2771.0,2703.0,2701.0,0.0,7802.0,5896.0,6361.0,0.0,5.90000009536743,4.46000003814697,4.80999994277954,0.0,8.0,0.0,0.0,0.0,3.0,0.0,0.0,0.0,249.0,258.0,258.0,1440.0,1180.0,1182.0,1182.0,2511.3333333333335,392.34211261771736,2536.4285714285716,328.50005435963953,4566.0,4067.4901352062307,3756.714285714286,3564.142473503068,3.4533333778381334,3.0761231453026934,2.841428552355084,2.695678189484793,2.6666666666666665,4.6188021535169925,5.857142857142857,12.33462026747711,169.0,146.42745644174798,152.42857142857142,143.58024137842125,1267.3333333333333,149.537063410157,1281.2857142857142,139.4569399321455,2687.0
6290855005,2016-04-28,5731,4.32999992370605,4.32999992370605,0.0,0.0,0.0,4.32999992370605,0.0,0,0,255,1185,2687,2743.0,2060.0,2771.0,2060.0,5565.0,0.0,7802.0,0.0,4.21000003814697,0.0,5.90000009536743,0.0,0.0,0.0,8.0,0.0,0.0,0.0,3.0,0.0,287.0,0.0,249.0,0.0,1153.0,1440.0,1180.0,1440.0,2524.6666666666665,402.65659479677424,2542.4285714285716,332.36769655651875,4455.666666666667,4017.5572594965383,3643.0,3478.8826271280445,3.3700000445048004,3.0383713191976813,2.755714280264717,2.631424564915018,2.6666666666666665,4.6188021535169925,5.857142857142857,12.33462026747711,178.66666666666666,155.8920566717026,156.57142857142858,147.49899111842214,1257.6666666666667,158.48133433730715,1277.142857142857,143.2764560461446,2060.0
6290855005,2016-04-29,0,0.0,0.0,0.0,0.0,0.0,0.0,0.0,0,0,0,1440,2060,2687.0,2743.0,2060.0,2796.0,5731.0,5565.0,0.0,6238.0,4.32999992370605,4.21000003814697,0.0,4.71999979019165,0.0,0.0,0.0,0.0,0.0,0.0,0.0,0.0,255.0,287.0,0.0,302.0,1185.0,1153.0,1440.0,1138.0,2496.6666666666665,379.19959563972856,2632.0,256.5190051438692,3765.3333333333335,3261.9304611431157,4461.714285714285,3136.133219655786,2.8466666539510066,2.4660156674626013,3.3742856979370104,2.3717915642818745,0.0,0.0,5.857142857142857,12.33462026747711,180.66666666666666,157.2778857097632,193.0,133.1790774358595,1259.3333333333333,157.27788570976315,1240.7142857142858,126.3905511839054,2843.0
6290855005,2016-04-30,6744,5.09999990463257,5.09999990463257,0.0,0.0,0.0,5.09000015258789,0.0099999997764825,0,0,324,1116,2843,2060.0,2687.0,2743.0,2664.0,0.0,5731.0,5565.0,0.0,0.0,4.32999992370605,4.21000003814697,0.0,0.0,0.0,0.0,33.0,0.0,0.0,0.0,0.0,0.0,255.0,287.0,0.0,1440.0,1185.0,1153.0,1407.0,2496.6666666666665,379.19959563972856,2526.8571428571427,320.8620828182672,3765.3333333333335,3261.9304611431157,3570.5714285714284,3420.641843141081,2.8466666539510066,2.4660156674626013,2.7000000136239173,2.5866516519467937,0.0,0.0,5.857142857142857,12.33462026747711,180.66666666666666,157.2778857097632,149.85714285714286,140.68810488858983,1259.3333333333333,157.27788570976315,1283.857142857143,136.6155537404489,3327.0
6290855005,2016-05-01,9837,7.44000005722046,7.44000005722046,0.0,0.660000026226044,2.75,4.0,0.0199999995529652,8,95,282,1055,3327,2843.0,2060.0,2687.0,2703.0,6744.0,0.0,5731.0,5896.0,5.09999990463257,0.0,4.32999992370605,4.46000003814697,0.0,0.0,0.0,0.0,0.0,0.0,0.0,0.0,324.0,0.0,255.0,258.0,1116.0,1440.0,1185.0,1182.0,2530.0,414.43817391741345,2552.4285714285716,340.1655759297513,4158.333333333333,3636.6666513901623,4534.0,3189.2802218264433,3.143333276112873,2.7492968294084914,3.428571428571427,2.411738165294778,0.0,0.0,1.1428571428571428,3.0237157840738127,193.0,170.66634114552292,196.14285714285714,136.40067029579748,1247.0,170.66634114552286,1242.2857142857142,137.17229346787957,2725.0
6290855005,2016-05-02,6781,5.13000011444092,5.13000011444092,0.0,0.0,0.0,5.1100001335144,0.0199999995529652,0,0,268,1172,2725,3327.0,2843.0,2060.0,2771.0,9837.0,6744.0,0.0,7802.0,7.44000005722046,5.09999990463257,0.0,5.90000009536743,8.0,0.0,0.0,8.0,95.0,0.0,0.0,3.0,282.0,324.0,0.0,249.0,1055.0,1116.0,1440.0,1180.0,2743.3333333333335,639.3530584374595,2641.5714285714284,450.1739875288435,5527.0,5030.154967791748,5097.0,3765.5683944569814,4.179999987284344,3.804365925985653,3.854285717010497,2.847746827056506,2.6666666666666665,4.6188021535169925,2.2857142857142856,3.903600291794129,202.0,176.19307591389625,199.57142857142858,138.50012893237937,1203.6666666666667,206.93074525872981,1224.142857142857,153.85862403673116,2671.0
6290855005,2016-05-03,6047,4.57000017166138,4.57000017166138,0.0,0.0,0.0,4.57000017166138,0.0,0,0,240,1200,2671,2725.0,3327.0,2843.0,2060.0,6781.0,9837.0,6744.0,0.0,5.13000011444092,7.44000005722046,5.09999990463257,0.0,0.0,8.0,0.0,0.0,0.0,95.0,0.0,0.0,268.0,282.0,324.0,0.0,1172.0,1055.0,1116.0,1440.0,2965.0,319.0047021597018,2635.0,448.3016097822242,7787.333333333333,1775.1598050128664,4951.142857142857,3661.6695385471103,5.890000025431316,1.3424232108604568,3.7442857197352812,2.7693492573844103,2.6666666666666665,4.6188021535169925,1.1428571428571428,3.0237157840738127,291.3333333333333,29.14332399252598,202.28571428571428,139.8102455541251,1114.3333333333333,58.51780355868931,1223.0,154.27032551120558,2718.0
6290855005,2016-05-04,5832,4.40999984741211,4.40999984741211,0.0,0.0,0.0,4.40000009536743,0.0099999997764825,0,0,272,1168,2718,2671.0,2725.0,3327.0,2743.0,6047.0,6781.0,9837.0,5565.0,4.57000017166138,5.13000011444092,7.44000005722046,4.21000003814697,0.0,0.0,8.0,0.0,0.0,0.0,95.0,0.0,240.0,268.0,282.0,287.0,1200.0,1172.0,1055.0,1153.0,2907.6666666666665,364.1556443793414,2722.285714285714,370.4019052712494,7555.0,2010.0577106142964,5815.0,2941.379664941833,5.713333447774254,1.5213261218787444,4.3971428871154785,2.2246476610301578,2.6666666666666665,4.6188021535169925,1.1428571428571428,3.0237157840738127,263.3333333333333,21.385353243127398,236.57142857142858,107.66902547909979,1142.3333333333333,76.91770494062699,1188.7142857142858,121.11112567351027,2682.0
6290855005,2016-05-05,6339,4.78999996185303,4.78999996185303,0.0,0.0,0.0,4.78999996185303,0.0,0,0,239,1201,2682,2718.0,2671.0,2725.0,2687.0,5832.0,6047.0,6781.0,5731.0,4.40999984741211,4.57000017166138,5.13000011444092,4.32999992370605,0.0,0.0,0.0,0.0,0.0,0.0,0.0,0.0,272.0,240.0,268.0,255.0,1168.0,1200.0,1172.0,1185.0,2704.6666666666665,29.365512652316063,2718.714285714286,370.2893977623965,6220.0,497.59119767133876,5853.142857142857,2939.3278953173076,4.703333377838137,0.3780653436013745,4.42571428843907,2.2231273720839964,0.0,0.0,1.1428571428571428,3.0237157840738127,260.0,17.43559577416286,234.42857142857142,106.64248237742329,1180.0,17.435595774163424,1190.857142857143,120.50508781987682,2806.0
6290855005,2016-05-06,6116,4.61999988555908,4.61999988555908,0.0,0.0,0.0,4.59000015258789,0.0299999993294477,0,0,305,1135,2806,2682.0,2718.0,2671.0,2060.0,6339.0,5832.0,6047.0,0.0,4.78999996185303,4.40999984741211,4.57000017166138,0.0,0.0,0.0,0.0,0.0,0.0,0.0,0.0,0.0,239.0,272.0,240.0,0.0,1201.0,1168.0,1200.0,1440.0,2690.3333333333335,24.583192089989726,2718.0,370.36558515427276,6072.666666666667,254.47265733931403,5940.0,2944.09635258993,4.589999993642173,0.19078788327153243,4.491428579602924,2.2266224837501762,0.0,0.0,1.1428571428571428,3.0237157840738127,250.33333333333334,18.770544300401607,232.14285714285714,106.2989943060431,1189.6666666666667,18.77054430040211,1193.142857142857,120.52721486788599,2613.0
6290855005,2016-05-07,5510,4.17000007629395,4.17000007629395,0.0,0.0,0.0,4.15999984741211,0.0,0,0,227,1213,2613,2806.0,2682.0,2718.0,2843.0,6116.0,6339.0,5832.0,6744.0,4.61999988555908,4.78999996185303,4.40999984741211,5.09999990463257,0.0,0.0,0.0,0.0,0.0,0.0,0.0,0.0,305.0,239.0,272.0,324.0,1135.0,1201.0,1168.0,1116.0,2735.3333333333335,63.791326474163576,2824.5714285714284,230.32647636406418,6095.666666666667,254.11086819207827,6813.714285714285,1379.0068545014192,4.606666564941407,0.19035061025067532,5.151428563254221,1.0441492675023494,0.0,0.0,1.1428571428571428,3.0237157840738127,272.0,33.00000000000009,275.7142857142857,31.42564921479613,1168.0,33.000000000000384,1149.5714285714287,52.14357468521364,2712.0
6290855005,2016-05-08,7706,5.82999992370605,5.82999992370605,0.0,0.0,0.0,5.82000017166138,0.0,0,0,251,1189,2712,2613.0,2806.0,2682.0,3327.0,5510.0,6116.0,6339.0,9837.0,4.17000007629395,4.61999988555908,4.78999996185303,7.44000005722046,0.0,0.0,0.0,8.0,0.0,0.0,0.0,95.0,227.0,305.0,239.0,282.0,1213.0,1135.0,1201.0,1055.0,2700.3333333333335,97.79740964531386,2791.714285714286,243.29934531061025,5988.333333333333,428.99222992186304,6637.428571428572,1465.562105717216,4.5266666412353525,0.3203643010625855,5.018571444920133,1.1089398862426671,0.0,0.0,1.1428571428571428,3.0237157840738127,257.0,42.00000000000007,261.85714285714283,27.75745288163485,1183.0,42.000000000000306,1163.4285714285713,54.567564061620985,2175.0
6290855005,2016-05-09,6277,4.75,4.75,0.0,0.0,0.0,4.73000001907349,0.0199999995529652,0,0,264,800,2175,2712.0,2613.0,2806.0,2725.0,7706.0,5510.0,6116.0,6781.0,5.82999992370605,4.17000007629395,4.61999988555908,5.13000011444092,0.0,0.0,0.0,0.0,0.0,0.0,0.0,0.0,251.0,227.0,305.0,268.0,1189.0,1213.0,1135.0,1172.0,2710.3333333333335,96.51079386956326,2703.8571428571427,59.102815983192286,6444.0,1134.1481384722172,6333.0,723.7729846666894,4.87333329518636,0.8585063981573415,4.788571425846646,0.5482222204697818,0.0,0.0,0.0,0.0,261.0,39.94996871087643,257.42857142857144,26.45031280758389,1179.0,39.949968710876675,1182.5714285714287,26.45031280758497,0.0
6775888955,2016-04-19,0,0.0,0.0,0.0,0.0,0.0,0.0,0.0,0,0,0,1440,1841,2798.0,2067.0,2225.0,1841.0,8294.0,2497.0,4732.0,0.0,5.94999980926514,1.78999996185303,3.39000010490417,0.0,30.0,5.0,36.0,0.0,31.0,24.0,18.0,0.0,146.0,19.0,9.0,0.0,1233.0,1392.0,1377.0,1440.0,2363.3333333333335,384.63272525011854,2280.714285714286,315.9043707019126,5174.333333333333,2923.7042144056454,3717.1428571428573,2751.175168818556,3.7099999586741137,2.098380235426074,2.6657142894608645,1.9731941312159715,23.666666666666668,16.44181660685137,14.571428571428571,14.257829929050013,58.0,76.3740793725201,60.285714285714285,54.66782809451487,1334.0,87.7895210147527,1190.5714285714287,227.8938767225198,3727.0
6775888955,2016-04-20,10771,7.71999979019165,7.71999979019165,0.0,3.76999998092651,1.74000000953674,2.22000002861023,0.0,70,113,178,1079,3727,1841.0,2798.0,2067.0,2400.0,0.0,8294.0,2497.0,4053.0,0.0,5.94999980926514,1.78999996185303,2.91000008583069,0.0,30.0,5.0,17.0,0.0,31.0,24.0,18.0,0.0,146.0,19.0,85.0,1440.0,1233.0,1392.0,1053.0,2235.3333333333335,500.21428741423733,2280.714285714286,315.9043707019126,3597.0,4255.009870728856,3717.1428571428573,2751.175168818556,2.579999923706057,3.052654482144948,2.6657142894608645,1.9731941312159715,11.666666666666666,16.072751268321593,14.571428571428571,14.257829929050013,55.0,79.37883848986453,60.285714285714285,54.66782809451487,1355.0,108.34666584625339,1190.5714285714287,227.8938767225198,1841.0
6775888955,2016-04-21,0,0.0,0.0,0.0,0.0,0.0,0.0,0.0,0,0,0,1440,1841,3727.0,1841.0,2798.0,2507.0,10771.0,0.0,8294.0,5162.0,7.71999979019165,0.0,5.94999980926514,3.70000004768372,70.0,0.0,30.0,14.0,113.0,0.0,31.0,24.0,178.0,0.0,146.0,105.0,1079.0,1440.0,1233.0,863.0,2788.6666666666665,943.0346405797262,2470.285714285714,635.7050454117103,6355.0,5641.223360229587,4676.857142857143,3842.970397516806,4.5566665331522636,4.044209737869979,3.352857104369573,2.7550541468609917,33.333333333333336,35.11884584284247,22.142857142857142,25.44555345195287,108.0,94.88940931421169,73.57142857142857,70.64195434927969,1250.6666666666667,181.14726973745178,1194.2857142857142,225.47706038953223,1922.0
6775888955,2016-04-22,637,0.46000000834465,0.46000000834465,0.0,0.0,0.0,0.46000000834465,0.0,0,0,20,1420,1922,1841.0,3727.0,1841.0,2127.0,0.0,10771.0,0.0,1282.0,0.0,7.71999979019165,0.0,0.920000016689301,0.0,70.0,0.0,0.0,0.0,113.0,0.0,0.0,0.0,178.0,0.0,58.0,1440.0,1079.0,1440.0,976.0,2469.6666666666665,1088.8826076916341,2375.1428571428573,677.7429278055773,3590.3333333333335,6218.639749441459,3939.4285714285716,4211.918638702275,2.573333263397217,4.457143957011004,2.8242856689861844,3.019585189942531,23.333333333333332,40.414518843273804,20.142857142857142,26.71097509407305,59.333333333333336,102.76834791575338,58.57142857142857,73.92757073166759,1319.6666666666667,208.42344717745422,1276.7142857142858,186.2361532085131,1841.0
6775888955,2016-04-23,0,0.0,0.0,0.0,0.0,0.0,0.0,0.0,0,0,0,1440,1841,1922.0,1841.0,3727.0,2225.0,637.0,0.0,10771.0,4732.0,0.46000000834465,0.0,7.71999979019165,3.39000010490417,0.0,0.0,70.0,36.0,0.0,0.0,113.0,18.0,20.0,0.0,178.0,9.0,1420.0,1440.0,1079.0,1377.0,2496.6666666666665,1066.2693530873582,2345.8571428571427,694.4749644087078,3802.6666666666665,6043.1526816168835,3847.285714285714,4286.144876781687,2.7266665995121,4.330465594687918,2.7585713820798055,3.072476812577754,23.333333333333332,40.414518843273804,20.142857142857142,26.71097509407305,66.0,97.50897394599124,53.142857142857146,75.35787632231632,1313.0,202.89652535220935,1340.142857142857,135.42701425666954,2053.0
6775888955,2016-04-24,2153,1.53999996185303,1.53999996185303,0.0,0.769999980926514,0.620000004768372,0.150000005960464,0.0,11,18,11,1400,2053,1841.0,1922.0,1841.0,2067.0,0.0,637.0,0.0,2497.0,0.0,0.46000000834465,0.0,1.78999996185303,0.0,0.0,0.0,5.0,0.0,0.0,0.0,24.0,0.0,20.0,0.0,19.0,1440.0,1420.0,1440.0,1392.0,1868.0,46.76537180435462,2291.0,720.2987805996434,212.33333333333334,367.77212147379174,3171.285714285714,4491.58998255947,0.15333333611488334,0.26558112864501354,2.2742856528077815,3.2199888133334165,0.0,0.0,15.0,26.614532371118855,6.666666666666667,11.547005383792182,51.857142857142854,76.30733597636286,1433.3333333333333,11.547005383776614,1349.142857142857,140.29068461760448,2484.0
6775888955,2016-04-25,6474,4.6399998664856,4.6399998664856,0.0,2.26999998092651,0.46000000834465,1.89999997615814,0.0,33,13,92,1302,2484,2053.0,1841.0,1922.0,2798.0,2153.0,0.0,637.0,8294.0,1.53999996185303,0.0,0.46000000834465,5.94999980926514,11.0,0.0,0.0,30.0,18.0,0.0,0.0,31.0,11.0,0.0,20.0,146.0,1400.0,1440.0,1420.0,1233.0,1938.6666666666667,106.97819092381835,2289.0,721.043456850325,930.0,1106.001356237866,3122.1428571428573,4502.066615402733,0.66666665673256,0.7905272280533746,2.238571367093496,3.227632827682512,3.6666666666666665,6.350852961085888,15.857142857142858,26.333936099189398,10.333333333333334,10.016652800877452,50.714285714285715,76.93875115032364,1420.0,19.999999999991104,1350.2857142857142,140.72990002804926,2584.0
6775888955,2016-04-26,7091,5.26999998092651,5.26999998092651,1.95959603786469,3.48000001907349,0.870000004768372,0.730000019073486,0.0,42,30,47,1321,2584,2484.0,2053.0,1841.0,1841.0,6474.0,2153.0,0.0,0.0,4.6399998664856,1.53999996185303,0.0,0.0,33.0,11.0,0.0,0.0,13.0,18.0,0.0,0.0,92.0,11.0,0.0,0.0,1302.0,1400.0,1440.0,1440.0,2126.0,327.6568326771163,2244.1428571428573,693.335038917316,2875.6666666666665,3296.9462132909193,2862.1428571428573,4195.737179112924,2.0599999427795432,2.3633027049807387,2.05142851812499,3.0070107708734737,14.666666666666666,16.802777548171417,16.285714285714285,26.625265480456,34.333333333333336,50.24274408641838,43.0,67.97793759742935,1380.6666666666667,71.00234737903398,1360.142857142857,133.3696974221512,1841.0
6775888955,2016-04-27,0,0.0,0.0,0.0,0.0,0.0,0.0,0.0,0,0,0,1440,1841,2584.0,2484.0,2053.0,3727.0,7091.0,6474.0,2153.0,10771.0,5.26999998092651,4.6399998664856,1.53999996185303,7.71999979019165,42.0,33.0,11.0,70.0,30.0,13.0,18.0,113.0,47.0,92.0,11.0,178.0,1321.0,1302.0,1400.0,1079.0,2373.6666666666665,282.1707520869829,2350.285714285714,678.0358186914399,5239.333333333333,2690.587730094176,3875.1428571428573,4245.261100276851,3.8166666030883802,1.996655524254065,2.8042856582573488,3.0669194326701943,28.666666666666668,15.947831618540926,22.285714285714285,27.072213834571453,50.0,40.583247775406015,49.714285714285715,65.29092403929324,1341.0,51.971145840742395,1343.142857142857,129.0070134675224,1993.0
6775888955,2016-04-28,703,0.5,0.5,0.0,0.0599999986588955,0.200000002980232,0.239999994635582,0.0,2,13,15,1410,1993,1841.0,2584.0,2484.0,1841.0,0.0,7091.0,6474.0,0.0,0.0,5.26999998092651,4.6399998664856,0.0,0.0,42.0,33.0,0.0,0.0,30.0,13.0,0.0,0.0,47.0,92.0,0.0,1440.0,1321.0,1302.0,1440.0,2303.0,403.21582310221925,2080.8571428571427,319.9694925933969,4521.666666666667,3928.011498625396,2336.4285714285716,3136.448249062564,3.303333282470703,2.8780606521332888,1.7014285453728273,2.295709214493775,25.0,22.113344387495985,12.285714285714286,17.876560870912183,46.333333333333336,46.00362304572685,24.285714285714285,34.31576064392899,1354.3333333333333,74.79527614316981,1394.7142857142858,58.94832280824209,1841.0
6775888955,2016-04-29,0,0.0,0.0,0.0,0.0,0.0,0.0,0.0,0,0,0,1440,1841,1993.0,1841.0,2584.0,1922.0,703.0,0.0,7091.0,637.0,0.5,0.0,5.26999998092651,0.46000000834465,2.0,0.0,42.0,0.0,13.0,0.0,30.0,0.0,15.0,0.0,47.0,20.0,1410.0,1440.0,1321.0,1420.0,2139.3333333333335,392.52048778800474,2102.5714285714284,305.8239456195107,2598.0,3906.8963385275524,2436.8571428571427,3059.4780289330097,1.9233333269755033,2.909060547582453,1.7728571168013987,2.241076450948764,14.666666666666666,23.692474191889147,12.571428571428571,17.66217373236887,20.666666666666668,24.006943440041,26.428571428571427,32.989175713947624,1390.3333333333333,61.88968680913639,1390.4285714285713,56.13037544519904,2280.0
6775888955,2016-04-30,2503,1.78999996185303,1.78999996185303,0.0,0.159999996423721,0.159999996423721,1.48000001907349,0.0,3,9,84,1344,2280,1841.0,1993.0,1841.0,1841.0,0.0,703.0,0.0,0.0,0.0,0.5,0.0,0.0,0.0,2.0,0.0,0.0,0.0,13.0,0.0,0.0,0.0,15.0,0.0,0.0,1440.0,1410.0,1440.0,1440.0,1891.6666666666667,87.75724091681913,2091.0,315.1840732016764,234.33333333333334,405.8772392402999,2345.8571428571427,3130.581811131995,0.16666666666666666,0.2886751345948193,1.70714282989502,2.2921511712372324,0.6666666666666666,1.1547005383791504,12.571428571428571,17.66217373236887,5.0,8.660254037843965,23.571428571428573,34.47152033615158,1430.0,17.32050807567775,1393.2857142857142,58.35156177776834,2319.0
6775888955,2016-05-01,2487,1.77999997138977,1.77999997138977,0.0,0.479999989271164,0.620000004768372,0.680000007152557,0.0,9,34,50,1347,2319,2280.0,1841.0,1993.0,2053.0,2503.0,0.0,703.0,2153.0,1.78999996185303,0.0,0.5,1.53999996185303,3.0,0.0,2.0,11.0,9.0,0.0,13.0,18.0,84.0,0.0,15.0,11.0,1344.0,1440.0,1410.0,1400.0,2038.0,222.93272527827693,2153.714285714286,300.4816768044897,1068.6666666666667,1290.943969865977,2703.4285714285716,2956.0644364392597,0.7633333206176767,0.9235980154640405,1.9628571101597387,2.166354159317774,1.6666666666666667,1.5275252316518761,13.0,17.33974240485327,33.0,44.799553569204186,35.57142857142857,39.19548078906179,1398.0,49.11211663123107,1379.5714285714287,56.80333658878686,1841.0
6775888955,2016-05-02,0,0.0,0.0,0.0,0.0,0.0,0.0,0.0,0,0,0,1440,1841,2319.0,2280.0,1841.0,2484.0,2487.0,2503.0,0.0,6474.0,1.77999997138977,1.78999996185303,0.0,4.6399998664856,9.0,3.0,0.0,33.0,34.0,9.0,0.0,13.0,50.0,84.0,0.0,92.0,1347.0,1344.0,1440.0,1302.0,2146.6666666666665,265.43235170817695,2191.714285714286,302.43551063861173,1663.3333333333333,1440.5111361365202,2751.1428571428573,2948.384723232449,1.1899999777476,1.0305823403453915,1.9971428258078443,2.1604375349607254,4.0,4.582575694955821,12.714285714285714,17.3945804367748,44.666666666666664,42.25320500664216,41.142857142857146,37.8700786524514,1377.0,54.58021619597764,1372.0,57.15767664977268,1843.0
6775888955,2016-05-03,9,0.0099999997764825,0.0099999997764825,0.0,0.0,0.0,0.0099999997764825,0.0,0,0,1,1439,1843,1841.0,2319.0,2280.0,2584.0,0.0,2487.0,2503.0,7091.0,0.0,1.77999997138977,1.78999996185303,5.26999998092651,0.0,9.0,3.0,42.0,0.0,34.0,9.0,30.0,0.0,50.0,84.0,47.0,1440.0,1347.0,1344.0,1321.0,2146.6666666666665,265.43235170817695,2099.8571428571427,296.4537223983015,1663.3333333333333,1440.5111361365202,1826.2857142857142,2578.094626805213,1.1899999777476,1.0305823403453918,1.3342857020241872,1.9119436540757684,4.0,4.582575694955821,8.0,15.329709716755891,44.666666666666664,42.25320500664216,28.0,32.919092737599314,1377.0,54.58021619597764,1391.7142857142858,52.60771263390365,1841.0
6775888955,2016-05-04,0,0.0,0.0,0.0,0.0,0.0,0.0,0.0,0,0,0,1440,1841,1843.0,1841.0,2319.0,1841.0,9.0,0.0,2487.0,0.0,0.0099999997764825,0.0,1.77999997138977,0.0,0.0,0.0,9.0,0.0,0.0,0.0,34.0,0.0,1.0,0.0,50.0,0.0,1439.0,1440.0,1347.0,1440.0,2001.0,275.39789396435026,1994.0,216.19821152513342,832.0,1433.279107501395,814.5714285714286,1176.136451429408,0.5966666570554175,1.0248089088259473,0.5828571332884689,0.8410848844201356,3.0,5.196152422706613,2.0,3.316624790355398,17.0,28.583211855912797,21.428571428571427,33.085027544480674,1408.6666666666667,53.407240457946955,1408.5714285714287,44.444186507187396,1841.0
6775888955,2016-05-05,0,0.0,0.0,0.0,0.0,0.0,0.0,0.0,0,0,0,1440,1841,1841.0,1843.0,1841.0,1993.0,0.0,9.0,0.0,703.0,0.0,0.0099999997764825,0.0,0.5,0.0,0.0,0.0,2.0,0.0,0.0,0.0,13.0,0.0,1.0,0.0,15.0,1440.0,1439.0,1440.0,1410.0,1841.6666666666667,1.154700537918725,1994.0,216.19821152513342,3.0,5.1961524223482645,814.5714285714286,1176.136451429408,0.0033333332588275,0.0057735025633084405,0.5828571332884689,0.8410848844201356,0.0,0.0,2.0,3.316624790355398,0.3333333333333333,0.5773502691825195,21.428571428571427,33.085027544480674,1439.6666666666667,0.5773502688472625,1408.5714285714287,44.444186507187396,2496.0
6775888955,2016-05-06,4697,3.36999988555908,3.36999988555908,0.0,0.469999998807907,0.930000007152557,1.92999994754791,0.0,12,35,75,1318,2496,1841.0,1841.0,1843.0,1841.0,0.0,0.0,9.0,0.0,0.0,0.0,0.0099999997764825,0.0,0.0,0.0,0.0,0.0,0.0,0.0,0.0,0.0,0.0,0.0,1.0,0.0,1440.0,1440.0,1439.0,1440.0,1841.6666666666667,1.154700537918725,1972.2857142857142,223.81444270177118,3.0,5.1961524223482645,714.1428571428571,1216.5702375354867,0.0033333332588275,0.0057735025633084405,0.5114285618598975,0.8700273505637989,0.0,0.0,1.7142857142857142,3.4016802570830436,0.3333333333333333,0.5773502691825195,19.285714285714285,34.04269028594478,1439.6666666666667,0.5773502688472625,1412.857142857143,46.02328603156014,1032.0
6962181067,2016-04-19,10742,7.09999990463257,7.09999990463257,0.0,2.09999990463257,2.13000011444092,2.86999988555908,0.0,35,41,195,659,2046,2039.0,2027.0,2173.0,1994.0,11404.0,10145.0,13217.0,10199.0,7.53999996185303,6.71000003814697,8.73999977111816,6.73999977111816,13.0,5.0,50.0,50.0,42.0,13.0,3.0,14.0,238.0,295.0,280.0,189.0,689.0,634.0,741.0,796.0,2079.6666666666665,81.05142400558664,1881.857142857143,244.51545866020314,11588.666666666666,1544.3031869854208,8247.285714285714,4099.889295834126,7.663333257039387,1.020604259858799,5.454285655702861,2.709156364878901,22.666666666666668,24.006943440041116,18.0,22.323380867004293,271.0,29.546573405388283,206.71428571428572,74.52452456678112,688.0,53.50700888668704,729.5714285714286,113.55594383805884,2174.0
6962181067,2016-04-20,13928,9.55000019073486,9.55000019073486,0.0,4.28000020980835,0.189999997615814,5.09000015258789,0.0,48,4,297,639,2174,2046.0,2039.0,2027.0,1718.0,10742.0,11404.0,10145.0,5652.0,7.09999990463257,7.53999996185303,6.71000003814697,3.74000000953674,35.0,13.0,5.0,8.0,41.0,42.0,13.0,24.0,195.0,238.0,295.0,142.0,659.0,689.0,634.0,548.0,2037.3333333333333,9.609023536934783,1889.2857142857142,249.23463796572247,10763.666666666666,629.7795910739935,8324.857142857143,4147.8276012298065,7.1166666348775225,0.4152508919446375,5.50571424620492,2.7408626853385685,17.666666666666668,15.534906930308054,15.857142857142858,19.247758063634073,242.66666666666666,50.163067423487284,207.57142857142858,74.32105386509969,660.6666666666666,27.537852736430608,710.0,111.99404746086579,2179.0
6962181067,2016-04-21,11835,9.71000003814697,7.88000011444092,4.08169221878052,3.99000000953674,2.09999990463257,3.50999999046326,0.109999999403954,53,27,214,708,2179,2174.0,2046.0,2039.0,1466.0,13928.0,10742.0,11404.0,1551.0,9.55000019073486,7.09999990463257,7.53999996185303,1.02999997138977,48.0,35.0,13.0,0.0,4.0,41.0,42.0,0.0,297.0,195.0,238.0,86.0,639.0,659.0,689.0,862.0,2086.3333333333335,76.00219295081791,1954.4285714285713,256.49097264352014,12024.666666666666,1681.2404150903963,9507.142857142857,4428.94439750495,8.06333335240682,1.3061522609277705,6.335714272090366,2.985804506160468,32.0,17.691806012954125,21.571428571428573,22.23253728852634,243.33333333333334,51.20872321522312,229.71428571428572,74.61839425975852,662.3333333333334,25.166114784235965,723.0,93.87047814231404,2086.0
6962181067,2016-04-22,10725,7.09000015258789,7.09000015258789,0.0,1.76999998092651,1.54999995231628,3.76999998092651,0.0,30,33,240,659,2086,2179.0,2174.0,2046.0,1756.0,11835.0,13928.0,10742.0,5563.0,9.71000003814697,9.55000019073486,7.09999990463257,3.6800000667572,53.0,48.0,35.0,0.0,27.0,4.0,41.0,0.0,214.0,297.0,195.0,217.0,708.0,639.0,659.0,837.0,2133.0,75.3856750317991,2056.285714285714,149.4274788269258,12168.333333333334,1618.9448209662146,10976.285714285714,2729.570644764834,8.786666711171467,1.462885393666596,7.575714281627109,2.0801510890175123,45.333333333333336,9.291573243177533,29.142857142857142,22.68206759702894,235.33333333333334,54.24327915358114,248.0,42.15052391924288,668.6666666666666,35.50117368951824,701.0,71.16412954103582,2571.0
6962181067,2016-04-23,20031,13.2399997711182,13.2399997711182,0.0,4.19999980926514,2.0,7.03999996185303,0.0,58,41,347,484,2571,2086.0,2179.0,2174.0,2173.0,10725.0,11835.0,13928.0,13217.0,7.09000015258789,9.71000003814697,9.55000019073486,8.73999977111816,30.0,53.0,48.0,50.0,33.0,27.0,4.0,3.0,240.0,214.0,297.0,280.0,659.0,708.0,639.0,741.0,2146.3333333333335,52.30997355508181,2103.4285714285716,69.6727042268754,12162.666666666666,1626.4459208142544,11713.714285714286,1393.8084175244144,8.783333460489906,1.4686501477652094,8.062857151031492,1.2490224886934944,43.666666666666664,12.096831541082677,33.42857142857143,18.751507875876207,250.33333333333334,42.453896562427936,251.28571428571428,40.181730034574514,668.6666666666666,35.50117368951824,675.5714285714286,39.00366283165864,1705.0
6962181067,2016-04-24,5029,3.3199999332428,3.3199999332428,0.0,0.0,0.0,3.3199999332428,0.0,0,0,199,720,1705,2571.0,2086.0,2179.0,2027.0,20031.0,10725.0,11835.0,10145.0,13.2399997711182,7.09000015258789,9.71000003814697,6.71000003814697,58.0,30.0,53.0,5.0,41.0,33.0,27.0,13.0,347.0,240.0,214.0,295.0,484.0,659.0,708.0,634.0,2278.6666666666665,257.4030561849128,2160.285714285714,191.60698863882303,14197.0,5082.783882873636,12687.142857142857,3462.6734097886197,10.013333320617688,3.086200274961363,8.705714293888642,2.3385098353971685,47.0,14.933184523068055,34.57142857142857,20.123428657969317,267.0,70.49113419430842,260.85714285714283,53.82511362870361,617.0,117.75822688882509,638.8571428571429,73.156062795981,2194.0
6962181067,2016-04-25,13239,9.27000045776367,9.07999992370605,2.78517508506775,3.01999998092651,1.67999994754791,4.46000003814697,0.100000001490116,35,31,282,637,2194,1705.0,2571.0,2086.0,2039.0,5029.0,20031.0,10725.0,11404.0,3.3199999332428,13.2399997711182,7.09000015258789,7.53999996185303,0.0,58.0,30.0,13.0,0.0,41.0,33.0,42.0,199.0,347.0,240.0,238.0,720.0,484.0,659.0,689.0,2120.6666666666665,434.0395527291647,2114.285714285714,256.57598892966985,11928.333333333334,7573.044918217066,11956.285714285714,4479.327319821051,7.8833332856496305,5.007357815342555,8.221428564616618,3.060312745792395,29.333333333333332,29.00574655707612,33.857142857142854,21.396483912304927,262.0,76.41334961902925,247.14285714285714,55.86718945090094,621.0,122.50306118624142,651.1428571428571,79.17791899982501,2012.0
6962181067,2016-04-26,10433,6.90000009536743,6.90000009536743,0.0,2.57999992370605,0.419999986886978,3.90000009536743,0.0,36,7,254,680,2012,2194.0,1705.0,2571.0,2046.0,13239.0,5029.0,20031.0,10742.0,9.27000045776367,3.3199999332428,13.2399997711182,7.09999990463257,35.0,0.0,58.0,35.0,31.0,0.0,41.0,41.0,282.0,199.0,347.0,195.0,637.0,720.0,484.0,659.0,2156.6666666666665,434.20540454182895,2136.4285714285716,255.68265300489008,12766.333333333334,7512.1608963954795,12218.42857142857,4495.285376819544,8.610000054041556,4.9928248112213005,8.468571492603852,3.0659605699468058,31.0,29.20616373302046,37.0,19.339079605813712,276.0,74.18220810949211,253.42857142857142,57.12809333085646,613.6666666666666,119.71772355559281,643.7142857142857,77.45474869391862,2034.0
6962181067,2016-04-27,10320,6.82000017166138,6.82000017166138,0.0,0.550000011920929,2.01999998092651,4.25,0.0,7,38,279,697,2034,2012.0,2194.0,1705.0,2174.0,10433.0,13239.0,5029.0,13928.0,6.90000009536743,9.27000045776367,3.3199999332428,9.55000019073486,36.0,35.0,0.0,48.0,7.0,31.0,0.0,4.0,254.0,282.0,199.0,297.0,680.0,637.0,720.0,639.0,1970.3333333333333,247.14840346102432,2131.5714285714284,257.9992617191356,9567.0,4172.947639259328,12174.285714285714,4513.679530578341,6.496666828791301,2.99543567004783,8.44000009128026,3.0817310898482067,23.666666666666668,20.502032419575706,37.142857142857146,19.325532087789725,245.0,42.225584661434794,261.85714285714283,51.10586584541467,679.0,41.509035161034674,646.7142857142857,78.54449754908417,2182.0
6962181067,2016-04-28,12627,8.35000038146973,8.35000038146973,0.0,2.50999999046326,0.239999994635582,5.59000015258789,0.0,38,8,288,621,2182,2034.0,2012.0,2194.0,2179.0,10320.0,10433.0,13239.0,11835.0,6.82000017166138,6.90000009536743,9.27000045776367,9.71000003814697,7.0,36.0,35.0,53.0,38.0,7.0,31.0,27.0,279.0,254.0,282.0,214.0,697.0,680.0,637.0,708.0,2080.0,99.33780750550082,2111.5714285714284,259.58354926231164,11330.666666666666,1653.6306520300514,11658.857142857143,4485.9598166045225,7.663333574930825,1.391989170662655,8.050000088555477,3.0905770379418565,26.0,16.462077633154323,31.285714285714285,21.569378647473712,271.6666666666667,15.373136743466848,259.2857142857143,49.46956736457368,671.3333333333334,30.924639582917457,655.0,80.6267118681313,2254.0
6962181067,2016-04-29,10762,7.1100001335144,7.1100001335144,0.0,0.819999992847443,0.479999989271164,5.80999994277954,0.0,12,15,369,645,2254,2182.0,2034.0,2012.0,2086.0,12627.0,10320.0,10433.0,10725.0,8.35000038146973,6.82000017166138,6.90000009536743,7.09000015258789,38.0,7.0,36.0,30.0,8.0,38.0,7.0,33.0,288.0,279.0,254.0,240.0,621.0,697.0,680.0,659.0,2076.0,92.4553946506094,2112.0,259.71587039172874,11126.666666666666,1300.5546252785127,11772.0,4501.105012475641,7.3566668828328465,0.8611815003725374,7.855714423315872,3.010541769344361,27.0,17.349351572897465,29.142857142857142,19.718253568952893,273.6666666666667,17.616280348965002,269.85714285714283,45.96168176292275,666.0,39.8873413503584,642.5714285714286,77.74929183569695,2002.0
6962181067,2016-04-30,10081,6.65999984741211,6.65999984741211,0.0,2.24000000953674,0.759999990463257,3.67000007629395,0.0,32,16,237,731,2002,2254.0,2182.0,2034.0,2571.0,10762.0,12627.0,10320.0,20031.0,7.1100001335144,8.35000038146973,6.82000017166138,13.2399997711182,12.0,38.0,7.0,58.0,15.0,8.0,38.0,41.0,369.0,288.0,279.0,347.0,645.0,621.0,697.0,484.0,2156.6666666666665,112.166542842923,2136.0,264.6286706563241,11236.333333333334,1224.4616504134922,11777.285714285714,4499.692089994815,7.426666895548503,0.8126706215535783,7.85857156344823,3.0097033293629885,19.0,16.643316977093235,26.571428571428573,20.735293124341904,312.0,49.56813492557489,288.2857142857143,56.620709655608806,654.3333333333334,38.850139424889385,640.5714285714286,77.43568760129727,1740.0
6962181067,2016-05-01,5454,3.60999989509583,3.60999989509583,0.0,0.0,0.0,3.60999989509583,0.0,0,0,215,722,1740,2002.0,2254.0,2182.0,1705.0,10081.0,10762.0,12627.0,5029.0,6.65999984741211,7.1100001335144,8.35000038146973,3.3199999332428,32.0,12.0,38.0,0.0,16.0,15.0,8.0,0.0,237.0,369.0,288.0,199.0,731.0,645.0,621.0,720.0,2146.0,129.79984591670345,2054.714285714286,183.77950038539288,11156.666666666666,1318.0858596211904,10355.857142857143,2648.7023507478443,7.37333345413208,0.8752335571659817,6.91857157434736,1.854790623056966,27.333333333333332,13.613718571108084,22.857142857142858,15.941858647687756,298.0,66.56575696257045,272.57142857142856,52.741056565251334,665.6666666666666,57.838856604650715,675.8571428571429,42.67094472600217,2162.0
6962181067,2016-05-02,12912,8.53999996185303,8.53999996185303,0.0,1.20000004768372,2.0,5.34000015258789,0.0,18,39,313,655,2162,1740.0,2002.0,2254.0,2194.0,5454.0,10081.0,10762.0,13239.0,3.60999989509583,6.65999984741211,7.1100001335144,9.27000045776367,0.0,32.0,12.0,35.0,0.0,16.0,15.0,31.0,215.0,237.0,369.0,282.0,722.0,731.0,645.0,637.0,1998.6666666666667,257.0162121994123,2059.714285714286,172.82912012130546,8765.666666666666,2888.129556189149,10416.57142857143,2507.347127752285,5.793333292007446,1.9041621795228623,6.960000140326365,1.7619309459751855,14.666666666666666,16.165807537309522,22.857142857142858,15.941858647687756,273.6666666666667,83.290655738404,274.85714285714283,49.25250779208624,699.3333333333334,47.26873526268022,676.1428571428571,43.0210358291096,2072.0
6962181067,2016-05-03,12109,8.11999988555908,8.11999988555908,0.0,1.74000000953674,2.03999996185303,4.32999992370605,0.0,21,36,267,654,2072,2162.0,1740.0,2002.0,2012.0,12912.0,5454.0,10081.0,10433.0,8.53999996185303,3.60999989509583,6.65999984741211,6.90000009536743,18.0,0.0,32.0,36.0,39.0,0.0,16.0,7.0,313.0,215.0,237.0,254.0,655.0,722.0,731.0,680.0,1968.0,213.04459627035837,2055.1428571428573,169.06747033007082,9482.333333333334,3764.8694975169237,10369.857142857143,2448.350562356316,6.269999901453656,2.4880313770011426,6.855714355196272,1.6181560104489574,16.666666666666668,16.041612554021285,20.428571428571427,15.053871515960514,255.0,51.41984052872974,279.2857142857143,51.350800986009496,702.6666666666666,41.52509281546936,678.7142857142857,40.77055426699647,2086.0
6962181067,2016-05-04,10147,6.71000003814697,6.71000003814697,0.0,0.469999998807907,1.67999994754791,4.55000019073486,0.0,15,36,284,683,2086,2072.0,2162.0,1740.0,2034.0,12109.0,12912.0,5454.0,10320.0,8.11999988555908,8.53999996185303,3.60999989509583,6.82000017166138,21.0,18.0,0.0,7.0,36.0,39.0,0.0,38.0,267.0,313.0,215.0,279.0,654.0,655.0,722.0,697.0,1991.3333333333333,222.26410716382736,2063.714285714286,168.03344338326806,10158.333333333334,4093.8082922058447,10609.285714285714,2535.9374147302187,6.756666580835979,2.7331727789113356,7.030000039509366,1.6879179197124972,13.0,11.357816691600549,18.285714285714285,13.450084085416032,265.0,49.03060268852502,281.14285714285717,50.5121390407908,677.0,38.974350539810295,675.0,41.80510335672756,2066.0
6962181067,2016-05-05,10524,6.96000003814697,6.96000003814697,0.0,0.990000009536743,1.1599999666214,4.80999994277954,0.0,14,22,305,591,2066,2086.0,2072.0,2162.0,2182.0,10147.0,12109.0,12912.0,12627.0,6.71000003814697,8.11999988555908,8.53999996185303,8.35000038146973,15.0,21.0,18.0,38.0,36.0,36.0,39.0,8.0,284.0,267.0,313.0,288.0,683.0,654.0,655.0,621.0,2106.6666666666665,48.42864166310406,2071.1428571428573,167.64986188624212,11722.666666666666,1422.408637956527,10584.57142857143,2540.066197112646,7.7899999618530265,0.9585926624096163,7.014285734721592,1.6907085744774981,18.0,2.999999999999991,19.428571428571427,12.64722819246892,288.0,23.25940669922585,281.85714285714283,50.5121390407908,664.0,16.46207763315466,673.0,40.90232267243519,1850.0
6962181067,2016-05-06,5908,3.91000008583069,3.91000008583069,0.0,0.0,0.0,3.91000008583069,0.0,0,0,299,717,1850,2066.0,2086.0,2072.0,2254.0,10524.0,10147.0,12109.0,10762.0,6.96000003814697,6.71000003814697,8.11999988555908,7.1100001335144,14.0,15.0,21.0,12.0,22.0,36.0,36.0,15.0,305.0,284.0,267.0,369.0,591.0,683.0,654.0,645.0,2074.6666666666665,10.263202878893676,2054.5714285714284,160.4440267329562,10926.666666666666,1041.1370386905567,10284.142857142857,2377.3925092119634,7.263333320617673,0.752351781161175,6.815714257104056,1.586073337949364,16.666666666666668,3.785938897200178,16.0,9.678154093971973,285.3333333333333,19.035055380358777,284.2857142857143,51.25984226050077,642.6666666666666,47.035447625523275,668.7142857142857,48.18268805879796,1947.0
6962181067,2016-05-07,6815,4.5,4.5,0.0,0.0,0.0,4.5,0.0,0,0,328,745,1947,1850.0,2066.0,2086.0,2002.0,5908.0,10524.0,10147.0,10081.0,3.91000008583069,6.96000003814697,6.71000003814697,6.65999984741211,0.0,14.0,15.0,32.0,0.0,22.0,36.0,16.0,299.0,305.0,284.0,237.0,717.0,591.0,683.0,731.0,2000.6666666666667,130.86379687802636,1996.857142857143,149.00495357697324,8859.666666666666,2563.1590534598786,9590.714285714286,2871.362842175922,5.860000054041542,1.693369394732514,6.35857139314924,1.9143095048325578,9.666666666666666,8.386497083606088,14.285714285714286,11.412190641506784,296.0,10.816653826391487,274.2857142857143,36.754656329569364,663.6666666666666,65.18691075157147,679.0,49.92995093127982,1659.0
6962181067,2016-05-08,4188,2.76999998092651,2.76999998092651,0.0,0.0,0.519999980926514,2.25,0.0,0,14,151,709,1659,1947.0,1850.0,2066.0,1740.0,6815.0,5908.0,10524.0,5454.0,4.5,3.91000008583069,6.96000003814697,3.60999989509583,0.0,0.0,14.0,0.0,0.0,0.0,22.0,0.0,328.0,299.0,305.0,215.0,745.0,717.0,591.0,722.0,1954.3333333333333,108.18656724997493,1989.0,150.13438424735713,7749.0,2445.6350913413075,9124.142857142857,3038.8795867650238,5.12333337465922,1.617724729135146,6.049999986376081,2.0283161982541618,4.666666666666667,8.08290376865477,9.714285714285714,9.35796070580703,310.6666666666667,15.307950004272936,287.2857142857143,37.4553702678902,684.3333333333334,82.03251387915248,681.0,52.570587467391675,2105.0
6962181067,2016-05-09,12342,8.72000026702881,8.68000030517578,3.16782188415527,3.90000009536743,1.17999994754791,3.65000009536743,0.0,43,21,231,607,2105,1659.0,1947.0,1850.0,2162.0,4188.0,6815.0,5908.0,12912.0,2.76999998092651,4.5,3.91000008583069,8.53999996185303,0.0,0.0,0.0,18.0,14.0,0.0,0.0,39.0,151.0,328.0,299.0,313.0,709.0,745.0,717.0,655.0,1818.6666666666667,146.5344100658045,1977.4285714285713,173.783253070078,5637.0,1334.302439479148,8943.285714285714,3318.516923480818,3.726666688919066,0.8794506053872229,5.929999998637607,2.2131575938577828,0.0,0.0,9.714285714285714,9.35796070580703,259.3333333333333,94.93330992509074,278.14285714285717,59.41500531972414,723.6666666666666,18.903262505010616,679.1428571428571,51.08955722202795,2361.0
6962181067,2016-05-10,15448,10.210000038147,10.210000038147,0.0,3.47000002861023,1.75,4.98999977111816,0.0,62,34,275,626,2361,2105.0,1659.0,1947.0,2072.0,12342.0,4188.0,6815.0,12109.0,8.72000026702881,2.76999998092651,4.5,8.11999988555908,43.0,0.0,0.0,21.0,21.0,14.0,0.0,36.0,231.0,151.0,328.0,267.0,607.0,709.0,745.0,654.0,1903.6666666666667,226.13565250383087,1969.2857142857142,164.79655567366834,7781.666666666667,4162.062269276295,8861.857142857143,3210.1266552672287,5.330000082651773,3.0606046713118373,5.955714327948433,2.2492877507490143,14.333333333333334,24.826061575153908,13.285714285714286,15.681350767863133,236.66666666666666,88.63595959503873,266.42857142857144,59.48068914322001,687.0,71.58212067269318,672.2857142857143,57.66776767459822,1855.0
6962181067,2016-05-11,6722,4.44000005722046,4.44000005722046,0.0,1.49000000953674,0.310000002384186,2.65000009536743,0.0,24,7,199,709,1855,2361.0,2105.0,1659.0,2086.0,15448.0,12342.0,4188.0,10147.0,10.210000038147,8.72000026702881,2.76999998092651,6.71000003814697,62.0,43.0,0.0,15.0,34.0,21.0,14.0,36.0,275.0,231.0,151.0,284.0,626.0,607.0,709.0,683.0,2041.6666666666667,355.259529546124,2010.5714285714287,221.32393841219596,10659.333333333334,5815.533108265599,9338.857142857143,3938.4877989981333,7.233333428700772,3.9365002132603073,6.254285778318136,2.6816217999034326,35.0,31.764760348537177,19.142857142857142,24.320283519650634,219.0,62.864934582006924,267.57142857142856,59.570286616895146,647.3333333333334,54.24327915358124,668.2857142857143,60.068611564094766,928.0
7007744171,2016-04-19,14194,10.4799995422363,9.5,4.94214200973511,4.40999984741211,0.759999990463257,5.30999994277954,0.0,53,17,304,1066,2812,2832.0,2383.0,2076.0,2937.0,14816.0,8059.0,4631.0,14172.0,10.9799995422363,5.3899998664856,3.09999990463257,10.289999961853,48.0,0.0,0.0,53.0,31.0,0.0,0.0,8.0,284.0,305.0,203.0,355.0,1077.0,1135.0,1155.0,1024.0,2430.3333333333335,380.2161665859741,2533.714285714286,350.02224419109626,9168.666666666666,5182.381338085161,10141.714285714286,4182.8641588543815,6.489999771118157,4.053529130868861,7.311428376606524,3.275888720429528,16.0,27.712812921102035,27.285714285714285,26.436806953653875,264.0,53.860932037980945,273.42857142857144,56.145219870312324,1122.3333333333333,40.513372277969246,1118.0,67.512961718473,3096.0
7007744171,2016-04-20,15566,11.3100004196167,10.4099998474121,4.92484092712402,4.78999996185303,0.670000016689301,5.8600001335144,0.0,60,33,347,1000,3096,2812.0,2832.0,2383.0,2742.0,14194.0,14816.0,8059.0,12862.0,10.4799995422363,10.9799995422363,5.3899998664856,9.64999961853027,53.0,48.0,0.0,56.0,17.0,31.0,0.0,22.0,304.0,284.0,305.0,261.0,1066.0,1077.0,1135.0,1101.0,2675.6666666666665,253.65396376428498,2515.8571428571427,328.54853957542235,12356.333333333334,3734.571773755773,10144.857142857143,4186.403843737145,8.9499996503194,3.09316970851464,7.338571173804139,3.3053360614560114,33.666666666666664,29.263173671584795,27.285714285714285,26.436806953653875,297.6666666666667,11.846237095944648,266.14285714285717,46.22924244612773,1092.6666666666667,37.072002014098544,1124.0,59.110066824526584,2763.0
7007744171,2016-04-21,13744,9.1899995803833,9.1899995803833,0.0,2.15000009536743,1.87000000476837,5.17000007629395,0.0,30,34,327,1049,2763,3096.0,2812.0,2832.0,2668.0,15566.0,14194.0,14816.0,11179.0,11.3100004196167,10.4799995422363,10.9799995422363,8.23999977111816,60.0,53.0,48.0,34.0,33.0,17.0,31.0,6.0,347.0,304.0,284.0,304.0,1000.0,1066.0,1077.0,1096.0,2913.3333333333335,158.50972630514892,2566.4285714285716,390.552538993521,14858.666666666666,686.9944201617196,10531.142857142857,4584.7077489036465,10.923333168029766,0.41789193888775816,7.575714145387914,3.5493513527491753,53.666666666666664,6.027713773341728,27.857142857142858,27.193311502577068,311.6666666666667,32.19213154380018,278.42857142857144,55.19316727898222,1047.6666666666667,41.645327869201985,1109.5714285714287,75.6678204233414,2889.0
7007744171,2016-04-22,15299,10.2399997711182,10.2399997711182,0.0,4.09999990463257,1.75999999046326,4.36999988555908,0.0,64,50,261,1065,2889,2763.0,3096.0,2812.0,2098.0,13744.0,15566.0,14194.0,5273.0,9.1899995803833,11.3100004196167,10.4799995422363,3.52999997138977,30.0,60.0,53.0,0.0,34.0,33.0,17.0,0.0,327.0,347.0,304.0,202.0,1049.0,1000.0,1066.0,1238.0,2890.3333333333335,179.7896919551653,2580.0,396.2789421606958,14501.333333333334,949.0844711264313,10897.57142857143,4744.823736000558,10.326666514078767,1.0682856138367551,7.711428403854363,3.59682924497404,47.666666666666664,15.69500982265808,27.285714285714285,27.084523783360645,326.0,21.517434791350034,281.7142857142857,57.60125660004963,1038.3333333333333,34.26854728950928,1102.857142857143,79.0810313780082,2284.0
7007744171,2016-04-23,8093,5.40999984741211,5.40999984741211,0.0,0.129999995231628,1.12999999523163,4.15000009536743,0.0,2,25,223,1190,2284,2889.0,2763.0,3096.0,2076.0,15299.0,13744.0,15566.0,4631.0,10.2399997711182,9.1899995803833,11.3100004196167,3.09999990463257,64.0,30.0,60.0,0.0,50.0,34.0,33.0,0.0,261.0,327.0,347.0,203.0,1065.0,1049.0,1000.0,1155.0,2916.0,168.13387523042428,2693.0,345.4456059449401,14869.666666666666,983.9544366144896,12329.857142857143,4251.6033614222715,10.246666590372733,1.0600161434840665,8.669999803815568,3.1649223062281027,51.333333333333336,18.583146486355144,36.42857142857143,27.140726733435994,311.6666666666667,45.003703551300475,290.14285714285717,47.40755414990516,1038.0,33.86738844375218,1078.142857142857,52.3081528745076,2667.0
7007744171,2016-04-24,11085,7.42000007629395,7.42000007629395,0.0,0.0,0.0,7.42000007629395,0.0,0,0,419,1021,2667,2284.0,2889.0,2763.0,2383.0,8093.0,15299.0,13744.0,8059.0,5.40999984741211,10.2399997711182,9.1899995803833,5.3899998664856,2.0,64.0,30.0,0.0,25.0,50.0,34.0,0.0,223.0,261.0,327.0,305.0,1190.0,1065.0,1049.0,1135.0,2645.3333333333335,319.2026524534739,2722.714285714286,287.63617892847145,12378.666666666666,3792.0588515123727,12824.42857142857,3302.098769830228,8.279999732971204,2.5403345463674194,8.999999795641216,2.547574012774333,32.0,31.048349392520052,36.714285714285715,26.700276438733017,270.3333333333333,52.624455658309046,293.0,41.51706476458404,1101.3333333333333,77.20319509795782,1083.142857142857,61.70745112066712,3055.0
7007744171,2016-04-25,18229,13.3400001525879,12.1999998092651,4.86179208755493,4.30999994277954,1.37000000476837,7.67000007629395,0.0,51,24,379,986,3055,2667.0,2284.0,2889.0,2832.0,11085.0,8093.0,15299.0,14816.0,7.42000007629395,5.40999984741211,10.2399997711182,10.9799995422363,0.0,2.0,64.0,48.0,0.0,25.0,50.0,31.0,419.0,223.0,261.0,284.0,1021.0,1190.0,1065.0,1077.0,2613.3333333333335,306.0495602567226,2763.285714285714,249.1931742549108,11492.333333333334,3620.227801303854,13256.714285714286,2721.2541051437893,7.6899998982747535,2.4262934166445085,9.289999825613837,2.1531527119677225,22.0,36.38681079732051,36.714285714285715,26.700276438733017,301.0,103.94229168149027,309.2857142857143,63.53139456393267,1092.0,87.6755382076438,1066.857142857143,60.77671860021344,2939.0
7007744171,2016-04-26,15090,10.1000003814697,10.1000003814697,0.0,0.930000007152557,0.939999997615814,8.22999954223633,0.0,16,22,424,978,2939,3055.0,2667.0,2284.0,2812.0,18229.0,11085.0,8093.0,14194.0,13.3400001525879,7.42000007629395,5.40999984741211,10.4799995422363,51.0,0.0,2.0,53.0,24.0,0.0,25.0,17.0,379.0,419.0,223.0,304.0,986.0,1021.0,1190.0,1066.0,2668.6666666666665,385.50270210899083,2795.1428571428573,272.5970338377568,12469.0,5207.803375704579,13744.285714285714,3292.909438692263,8.723333358764654,4.122527676549782,9.627142769949781,2.600229017420747,17.666666666666668,28.884828774519914,37.142857142857146,26.934665219307814,340.3333333333333,103.56318522203406,322.85714285714283,67.2667044220952,1065.6666666666667,109.08864896648663,1053.857142857143,67.59543517977285,2830.0
7007744171,2016-04-27,13541,10.2200002670288,9.0600004196167,4.88560485839844,4.26999998092651,0.660000026226044,5.28999996185303,0.0,50,12,337,1041,2830,2939.0,3055.0,2667.0,3096.0,15090.0,18229.0,11085.0,15566.0,10.1000003814697,13.3400001525879,7.42000007629395,11.3100004196167,16.0,51.0,0.0,60.0,22.0,24.0,0.0,33.0,424.0,379.0,419.0,347.0,978.0,986.0,1021.0,1000.0,2887.0,199.15822855207378,2813.285714285714,278.07715613100083,14801.333333333334,3580.737400778412,13872.285714285714,3330.5037514008686,10.286666870117182,2.9644111572651495,9.572857175554551,2.5833681769041568,22.333333333333332,26.083200212652848,31.857142857142858,26.934665219307814,407.3333333333333,24.664414311581314,340.0,76.33915552759716,995.0,22.86919325205915,1041.2857142857142,72.93310699015996,2836.0
7007744171,2016-04-28,15128,10.1199998855591,10.1199998855591,0.0,1.0900000333786,0.769999980926514,8.26000022888184,0.0,16,16,401,1007,2836,2830.0,2939.0,3055.0,2763.0,13541.0,15090.0,18229.0,13744.0,10.2200002670288,10.1000003814697,13.3400001525879,9.1899995803833,50.0,16.0,51.0,30.0,12.0,22.0,24.0,34.0,337.0,424.0,379.0,327.0,1041.0,978.0,986.0,1049.0,2941.3333333333335,112.5181466845833,2775.285714285714,249.73500240969764,15620.0,2388.5164851848945,13583.0,3245.735920660627,11.2200002670288,1.8369538995879884,9.417142868041994,2.492460154684855,39.0,19.92485884517128,30.428571428571427,25.415593263828814,380.0,43.508619835614226,338.57142857142856,76.2798731489444,1001.6666666666666,34.29771615331488,1047.142857142857,70.67632458711245,3180.0
7007744171,2016-04-29,20067,14.3000001907349,13.4200000762939,4.91114616394043,4.30999994277954,2.04999995231628,7.94999980926514,0.0,55,42,382,961,3180,2836.0,2830.0,2939.0,2889.0,15128.0,13541.0,15090.0,15299.0,10.1199998855591,10.2200002670288,10.1000003814697,10.2399997711182,16.0,50.0,16.0,64.0,16.0,12.0,22.0,50.0,401.0,337.0,424.0,261.0,1007.0,1041.0,978.0,1065.0,2868.3333333333335,61.27261487266086,2785.714285714286,250.65894111701866,14586.333333333334,905.4845848126488,13780.714285714286,3298.8957098947412,10.146666844685866,0.06429104265275724,9.55000005449568,2.5030981611510907,27.333333333333332,19.62990915244728,28.428571428571427,25.999084232956758,387.3333333333333,45.0814078455114,349.14285714285717,79.46997036916643,1008.6666666666666,31.53305144341969,1041.142857142857,72.25747613322017,2051.0
7007744171,2016-04-30,3761,2.51999998092651,2.51999998092651,0.0,0.0,0.0,2.51999998092651,0.0,0,0,200,1240,2051,3180.0,2836.0,2830.0,2284.0,20067.0,15128.0,13541.0,8093.0,14.3000001907349,10.1199998855591,10.2200002670288,5.40999984741211,55.0,16.0,50.0,2.0,42.0,16.0,12.0,25.0,382.0,401.0,337.0,223.0,961.0,1007.0,1041.0,1190.0,2948.6666666666665,200.36300390374828,2827.285714285714,291.45480740915065,16245.333333333334,3403.453295306597,14461.857142857143,4067.3657498259445,11.546666781107598,2.384980852648708,10.130000114440922,3.090970819034205,40.333333333333336,21.22105872319601,27.142857142857142,24.099990120527508,373.3333333333333,32.86842456421264,366.42857142857144,69.65595725386581,1003.0,40.149719799769706,1026.2857142857142,77.06645246304085,2225.0
7007744171,2016-05-01,5600,3.75,3.75,0.0,0.0,0.0,3.75,0.0,0,0,237,1142,2225,2051.0,3180.0,2836.0,2667.0,3761.0,20067.0,15128.0,11085.0,2.51999998092651,14.3000001907349,10.1199998855591,7.42000007629395,0.0,55.0,16.0,0.0,0.0,42.0,16.0,0.0,200.0,382.0,401.0,419.0,1240.0,961.0,1007.0,1021.0,2689.0,578.6769392329369,2794.0,367.2828156430232,12985.333333333334,8361.499526600079,13843.0,5331.133369181455,8.980000019073502,5.972168869637048,9.717142990657265,3.9107788248943205,23.666666666666668,28.290163190291665,26.857142857142858,24.456959278349725,327.6666666666667,110.9699659066963,363.14285714285717,77.63467561046969,1069.3333333333333,149.58052457901505,1033.4285714285713,94.99974937310317,2642.0
7007744171,2016-05-02,13041,9.18000030517578,8.72000026702881,2.83232593536377,4.6399998664856,0.699999988079071,3.82999992370605,0.0,64,14,250,1112,2642,2225.0,2051.0,3180.0,3055.0,5600.0,3761.0,20067.0,18229.0,3.75,2.51999998092651,14.3000001907349,13.3400001525879,0.0,0.0,55.0,51.0,0.0,0.0,42.0,24.0,237.0,200.0,382.0,379.0,1142.0,1240.0,961.0,986.0,2485.3333333333335,607.8571652397736,2730.8571428571427,426.0482870017705,9809.333333333334,8930.860783448217,13059.42857142857,6145.031783404186,6.8566667238871375,6.475386848347535,9.192857265472416,4.475320237218843,18.333333333333332,31.75426480542942,26.857142857142858,24.45695927834973,273.0,96.19251530134768,337.14285714285717,85.85147750898753,1114.3333333333333,141.54269085097013,1050.7142857142858,103.03027756556864,2976.0
7007744171,2016-05-03,14510,10.8699998855591,9.71000003814697,4.91236782073975,4.48000001907349,1.01999998092651,5.3600001335144,0.0,58,31,330,1021,2976,2642.0,2225.0,2051.0,2939.0,13041.0,5600.0,3761.0,15090.0,9.18000030517578,3.75,2.51999998092651,10.1000003814697,64.0,0.0,0.0,16.0,14.0,0.0,0.0,22.0,250.0,237.0,200.0,424.0,1112.0,1142.0,1240.0,978.0,2306.0,303.71203466441733,2671.8571428571427,401.57250427597296,7467.333333333333,4913.735883554721,12318.285714285714,5715.466085231245,5.15000009536743,3.543854015055047,8.59857157298497,4.092678221311233,21.333333333333332,36.950417228136054,28.714285714285715,26.961171374863547,229.0,25.942243542145835,318.7142857142857,89.15102221458127,1164.6666666666667,66.94276162015784,1068.7142857142858,100.82280543229345,1557.0
7007744171,2016-05-04,0,0.0,0.0,0.0,0.0,0.0,0.0,0.0,0,0,0,1440,1557,2976.0,2642.0,2225.0,2830.0,14510.0,13041.0,5600.0,13541.0,10.8699998855591,9.18000030517578,3.75,10.2200002670288,58.0,64.0,0.0,50.0,31.0,14.0,0.0,12.0,330.0,250.0,237.0,337.0,1021.0,1112.0,1142.0,1041.0,2614.3333333333335,376.26364870039407,2677.1428571428573,405.8950720614992,11050.333333333334,4776.933151440714,12235.42857142857,5672.631219494262,7.9333333969116255,3.720112011446849,8.708571502140598,4.149708591385011,40.666666666666664,35.34590971149751,34.714285714285715,28.30026080983639,272.3333333333333,50.36202272877194,305.2857142857143,76.88457644572217,1091.6666666666667,63.010581122009064,1074.857142857143,95.54654811735931,2933.0
7007744171,2016-05-05,15010,11.1000003814697,10.039999961853,4.8782320022583,4.32999992370605,1.28999996185303,5.48000001907349,0.0,53,23,317,1047,2933,1557.0,2976.0,2642.0,2836.0,0.0,14510.0,13041.0,15128.0,0.0,10.8699998855591,9.18000030517578,10.1199998855591,0.0,58.0,64.0,16.0,0.0,31.0,14.0,16.0,0.0,330.0,250.0,401.0,1440.0,1021.0,1112.0,1007.0,2391.6666666666665,741.8829647143365,2495.285714285714,575.6670664790295,9183.666666666666,7987.132798027919,10301.0,7244.303141089555,6.6833333969116255,5.849293428793749,7.248571463993628,5.195416060934985,40.666666666666664,35.34590971149751,27.571428571428573,30.05471201468605,193.33333333333334,172.14335111567144,257.14285714285717,136.28209538970822,1191.0,220.38829370000568,1131.857142857143,165.43621990707726,2553.0
7007744171,2016-05-06,11459,7.67000007629395,7.67000007629395,0.0,3.0,0.810000002384186,3.85999989509583,0.0,44,13,247,1136,2553,2933.0,1557.0,2976.0,3180.0,15010.0,0.0,14510.0,20067.0,11.1000003814697,0.0,10.8699998855591,14.3000001907349,53.0,0.0,58.0,55.0,23.0,0.0,31.0,42.0,317.0,0.0,330.0,382.0,1047.0,1440.0,1021.0,961.0,2488.6666666666665,807.1334049172624,2509.1428571428573,586.3046502093794,9840.0,8525.356297539709,10284.142857142857,7231.324577341079,7.323333422342934,6.343235323408207,7.388571534837999,5.297881521021226,37.0,32.1403173599764,32.857142857142854,30.921559746281506,215.66666666666666,186.88588318365126,245.14285714285714,124.71090378876069,1169.3333333333333,234.76442092730593,1137.5714285714287,161.0371149175008,120.0
7086361926,2016-04-19,10688,7.28999996185303,7.28999996185303,0.0,3.52999997138977,1.23000001907349,2.50999999046326,0.0,67,69,124,671,2944,2743.0,1629.0,1635.0,2772.0,9827.0,0.0,31.0,11317.0,6.71000003814697,0.0,0.0099999997764825,8.40999984741211,61.0,0.0,0.0,59.0,51.0,0.0,0.0,6.0,114.0,0.0,3.0,153.0,1136.0,1440.0,1437.0,745.0,2002.3333333333333,641.4431645386309,2346.285714285714,506.7115268360998,3286.0,5664.69337210762,6385.142857142857,4654.341286317948,2.240000012641151,3.87113680603197,4.362857104678239,3.29692639110971,20.333333333333332,35.21836642056717,30.857142857142858,24.57253596618639,39.0,64.96922348312316,107.57142857142857,75.8064578226621,1337.6666666666667,174.65489782234386,1021.8571428571429,314.6815472671955,2997.0
7086361926,2016-04-20,14365,10.6400003433228,10.6400003433228,0.0,7.6399998664856,0.449999988079071,2.53999996185303,0.0,87,13,145,797,2997,2944.0,2743.0,1629.0,2516.0,10688.0,9827.0,0.0,5813.0,7.28999996185303,6.71000003814697,0.0,3.61999988555908,67.0,61.0,0.0,31.0,69.0,51.0,0.0,26.0,124.0,114.0,0.0,155.0,671.0,1136.0,1440.0,744.0,2438.6666666666665,708.3574897841719,2370.8571428571427,534.2195018814608,6838.333333333333,5937.796925908913,6295.285714285715,4548.116852584365,4.666666666666667,4.051843199237613,4.202857121026942,3.0883637181427006,42.666666666666664,37.07200201409864,32.0,26.229754097208,79.33333333333333,68.88637988262508,103.42857142857143,73.67237642168907,1082.3333333333333,387.29876495198556,1011.2857142857143,326.5515346188175,2463.0
7086361926,2016-04-21,9469,6.17999982833862,6.17999982833862,0.0,1.36000001430511,0.300000011920929,4.51000022888184,0.0,19,6,206,758,2463,2997.0,2944.0,2743.0,2734.0,14365.0,10688.0,9827.0,9123.0,10.6400003433228,7.28999996185303,6.71000003814697,6.11999988555908,87.0,67.0,61.0,35.0,13.0,69.0,51.0,32.0,145.0,124.0,114.0,189.0,797.0,671.0,1136.0,787.0,2894.6666666666665,133.9937809502118,2439.5714285714284,584.5624737479181,11626.666666666666,2410.224540023884,7517.0,5455.147263517885,8.213333447774266,2.121469807548092,5.205714329278902,3.9005336169053653,71.66666666666667,13.613718571108107,40.0,33.42653636459113,127.66666666666667,15.82192571507439,102.0,72.59476565152613,868.0,240.4932431483263,1018.8571428571429,319.8673832342755,2846.0
7086361926,2016-04-22,9753,6.53000020980835,6.53000020980835,0.0,2.86999988555908,0.970000028610229,2.67000007629395,0.0,58,59,153,762,2846,2463.0,2997.0,2944.0,2395.0,9469.0,14365.0,10688.0,8585.0,6.17999982833862,10.6400003433228,7.28999996185303,5.67000007629395,19.0,87.0,67.0,30.0,6.0,13.0,69.0,21.0,206.0,145.0,124.0,139.0,758.0,797.0,671.0,864.0,2801.3333333333335,294.20117833437274,2400.8571428571427,570.6208398377531,11507.333333333334,2548.76133314466,7566.428571428572,5473.66050150302,8.036666711171483,2.3218601539106825,5.214285749675979,3.902942796791826,57.666666666666664,34.94757979221642,37.714285714285715,34.35944453234698,158.33333333333334,42.5949918808929,104.42857142857143,76.18586295557539,742.0,64.50581369148013,1014.7142857142857,323.5375888958985,1965.0
7086361926,2016-04-23,2817,1.80999994277954,1.80999994277954,0.0,0.0,0.0,1.79999995231628,0.0,0,0,90,1350,1965,2846.0,2463.0,2997.0,1635.0,9753.0,9469.0,14365.0,31.0,6.53000020980835,6.17999982833862,10.6400003433228,0.0099999997764825,58.0,19.0,87.0,0.0,59.0,6.0,13.0,0.0,153.0,206.0,145.0,3.0,762.0,758.0,797.0,1437.0,2768.6666666666665,275.2713812464591,2465.285714285714,594.7982050762297,11195.666666666666,2748.3939552643,7733.285714285715,5527.423652850869,7.783333460489923,2.480127885082305,5.337142911606607,3.933097733077331,54.666666666666664,34.12232895529456,41.714285714285715,34.936677411732056,168.0,33.151168908501525,106.42857142857143,77.41846709680479,772.3333333333334,21.455380055671124,1000.1428571428571,333.597276453425,2049.0
7086361926,2016-04-24,3520,2.16000008583069,2.16000008583069,0.0,0.0,0.0,2.15000009536743,0.0,0,0,125,566,2049,1965.0,2846.0,2463.0,1629.0,2817.0,9753.0,9469.0,0.0,1.80999994277954,6.53000020980835,6.17999982833862,0.0,0.0,58.0,19.0,0.0,0.0,59.0,6.0,0.0,90.0,153.0,206.0,0.0,1350.0,762.0,758.0,1440.0,2424.6666666666665,441.74917468325094,2512.4285714285716,527.2671230482882,7346.333333333333,3925.087175252716,8131.285714285715,4950.59433180454,4.83999999364217,2.62988598572788,5.594285760607044,3.5687293600936845,25.666666666666668,29.56912804486014,41.714285714285715,34.936677411732056,149.66666666666666,58.07179464536404,118.85714285714286,63.83945637672824,956.6666666666666,340.64253012994925,987.7142857142857,315.7523894265433,2752.0
7086361926,2016-04-25,10091,6.82000017166138,6.82000017166138,0.0,3.75,0.699999988079071,2.36999988555908,0.0,69,39,129,706,2752,2049.0,1965.0,2846.0,2743.0,3520.0,2817.0,9753.0,9827.0,2.16000008583069,1.80999994277954,6.53000020980835,6.71000003814697,0.0,0.0,58.0,61.0,0.0,0.0,59.0,51.0,125.0,90.0,153.0,114.0,566.0,1350.0,762.0,1136.0,2286.6666666666665,486.21428746318566,2572.4285714285716,423.7105368616867,5363.333333333333,3817.778455245059,8634.142857142857,4091.1774355952607,3.50000007947286,2.6298860464683216,5.90285720144,3.06177361615582,19.333333333333332,33.48631561299831,41.714285714285715,34.936677411732056,122.66666666666667,31.564748269760216,136.71428571428572,36.81355857884555,892.6666666666666,408.00653589536205,862.8571428571429,277.594685690864,2781.0
7086361926,2016-04-26,10387,7.07000017166138,7.07000017166138,0.0,4.15999984741211,0.769999980926514,2.11999988555908,0.0,70,33,132,726,2781,2752.0,2049.0,1965.0,2944.0,10091.0,3520.0,2817.0,10688.0,6.82000017166138,2.16000008583069,1.80999994277954,7.28999996185303,69.0,0.0,0.0,67.0,39.0,0.0,0.0,69.0,129.0,125.0,90.0,124.0,706.0,566.0,1350.0,671.0,2255.3333333333335,432.17164799803027,2573.714285714286,424.32759132762567,5476.0,4012.1342200878594,8671.857142857143,4105.199241148207,3.59666673342387,2.7969686922772303,5.918571506227772,3.0668846612613727,23.0,39.837168574084195,42.857142857142854,35.79305599055293,114.66666666666667,21.455380055672062,138.85714285714286,35.6904682486728,874.0,418.1291666459062,801.4285714285714,253.61904314861522,2693.0
7086361926,2016-04-27,11107,8.34000015258789,8.34000015258789,0.0,5.63000011444092,0.180000007152557,2.52999997138977,0.0,55,6,145,829,2693,2781.0,2752.0,2049.0,2997.0,10387.0,10091.0,3520.0,14365.0,7.07000017166138,6.82000017166138,2.16000008583069,10.6400003433228,70.0,69.0,0.0,87.0,33.0,39.0,0.0,13.0,132.0,129.0,125.0,145.0,726.0,706.0,566.0,797.0,2527.3333333333335,414.50251306033556,2550.4285714285716,404.6364035126088,7999.333333333333,3882.038682616822,8628.857142857143,4082.072693643571,5.35000014305115,2.7654475720577145,5.887142964771823,3.0515773747096464,46.333333333333336,40.128958787057186,43.285714285714285,36.14652719932343,128.66666666666666,3.511884584283897,140.0,35.260932110954336,666.0,87.17797887081304,809.2857142857143,249.72699379236425,2862.0
7086361926,2016-04-28,11584,7.80000019073486,7.80000019073486,0.0,2.78999996185303,1.63999998569489,3.35999989509583,0.0,54,48,161,810,2862,2693.0,2781.0,2752.0,2463.0,11107.0,10387.0,10091.0,9469.0,8.34000015258789,7.07000017166138,6.82000017166138,6.17999982833862,55.0,70.0,69.0,19.0,6.0,33.0,39.0,6.0,145.0,132.0,129.0,206.0,829.0,726.0,706.0,758.0,2742.0,44.84417464956286,2507.0,362.8778490530017,10528.333333333334,522.5373989805418,8163.428571428572,3456.910849161086,7.4100001653035505,0.8150460000893563,5.558571508952549,2.5345574089295817,64.66666666666667,8.386497083606125,38.714285714285715,31.40973461478827,135.33333333333334,8.504900548115236,140.0,35.260932110954336,753.6666666666666,66.00252520421695,813.8571428571429,249.75750143651265,2616.0
7086361926,2016-04-29,7881,4.94999980926514,4.94999980926514,0.0,0.490000009536743,0.449999988079071,4.0,0.0,24,36,182,1198,2616,2862.0,2693.0,2781.0,2846.0,11584.0,11107.0,10387.0,9753.0,7.80000019073486,8.34000015258789,7.07000017166138,6.53000020980835,54.0,55.0,70.0,58.0,48.0,6.0,33.0,59.0,161.0,145.0,132.0,153.0,810.0,829.0,726.0,762.0,2778.6666666666665,84.52415828231534,2564.0,385.4495211221997,11026.0,602.5968801777988,8465.57142857143,3675.55337589425,7.736666838328044,0.6373643565760893,5.790000132152012,2.671042320920443,59.666666666666664,8.962886439832545,43.714285714285715,30.52165507588716,146.0,14.525839046333862,133.57142857142858,23.29418484555845,788.3333333333334,54.81179921634858,821.2857142857143,248.5898323783675,2995.0
7086361926,2016-04-30,14560,9.40999984741211,9.40999984741211,0.0,3.11999988555908,1.03999996185303,5.23999977111816,0.0,42,17,308,584,2995,2616.0,2862.0,2693.0,1965.0,7881.0,11584.0,11107.0,2817.0,4.94999980926514,7.80000019073486,8.34000015258789,1.80999994277954,24.0,54.0,55.0,0.0,36.0,48.0,6.0,0.0,182.0,161.0,145.0,90.0,1198.0,810.0,829.0,1350.0,2723.6666666666665,125.83454745551317,2531.1428571428573,366.75397228997525,10190.666666666666,2014.3987523162707,8198.142857142857,3634.138615434265,7.03000005086263,1.8214556660771455,5.5642857892172675,2.6648381488113504,44.333333333333336,17.61628034896511,38.857142857142854,30.57465492543659,162.66666666666666,18.55622087962231,137.71428571428572,29.164557746885617,945.6666666666666,218.73347556634624,883.5714285714286,283.43832788507234,2730.0
7086361926,2016-05-01,12390,8.06999969482422,8.06999969482422,0.0,2.29999995231628,0.899999976158142,4.84999990463257,0.0,30,15,258,685,2730,2995.0,2616.0,2862.0,2049.0,14560.0,7881.0,11584.0,3520.0,9.40999984741211,4.94999980926514,7.80000019073486,2.16000008583069,42.0,24.0,54.0,0.0,17.0,36.0,48.0,0.0,308.0,182.0,161.0,125.0,584.0,1198.0,810.0,566.0,2824.3333333333335,192.28711171925693,2678.285714285714,302.80340942912864,11341.666666666666,3346.0879147645464,9875.714285714286,3441.3802325174574,7.386666615804036,2.2585467823783434,6.650000061307637,2.4170091777667295,40.0,15.099668870541532,44.857142857142854,25.353688564181816,217.0,79.50471684120382,168.85714285714286,64.59470713979735,864.0,310.54146261006764,774.1428571428571,212.284736907319,2754.0
7086361926,2016-05-02,10052,6.80999994277954,6.80999994277954,0.0,3.48000001907349,0.660000026226044,2.66000008583069,0.0,66,26,139,737,2754,2730.0,2995.0,2616.0,2752.0,12390.0,14560.0,7881.0,10091.0,8.06999969482422,9.40999984741211,4.94999980926514,6.82000017166138,30.0,42.0,24.0,69.0,15.0,17.0,36.0,39.0,258.0,308.0,182.0,129.0,685.0,584.0,1198.0,706.0,2780.3333333333335,194.44879360215612,2775.5714285714284,122.85609080391093,11610.333333333334,3407.0765082887924,11142.857142857143,2071.4551591068744,7.476666450500491,2.288434691919903,7.494285719735283,1.409383521299866,32.0,9.165151389911733,49.142857142857146,17.96690078476318,249.33333333333334,63.445514682547355,187.85714285714286,68.9575438740596,822.3333333333334,329.2329469134785,791.1428571428571,197.0570379115557,2754.0
7086361926,2016-05-03,10288,6.76000022888184,6.76000022888184,0.0,2.74000000953674,0.850000023841858,3.16000008583069,0.0,57,36,152,761,2754,2754.0,2730.0,2995.0,2781.0,10052.0,12390.0,14560.0,10387.0,6.80999994277954,8.06999969482422,9.40999984741211,7.07000017166138,66.0,30.0,42.0,70.0,26.0,15.0,17.0,33.0,139.0,258.0,308.0,132.0,737.0,685.0,584.0,726.0,2826.3333333333335,146.56170486635997,2775.8571428571427,122.79444690406791,12334.0,2254.521678760267,11137.285714285714,2074.8055101049627,8.09666649500529,1.3002050664015536,7.492857115609306,1.4101857559971793,46.0,18.330302779823388,48.714285714285715,17.442422287001747,235.0,86.81589716175257,189.28571428571428,67.6257206633548,668.6666666666666,77.79674371934381,795.5714285714286,195.1639115742265,2655.0
7086361926,2016-05-04,10988,8.3100004196167,8.3100004196167,0.0,5.28000020980835,0.119999997317791,2.90000009536743,0.0,45,12,135,843,2655,2754.0,2754.0,2730.0,2693.0,10288.0,10052.0,12390.0,11107.0,6.76000022888184,6.80999994277954,8.06999969482422,8.34000015258789,57.0,66.0,30.0,55.0,36.0,26.0,15.0,6.0,152.0,139.0,258.0,145.0,761.0,737.0,685.0,829.0,2746.0,13.856406460569232,2772.0,123.02980668656313,10910.0,1287.1379102489418,11123.142857142857,2081.1000639542744,7.213333288828534,0.7423159645451821,7.448571409497943,1.4304012172302354,51.0,18.73499399519522,46.857142857142854,15.366940396281139,183.0,65.27633568147034,192.14285714285714,65.18033591871239,727.6666666666666,38.85013942488866,800.5714285714286,193.52593034083526,2386.0
7086361926,2016-05-05,8564,5.59999990463257,5.59999990463257,0.0,1.77999997138977,0.829999983310699,2.95000004768372,0.0,24,14,149,1253,2386,2655.0,2754.0,2754.0,2862.0,10988.0,10288.0,10052.0,11584.0,8.3100004196167,6.76000022888184,6.80999994277954,7.80000019073486,45.0,57.0,66.0,54.0,12.0,36.0,26.0,48.0,135.0,152.0,139.0,161.0,843.0,761.0,737.0,810.0,2721.0,57.157676649777024,2766.5714285714284,127.84086089465086,10442.666666666666,486.79085173547236,11106.142857142857,2081.7398515481755,7.293333530426026,0.8808142060218761,7.444285733359201,1.427326873322408,56.0,10.535653752852784,45.42857142857143,14.942747882692606,142.0,8.888194417315486,190.71428571428572,66.48236429238027,780.3333333333334,55.58177159225238,802.5714285714286,193.940589823153,2924.0
7086361926,2016-05-06,12461,8.38000011444092,8.38000011444092,0.0,3.8199999332428,1.42999994754791,3.11999988555908,0.0,84,35,154,834,2924,2386.0,2655.0,2754.0,2616.0,8564.0,10988.0,10288.0,7881.0,5.59999990463257,8.3100004196167,6.76000022888184,4.94999980926514,24.0,45.0,57.0,24.0,14.0,12.0,36.0,36.0,149.0,135.0,152.0,182.0,1253.0,843.0,761.0,1198.0,2598.3333333333335,190.4319651039015,2698.5714285714284,183.22104786555533,9946.666666666666,1247.5276884034863,10674.714285714286,2270.5753099369435,6.890000184377037,1.359669330802579,7.129999978201732,1.570933942566302,42.0,16.703293088490096,41.142857142857146,16.31388540914939,145.33333333333334,9.073771725877364,189.0,67.52283564345719,952.3333333333334,263.59312080047425,865.8571428571429,258.3514586575355,2739.0
7086361926,2016-05-07,12827,8.47999954223633,8.47999954223633,0.0,1.46000003814697,2.32999992370605,4.67999982833862,0.0,20,42,209,621,2739,2924.0,2386.0,2655.0,2995.0,12461.0,8564.0,10988.0,14560.0,8.38000011444092,5.59999990463257,8.3100004196167,9.40999984741211,84.0,24.0,45.0,42.0,35.0,14.0,12.0,17.0,154.0,149.0,135.0,308.0,834.0,1253.0,843.0,584.0,2655.0,269.0000000000005,2742.5714285714284,196.582346734438,10671.0,1967.744648067938,11329.0,1971.565452459883,7.430000146230063,1.5852131252623536,7.620000021798272,1.2868825390845111,51.0,30.446674695276673,49.714285714285715,20.91820806310685,146.0,9.848857801796013,185.0,68.82344561751225,976.6666666666666,239.35399168038418,813.8571428571429,213.01050723022158,2534.0
7086361926,2016-05-08,10677,7.09999990463257,7.09999990463257,0.0,2.30999994277954,1.52999997138977,3.25,0.0,32,27,147,695,2534,2739.0,2924.0,2386.0,2730.0,12827.0,12461.0,8564.0,12390.0,8.47999954223633,8.38000011444092,5.59999990463257,8.06999969482422,20.0,84.0,24.0,30.0,42.0,35.0,14.0,15.0,209.0,154.0,149.0,258.0,621.0,834.0,1253.0,685.0,2683.0,273.3367885960474,2706.0,162.68476675255457,11284.0,2362.6868180103797,11081.42857142857,1565.1423638275296,7.486666520436607,1.634666070114,7.4871428353445895,1.1066723839144226,42.666666666666664,35.851545759330016,46.57142857142857,23.733640982489693,170.66666666666666,33.291640592396945,170.85714285714286,45.582995994224895,902.6666666666666,321.5467824956944,819.1428571428571,206.72238112295182,2960.0
7086361926,2016-05-09,13566,9.10999965667725,9.10999965667725,0.0,4.26000022888184,1.71000003814697,3.11999988555908,0.0,67,50,171,743,2960,2534.0,2739.0,2924.0,2754.0,10677.0,12827.0,12461.0,10052.0,7.09999990463257,8.47999954223633,8.38000011444092,6.80999994277954,32.0,20.0,84.0,66.0,27.0,42.0,35.0,26.0,147.0,209.0,154.0,139.0,695.0,621.0,834.0,737.0,2732.3333333333335,195.0854513625598,2678.0,174.31676148131334,11988.333333333334,1150.2979324215735,10836.714285714286,1456.595999157595,7.986666520436607,0.7695019409175601,7.348571436745781,1.0819801210822846,45.333333333333336,34.01960219246155,46.857142857142854,23.511901748040795,170.0,33.95585369269927,155.0,24.772296354328294,716.6666666666666,108.14034091555888,820.5714285714286,205.67276366666977,2800.0
7086361926,2016-05-10,14433,10.789999961853,10.789999961853,0.0,7.1100001335144,1.20000004768372,2.45000004768372,0.0,72,23,106,1182,2800,2960.0,2534.0,2739.0,2754.0,13566.0,10677.0,12827.0,10288.0,9.10999965667725,7.09999990463257,8.47999954223633,6.76000022888184,67.0,32.0,20.0,57.0,50.0,27.0,42.0,36.0,171.0,147.0,209.0,152.0,743.0,695.0,621.0,761.0,2744.3333333333335,213.050072361719,2707.4285714285716,204.1256615770919,12356.666666666666,1500.829881543324,11338.714285714286,1722.3640453637884,8.22999970118205,1.0280562684991006,7.677142824445454,1.2302399438495122,39.666666666666664,24.419937209856506,47.0,23.65022903342235,175.66666666666666,31.26233090051559,159.57142857142858,24.275207811380614,686.3333333333334,61.46001410131052,821.4285714285714,205.27855639176195,2735.0
7086361926,2016-05-11,9572,6.51999998092651,6.51999998092651,0.0,2.89000010490417,1.38999998569489,2.23000001907349,0.0,57,40,128,757,2735,2800.0,2960.0,2534.0,2655.0,14433.0,13566.0,10677.0,10988.0,10.789999961853,9.10999965667725,7.09999990463257,8.3100004196167,72.0,67.0,32.0,45.0,23.0,50.0,27.0,12.0,106.0,171.0,147.0,135.0,1182.0,743.0,695.0,843.0,2764.6666666666665,215.18674060762606,2714.0,206.6002581476277,12892.0,1966.6191802176684,11930.857142857143,1992.2934379395908,8.999999841054274,1.8474577329805175,8.252857072012763,1.6129446503215328,57.0,21.794494717703387,49.142857142857146,25.32738025292372,141.33333333333334,32.86842456421257,153.0,31.743765792146757,873.3333333333334,268.3884001467526,881.5714285714286,242.85651260422432,1199.0
8053475328,2016-04-19,15929,12.4799995422363,12.4799995422363,0.0,9.22000026702881,0.310000002384186,2.95000004768372,0.0,90,7,191,1152,3114,3133.0,3213.0,2867.0,3186.0,17076.0,18827.0,14549.0,18060.0,12.6599998474121,13.6899995803833,11.1099996566772,14.1199998855591,102.0,111.0,96.0,116.0,6.0,21.0,6.0,8.0,195.0,195.0,83.0,123.0,1137.0,1113.0,1255.0,1193.0,3071.0,181.1408291909918,3194.285714285714,186.0714148615296,16817.333333333332,2150.6981037173337,17967.571428571428,2148.009765429607,12.486666361490867,1.2987044600628268,13.87714276994977,1.8015523335909311,103.0,7.549834435270765,110.14285714285714,13.458932243787288,157.66666666666666,64.66323014923809,157.57142857142858,42.45726142391956,1168.3333333333333,76.00877142365434,1162.857142857143,49.626701722052054,3043.0
8053475328,2016-04-20,15108,12.1899995803833,12.1899995803833,0.0,9.57999992370605,0.230000004172325,2.38000011444092,0.0,89,5,158,695,3043,3114.0,3133.0,3213.0,3140.0,15929.0,17076.0,18827.0,16433.0,12.4799995422363,12.6599998474121,13.6899995803833,13.3500003814697,90.0,102.0,111.0,95.0,7.0,6.0,21.0,12.0,191.0,195.0,195.0,156.0,1152.0,1137.0,1113.0,1177.0,3153.3333333333335,52.53887449625661,3184.0,188.57889595604283,17277.333333333332,1459.4527513192527,17663.14285714286,2279.699134284423,12.943332990010568,0.6528654343354212,13.642857006617943,1.8700421453292286,101.0,10.535653752852749,106.42857142857143,15.064938796834882,193.66666666666666,2.3094010767586957,167.28571428571428,40.98257469427012,1134.0,19.67231557290584,1157.0,47.864391775097296,3103.0
8053475328,2016-04-21,16057,12.5100002288818,12.5100002288818,0.0,9.67000007629395,0.25,2.57999992370605,0.0,100,6,170,1164,3103,3043.0,3114.0,3133.0,3411.0,15108.0,15929.0,17076.0,20159.0,12.1899995803833,12.4799995422363,12.6599998474121,15.9700002670288,89.0,90.0,102.0,119.0,5.0,7.0,6.0,5.0,158.0,191.0,195.0,193.0,695.0,1152.0,1137.0,1123.0,3096.6666666666665,47.437678414245816,3170.1428571428573,195.77744896644646,16037.666666666666,988.4899257621876,17473.85714285714,2447.681517175757,12.443332990010568,0.23713580453166827,13.477142606462744,1.9500062655021397,93.66666666666667,7.234178138070252,105.57142857142857,15.967228342839618,181.33333333333334,20.305992547357402,167.57142857142858,40.897665552193175,994.6666666666666,259.62729697266684,1088.142857142857,179.62964544809847,2655.0
8053475328,2016-04-22,10520,8.28999996185303,8.28999996185303,0.0,6.26000022888184,0.150000005960464,1.87999999523163,0.0,60,3,117,1260,2655,3103.0,3043.0,3114.0,3410.0,16057.0,15108.0,15929.0,20669.0,12.5100002288818,12.1899995803833,12.4799995422363,16.2399997711182,100.0,89.0,90.0,132.0,6.0,5.0,7.0,8.0,170.0,158.0,191.0,158.0,1164.0,695.0,1152.0,1142.0,3086.6666666666665,38.21430796617153,3126.1428571428573,164.7810957719652,15698.0,514.9475701467103,16887.85714285714,2173.345687227527,12.393333117167133,0.1767297532549951,12.982856886727458,1.6240865671979037,93.0,6.082762530298242,102.85714285714286,14.882076148044339,173.0,16.7032930884901,164.28571428571428,39.41114176521781,1003.6666666666666,267.3805029042569,1094.0,181.61314196206553,3554.0
8053475328,2016-04-23,22359,17.1900005340576,17.1900005340576,0.0,12.539999961853,0.629999995231628,4.01999998092651,0.0,125,14,223,741,3554,2655.0,3103.0,3043.0,2867.0,10520.0,16057.0,15108.0,14549.0,8.28999996185303,12.5100002288818,12.1899995803833,11.1099996566772,60.0,100.0,89.0,96.0,3.0,6.0,5.0,6.0,117.0,170.0,158.0,83.0,1260.0,1164.0,695.0,1255.0,2933.6666666666665,243.18991207147835,3018.285714285714,192.73705255754922,13895.0,2961.1009776770534,15438.0,2578.066200339582,10.99666659037271,2.3494963890622285,11.847142628261006,1.7421701637293532,83.0,20.663978319771832,92.57142857142857,16.20552521885814,148.33333333333334,27.790885796126304,158.42857142857142,43.350729109043996,1039.6666666666667,302.3248804404515,1110.857142857143,191.99082319339178,3577.0
8053475328,2016-04-24,22988,17.9500007629395,17.9500007629395,0.0,13.1300001144409,1.54999995231628,3.25999999046326,0.0,129,33,182,1096,3577,3554.0,2655.0,3103.0,3213.0,22359.0,10520.0,16057.0,18827.0,17.1900005340576,8.28999996185303,12.5100002288818,13.6899995803833,125.0,60.0,100.0,111.0,14.0,3.0,6.0,21.0,223.0,117.0,170.0,195.0,741.0,1260.0,1164.0,1113.0,3104.0,449.50083425951505,3116.4285714285716,264.4376783181356,16312.0,5923.617897872887,16553.714285714286,3611.895703287761,12.663333574930808,4.451981118846795,12.71571418217249,2.6119206313701064,95.0,32.78719262151001,96.71428571428571,20.39374320483519,170.0,53.000000000000014,178.42857142857142,34.04828504177141,1055.0,276.1358361386656,1037.4285714285713,223.39714795468137,3403.0
8053475328,2016-04-25,20500,15.6899995803833,15.6899995803833,0.0,11.3699998855591,0.46000000834465,3.85999989509583,0.0,118,9,209,1104,3403,3577.0,3554.0,2655.0,3133.0,22988.0,22359.0,10520.0,17076.0,17.9500007629395,17.1900005340576,8.28999996185303,12.6599998474121,129.0,125.0,60.0,102.0,33.0,14.0,3.0,6.0,182.0,223.0,117.0,195.0,1096.0,741.0,1260.0,1137.0,3262.0,525.8031951215207,3168.4285714285716,317.1318638163297,18622.333333333332,7023.87103621168,17148.14285714286,4321.140490988132,14.476667086283376,5.37126965142838,13.324285779680519,3.2860509367840853,104.66666666666667,38.734136537856806,99.28571428571429,23.4073655481509,174.0,53.45091205957108,176.57142857142858,33.34095151040306,1032.3333333333333,265.29291987034503,1035.0,222.5293988068395,2846.0
8053475328,2016-04-26,12685,9.61999988555908,9.61999988555908,0.0,6.30999994277954,0.200000002980232,3.09999990463257,0.0,68,5,185,1182,2846,3403.0,3577.0,3554.0,3114.0,20500.0,22988.0,22359.0,15929.0,15.6899995803833,17.9500007629395,17.1900005340576,12.4799995422363,118.0,129.0,125.0,90.0,9.0,33.0,14.0,7.0,209.0,182.0,223.0,191.0,1104.0,1096.0,741.0,1152.0,3511.3333333333335,94.52160246913583,3207.0,328.3265650740637,21949.0,1293.6811817445623,17637.285714285714,4501.637617367179,16.943333625793468,1.150015112515154,13.75714288439069,3.3821234362989765,124.0,5.5677643628300215,101.57142857142857,24.47350365093606,204.66666666666666,20.840665376454147,178.57142857142858,35.008842420437844,980.3333333333334,207.30734027846984,1030.2857142857142,220.3472367920797,2852.0
8053475328,2016-04-27,12422,9.81999969482422,9.81999969482422,0.0,6.46000003814697,0.430000007152557,2.9300000667572,0.0,60,10,183,1187,2852,2846.0,3403.0,3577.0,3043.0,12685.0,20500.0,22988.0,15108.0,9.61999988555908,15.6899995803833,17.9500007629395,12.1899995803833,68.0,118.0,129.0,89.0,5.0,9.0,33.0,5.0,185.0,209.0,182.0,158.0,1182.0,1104.0,1096.0,695.0,3275.3333333333335,381.85643026317285,3168.714285714286,355.4812298306407,18724.333333333332,5376.12279745667,17173.85714285714,4859.560660134188,14.42000007629396,4.30777236046428,13.348571504865374,3.7181737609875616,105.0,32.51153641401772,98.42857142857143,27.439977787024183,192.0,14.798648586948785,177.71428571428572,34.72613946157509,1127.3333333333333,47.51140214025787,1034.5714285714287,223.37998801956084,3062.0
8053475328,2016-04-28,15447,12.3999996185303,12.3999996185303,0.0,9.67000007629395,0.389999985694885,2.34999990463257,0.0,90,9,153,1188,3062,2852.0,2846.0,3403.0,3103.0,12422.0,12685.0,20500.0,16057.0,9.81999969482422,9.61999988555908,15.6899995803833,12.5100002288818,60.0,68.0,118.0,100.0,10.0,5.0,9.0,6.0,183.0,185.0,209.0,170.0,1187.0,1182.0,1104.0,1164.0,3033.6666666666665,319.8661178264016,3141.4285714285716,373.6071274939569,15202.333333333334,4589.798071084754,16790.14285714286,5147.389352172338,11.709999720255533,3.4482313069005834,13.010000092642647,3.942398014059799,82.0,31.432467291003423,94.28571428571429,31.0521834214294,192.33333333333334,14.468356276140517,181.28571428571428,33.62892745694936,1157.6666666666667,46.54388610046759,1104.857142857143,169.67461858061233,2794.0
8053475328,2016-04-29,12315,9.64999961853027,9.64999961853027,0.0,6.17000007629395,0.310000002384186,3.17000007629395,0.0,58,8,159,1215,2794,3062.0,2852.0,2846.0,2655.0,15447.0,12422.0,12685.0,10520.0,12.3999996185303,9.81999969482422,9.61999988555908,8.28999996185303,90.0,60.0,68.0,60.0,9.0,10.0,5.0,3.0,153.0,183.0,185.0,117.0,1188.0,1187.0,1182.0,1260.0,2920.0,123.01219451745442,3135.5714285714284,374.62997617331575,13518.0,1675.730586938127,16703.0,5166.995903488475,10.613333066304534,1.5505266871480354,12.99428571973529,3.94494158663178,72.66666666666667,15.534906930308056,92.85714285714286,30.975412676446947,173.66666666666666,17.92577287966504,178.85714285714286,35.15882331851932,1185.6666666666667,3.2145502536587096,1108.2857142857142,171.30354567814658,2408.0
8053475328,2016-04-30,7135,5.59000015258789,5.59000015258789,0.0,2.99000000953674,0.0599999986588955,2.53999996185303,0.0,27,1,131,1281,2408,2794.0,3062.0,2852.0,3554.0,12315.0,15447.0,12422.0,22359.0,9.64999961853027,12.3999996185303,9.81999969482422,17.1900005340576,58.0,90.0,60.0,125.0,8.0,9.0,10.0,14.0,159.0,153.0,183.0,223.0,1215.0,1188.0,1187.0,741.0,2902.6666666666665,141.00118202814247,3155.4285714285716,347.62233201318605,13394.666666666666,1778.1778126310464,16959.428571428572,4843.412118783716,10.623332977294929,1.5409845138884177,13.188571384974896,3.7005653020517744,69.33333333333333,17.925772879665,92.57142857142857,31.336119430337586,165.0,15.874507866387583,184.85714285714286,24.942791687035715,1196.6666666666667,15.885003409923966,1101.857142857143,165.4039787625324,1886.0
8053475328,2016-05-01,1170,0.850000023841858,0.850000023841858,0.0,0.0,0.0,0.850000023841858,0.0,0,0,51,1389,1886,2408.0,2794.0,3062.0,3577.0,7135.0,12315.0,15447.0,22988.0,5.59000015258789,9.64999961853027,12.3999996185303,17.9500007629395,27.0,58.0,90.0,129.0,1.0,8.0,9.0,33.0,131.0,159.0,153.0,182.0,1281.0,1215.0,1188.0,1096.0,2754.6666666666665,328.7694227469053,2991.714285714286,395.22597514405794,11632.333333333334,4197.840079532965,14784.57142857143,5400.70744924968,9.21333312988282,3.425935112967664,11.531428473336366,4.1767030949436466,58.333333333333336,31.50132272355136,78.57142857142857,35.98081499381369,147.66666666666666,14.742229591664024,171.71428571428572,25.72103086136768,1228.0,47.84349485562235,1179.0,63.728591176436744,1988.0
8053475328,2016-05-02,1969,1.42999994754791,1.42999994754791,0.0,0.0,0.0,1.42999994754791,0.0,0,0,95,1345,1988,1886.0,2408.0,2794.0,3403.0,1170.0,7135.0,12315.0,20500.0,0.850000023841858,5.59000015258789,9.64999961853027,15.6899995803833,0.0,27.0,58.0,118.0,0.0,1.0,8.0,9.0,51.0,131.0,159.0,209.0,1389.0,1281.0,1215.0,1104.0,2362.6666666666665,455.6943420027653,2750.1428571428573,484.5563017068395,6873.333333333333,5577.10573087272,11667.714285714286,6124.575787058941,5.3633332649866725,4.404376417278637,9.088571224893846,4.757293964548948,28.333333333333332,29.022979401386987,60.142857142857146,38.77468491781966,113.66666666666667,56.047598818623214,153.0,51.61395160225575,1295.0,87.84076502399078,1220.857142857143,90.6594885113684,3023.0
8053475328,2016-05-03,15484,11.8999996185303,11.8999996185303,0.0,8.39000034332275,0.930000007152557,2.58999991416931,0.0,87,22,165,1166,3023,1988.0,1886.0,2408.0,2846.0,1969.0,1170.0,7135.0,12685.0,1.42999994754791,0.850000023841858,5.59000015258789,9.61999988555908,0.0,0.0,27.0,68.0,0.0,0.0,1.0,5.0,95.0,51.0,131.0,185.0,1345.0,1389.0,1281.0,1182.0,2094.0,276.6730922948596,2548.0,461.4065452504984,3424.6666666666665,3237.982447965607,9020.42857142857,5657.760271142141,2.6233333746592193,2.5855238939766254,7.0514284202030755,4.505853178947861,9.0,15.588457268119901,43.285714285714285,34.88416204962882,92.33333333333333,40.066611203511265,136.71428571428572,48.91391855669945,1338.3333333333333,54.30776494510979,1255.2857142857142,84.4328417258642,2918.0
8053475328,2016-05-04,14581,11.1499996185303,11.1499996185303,0.0,8.81999969482422,0.400000005960464,1.9099999666214,0.0,89,8,123,1220,2918,3023.0,1988.0,1886.0,2852.0,15484.0,1969.0,1170.0,12422.0,11.8999996185303,1.42999994754791,0.850000023841858,9.81999969482422,87.0,0.0,0.0,60.0,22.0,0.0,0.0,10.0,165.0,95.0,51.0,183.0,1166.0,1345.0,1389.0,1187.0,2299.0,629.0731277045618,2573.285714285714,484.72009596113475,6207.666666666667,8043.4675565537855,9420.285714285714,6045.535259299104,4.726666529973357,6.219053841012651,7.377142667770392,4.7955662181598555,29.0,50.22947341949744,46.0,37.749172176353774,103.66666666666667,57.49202843293437,133.85714285714286,46.128185784935454,1300.0,118.11435137188015,1253.0,86.92717258333788,2950.0
8053475328,2016-05-05,14990,11.5100002288818,11.5100002288818,0.0,8.85000038146973,0.449999988079071,2.21000003814697,0.0,93,9,130,1208,2950,2918.0,3023.0,1988.0,3062.0,14581.0,15484.0,1969.0,15447.0,11.1499996185303,11.8999996185303,1.42999994754791,12.3999996185303,89.0,87.0,0.0,90.0,8.0,22.0,0.0,9.0,123.0,165.0,95.0,153.0,1220.0,1166.0,1345.0,1188.0,2643.0,569.6709576588927,2582.714285714286,491.63764240400843,10678.0,7555.717239283111,9728.714285714286,6274.920523116502,8.159999728202836,5.840402193831477,7.567142656871261,4.932864807624451,58.666666666666664,50.81666393353003,50.142857142857146,40.99361158127193,127.66666666666667,35.23256069793017,125.28571428571429,40.73374639335415,1243.6666666666667,91.81684667496101,1257.7142857142858,83.58172504743386,2859.0
8053475328,2016-05-06,13953,11.0,11.0,0.0,9.10000038146973,0.689999997615814,1.21000003814697,0.0,90,15,90,1245,2859,2950.0,2918.0,3023.0,2794.0,14990.0,14581.0,15484.0,12315.0,11.5100002288818,11.1499996185303,11.8999996185303,9.64999961853027,93.0,89.0,87.0,58.0,9.0,8.0,22.0,8.0,130.0,123.0,165.0,159.0,1208.0,1220.0,1166.0,1215.0,2963.6666666666665,53.8175931581227,2566.714285714286,474.9802502159836,15018.333333333334,452.16626735452735,9663.42857142857,6207.5258854915555,11.519999821980798,0.3750999785345263,7.439999886921475,4.797141400449681,89.66666666666667,3.0550504633035156,50.57142857142857,41.49239746771749,139.33333333333334,22.501851775650234,122.0,39.01709027251175,1198.0,28.354893757515153,1260.5714285714287,81.10663175280912,3331.0
8053475328,2016-05-07,19769,15.6700000762939,15.6700000762939,0.0,12.4399995803833,0.879999995231628,2.34999990463257,0.0,121,20,148,1076,3331,2859.0,2950.0,2918.0,2408.0,13953.0,14990.0,14581.0,7135.0,11.0,11.5100002288818,11.1499996185303,5.59000015258789,90.0,93.0,89.0,27.0,15.0,9.0,8.0,1.0,90.0,130.0,123.0,131.0,1245.0,1208.0,1220.0,1281.0,2909.0,46.16275555033381,2576.0,480.76432202622277,14508.0,522.3399276333304,9897.42857142857,6353.3005295710445,11.219999949137366,0.2621070260002406,7.632857084274294,4.926197627597149,90.66666666666667,2.0816659994655766,55.142857142857146,44.12644170044598,114.33333333333333,21.361959960016176,112.14285714285714,36.76242906115138,1224.3333333333333,18.876793513022974,1264.857142857143,79.0641692370376,3589.0
8053475328,2016-05-08,22026,17.6499996185303,17.6499996185303,0.0,13.3999996185303,0.589999973773956,3.66000008583069,0.0,125,14,228,1073,3589,3331.0,2859.0,2950.0,1886.0,19769.0,13953.0,14990.0,1170.0,15.6700000762939,11.0,11.5100002288818,0.850000023841858,121.0,90.0,93.0,0.0,20.0,15.0,9.0,0.0,148.0,90.0,130.0,51.0,1076.0,1245.0,1208.0,1389.0,3046.6666666666665,250.40833319467075,2707.8571428571427,548.7717888070382,16237.333333333334,3102.151565177518,11702.285714285714,7178.68269518129,12.7266667683919,2.561724668932797,9.072857073375152,5.649656946036932,101.33333333333333,17.097758137642813,68.57142857142857,48.2454044196859,122.66666666666667,29.68725877094977,114.57142857142857,38.72491507568538,1176.3333333333333,88.83880533490589,1235.5714285714287,105.6012265441038,2765.0
8053475328,2016-05-09,12465,9.38000011444092,9.38000011444092,0.0,6.11999988555908,0.569999992847443,2.69000005722046,0.0,66,12,148,1214,2765,3589.0,3331.0,2859.0,1988.0,22026.0,19769.0,13953.0,1969.0,17.6499996185303,15.6700000762939,11.0,1.42999994754791,125.0,121.0,90.0,0.0,14.0,20.0,15.0,0.0,228.0,148.0,90.0,95.0,1073.0,1076.0,1245.0,1345.0,3259.6666666666665,370.19094172242154,2951.1428571428573,498.9239850489686,18582.666666666668,4165.197754408945,14681.714285714286,6360.188459322197,14.773333231608063,3.4144739425543102,11.472857015473503,5.117677529501164,112.0,19.15724406066796,86.42857142857143,41.26280465042393,155.33333333333334,69.2916541391049,139.85714285714286,47.164352963612146,1131.3333333333333,98.44964872122854,1190.4285714285713,96.20612791095571,2926.0
8053475328,2016-05-10,14810,11.3599996566772,11.3599996566772,0.0,9.09000015258789,0.419999986886978,1.85000002384186,0.0,96,10,115,1219,2926,2765.0,3589.0,3331.0,3023.0,12465.0,22026.0,19769.0,15484.0,9.38000011444092,17.6499996185303,15.6700000762939,11.8999996185303,66.0,125.0,121.0,87.0,12.0,14.0,20.0,22.0,148.0,228.0,148.0,165.0,1214.0,1073.0,1076.0,1166.0,3228.3333333333335,421.4846774597309,3062.1428571428573,292.7766091359476,18086.666666666668,4997.585850521562,16181.142857142857,3422.3456589777425,14.233333269755038,4.318128250083308,12.608571325029645,2.9335951421043513,104.0,32.969683043669036,95.85714285714286,20.578537131589034,174.66666666666666,46.18802153517006,147.42857142857142,42.81688585459846,1121.0,80.55432949258504,1171.7142857142858,70.41002363706156,2809.0
8053475328,2016-05-11,12209,9.39999961853027,9.39999961853027,0.0,6.07999992370605,0.280000001192093,3.03999996185303,0.0,60,7,184,1189,2809,2926.0,2765.0,3589.0,2918.0,14810.0,12465.0,22026.0,14581.0,11.3599996566772,9.38000011444092,17.6499996185303,11.1499996185303,96.0,66.0,125.0,89.0,10.0,12.0,14.0,8.0,115.0,148.0,228.0,123.0,1219.0,1214.0,1073.0,1220.0,3093.3333333333335,436.7428686691214,3048.285714285714,297.2001089533874,16433.666666666668,4983.011171303284,16084.857142857143,3454.5580242423393,12.79666646321614,4.318128250083329,12.531428473336344,2.9622931139422737,95.66666666666667,29.501412395567286,97.14285714285714,20.21079391009142,163.66666666666666,58.10622456616273,140.28571428571428,43.56112290301328,1168.6666666666667,82.8874739229836,1179.2857142857142,72.51141125302208,1505.0
8253242879,2016-04-19,4212,2.77999997138977,2.77999997138977,0.0,0.0,0.0,2.77999997138977,0.0,0,0,164,1276,1763,1829.0,2112.0,1880.0,2044.0,5151.0,10204.0,9256.0,9033.0,3.48000001907349,7.90999984741211,6.1399998664856,7.15999984741211,16.0,41.0,6.0,40.0,16.0,5.0,51.0,2.0,130.0,157.0,115.0,154.0,1278.0,1237.0,1268.0,1244.0,1940.3333333333333,150.83876601634375,1876.7142857142858,172.43328592600125,8203.666666666666,2685.843691158019,7086.142857142857,2763.278453128423,5.843333244323733,2.229850428458992,5.145714214869909,2.258671049510098,21.0,18.02775637731994,23.857142857142858,16.60751407675224,134.0,21.283796653792752,112.85714285714286,42.15617223068121,1261.0,21.377558326432162,1288.857142857143,46.21842551561943,1931.0
8253242879,2016-04-20,6466,4.26999998092651,4.26999998092651,0.0,0.330000013113022,0.819999992847443,3.10999989509583,0.0099999997764825,5,18,216,1201,1931,1763.0,1829.0,2112.0,1935.0,4212.0,5151.0,10204.0,8053.0,2.77999997138977,3.48000001907349,7.90999984741211,6.09999990463257,0.0,16.0,41.0,35.0,0.0,16.0,5.0,11.0,164.0,130.0,157.0,96.0,1276.0,1278.0,1237.0,1298.0,1901.3333333333333,185.40316430237456,1836.5714285714287,159.19888728972236,6522.333333333333,3222.798835381031,6397.428571428572,2797.749086744727,4.723333279291791,2.7818398370451,4.519999946866717,2.213902975720698,19.0,20.663978319771818,18.142857142857142,17.004201161561728,150.33333333333334,17.953644012660295,114.28571428571429,43.91550328268399,1263.6666666666667,23.115651263447926,1293.4285714285713,42.47296058614686,2218.0
8253242879,2016-04-21,11268,8.5600004196167,8.5600004196167,0.0,5.88000011444092,0.930000007152557,1.75,0.0,49,20,172,1199,2218,1931.0,1763.0,1829.0,1705.0,6466.0,4212.0,5151.0,5234.0,4.26999998092651,2.77999997138977,3.48000001907349,3.46000003814697,5.0,0.0,16.0,29.0,18.0,0.0,16.0,16.0,216.0,164.0,130.0,33.0,1201.0,1276.0,1278.0,1362.0,1841.0,84.64041587799505,1836.0,158.79336678001806,5276.333333333333,1132.2147911652319,6170.714285714285,2703.9597330757792,3.509999990463257,0.7454528863834503,4.25857138633728,2.101423493176166,7.0,8.18535277187241,13.857142857142858,15.784259790780723,170.0,43.31281565541543,131.42857142857142,57.04634707223342,1251.6666666666667,43.89001405027507,1279.5714285714287,54.774863891074354,1651.0
8253242879,2016-04-22,2824,1.87000000476837,1.87000000476837,0.0,0.0,0.0,1.87000000476837,0.0,0,0,120,1320,1651,2218.0,1931.0,1763.0,1632.0,11268.0,6466.0,4212.0,2672.0,8.5600004196167,4.26999998092651,2.77999997138977,1.76999998092651,49.0,5.0,0.0,0.0,20.0,18.0,0.0,0.0,172.0,216.0,164.0,105.0,1199.0,1201.0,1276.0,1335.0,1970.6666666666667,230.078971949488,1909.2857142857142,201.02214992857077,7315.333333333333,3603.8603376564597,7032.714285714285,3260.1628136380814,5.203333457310993,3.0009056681243473,4.9871428694043844,2.6027147645825104,18.0,26.962937525425517,16.714285714285715,20.180141110460433,184.0,27.999999999999993,151.28571428571428,38.130103093287865,1225.3333333333333,43.89001405027507,1256.2857142857142,48.13769931392763,2132.0
8253242879,2016-04-23,9282,6.26000022888184,6.26000022888184,0.0,2.08999991416931,1.03999996185303,3.13000011444092,0.0,30,26,191,1193,2132,1651.0,2218.0,1931.0,1880.0,2824.0,11268.0,6466.0,9256.0,1.87000000476837,8.5600004196167,4.26999998092651,6.1399998664856,0.0,49.0,5.0,6.0,0.0,20.0,18.0,51.0,120.0,172.0,216.0,115.0,1320.0,1199.0,1201.0,1268.0,1933.3333333333333,283.5072015546223,1912.0,196.73671069054032,6852.666666666667,4235.25882719502,7054.428571428572,3226.611114732342,4.90000013510386,3.3892036724524717,5.001428587096079,2.5823079979033112,18.0,26.962937525425517,16.714285714285715,20.180141110460433,169.33333333333334,48.05552344250693,153.42857142857142,35.420602022256006,1240.0,69.28924880528008,1254.142857142857,44.22453531479486,1976.0
8253242879,2016-04-24,8905,7.13000011444092,7.13000011444092,0.0,5.59999990463257,0.189999997615814,1.3400000333786,0.0,41,4,82,1313,1976,2132.0,1651.0,2218.0,2112.0,9282.0,2824.0,11268.0,10204.0,6.26000022888184,1.87000000476837,8.5600004196167,7.90999984741211,30.0,0.0,49.0,41.0,26.0,0.0,20.0,5.0,191.0,120.0,172.0,157.0,1193.0,1320.0,1199.0,1237.0,2000.3333333333333,305.5721409640173,1948.0,212.34249064502697,7791.333333333333,4414.957455438652,7058.142857142857,3229.5814191404343,5.56333355108897,3.3989755416342615,5.0185714960098275,2.5915081979478956,26.333333333333332,24.704925284917035,20.142857142857142,20.09501241128066,161.0,36.75595189897821,164.28571428571428,33.260157775303675,1237.3333333333333,71.65426249242495,1243.4285714285713,49.12181166195317,1909.0
8253242879,2016-04-25,6829,4.51000022888184,4.51000022888184,0.0,0.360000014305115,2.39000010490417,1.76999998092651,0.0,7,54,118,1261,1909,1976.0,2132.0,1651.0,1829.0,8905.0,9282.0,2824.0,5151.0,7.13000011444092,6.26000022888184,1.87000000476837,3.48000001907349,41.0,30.0,0.0,16.0,4.0,26.0,0.0,16.0,82.0,191.0,120.0,130.0,1313.0,1193.0,1320.0,1278.0,1919.6666666666667,245.3983156693078,1928.5714285714287,200.74100821942787,7003.666666666667,3624.6023689962644,6872.571428571428,3051.081330563688,5.086666782697043,2.81947403257961,4.907142962728229,2.459889804897053,23.666666666666668,21.221058723196,20.142857142857142,20.09501241128066,131.0,55.326304774492215,153.57142857142858,45.73786594226254,1275.3333333333333,71.38860786801591,1254.2857142857142,55.45482932295535,1813.0
8253242879,2016-04-26,4562,3.03999996185303,3.03999996185303,0.0,1.17999994754791,0.490000009536743,1.37000000476837,0.0,19,14,108,1299,1813,1909.0,1976.0,2132.0,1763.0,6829.0,8905.0,9282.0,4212.0,4.51000022888184,7.13000011444092,6.26000022888184,2.77999997138977,7.0,41.0,30.0,0.0,54.0,4.0,26.0,0.0,118.0,82.0,191.0,164.0,1261.0,1313.0,1193.0,1276.0,2005.6666666666667,114.42173453209504,1940.0,196.35681806344292,8338.666666666666,1320.9285875221758,7112.285714285715,2957.770371653041,5.966666857401534,1.334403687120354,5.054285849843707,2.390110711460925,26.0,17.349351572897465,18.857142857142858,20.683556846188804,130.33333333333334,55.536774603260255,151.85714285714286,46.976691282055214,1255.6666666666667,60.177515180782756,1251.857142857143,54.60899978156414,2008.0
8253242879,2016-04-27,10232,8.18000030517578,8.18000030517578,0.0,6.23999977111816,0.230000004172325,1.70000004768372,0.0,45,5,104,1286,2008,1813.0,1909.0,1976.0,1931.0,4562.0,6829.0,8905.0,6466.0,3.03999996185303,4.51000022888184,7.13000011444092,4.26999998092651,19.0,7.0,41.0,5.0,14.0,54.0,4.0,18.0,108.0,118.0,82.0,216.0,1299.0,1261.0,1313.0,1201.0,1899.3333333333333,81.92883090422585,1947.142857142857,189.63950763789404,6765.333333333333,2172.1998833747616,7162.285714285715,2903.0223741407685,4.893333435058597,2.07177063698194,5.091428705624173,2.3505704810292394,22.333333333333332,17.243356208503407,21.571428571428573,18.97241104742307,102.66666666666667,18.58314648635516,143.85714285714286,49.276189555837774,1291.0,26.907248094147473,1255.142857142857,56.945671686349755,1580.0
8253242879,2016-04-28,2718,1.79999995231628,1.79999995231628,0.0,0.670000016689301,0.779999971389771,0.340000003576279,0.0,11,16,20,1393,1580,2008.0,1813.0,1909.0,2218.0,10232.0,4562.0,6829.0,11268.0,8.18000030517578,3.03999996185303,4.51000022888184,8.5600004196167,45.0,19.0,7.0,49.0,5.0,14.0,54.0,20.0,104.0,108.0,118.0,172.0,1286.0,1299.0,1261.0,1199.0,1910.0,97.50384607798759,1958.142857142857,190.77685793567716,7207.666666666667,2853.903700781322,7700.285714285715,3095.0890517229445,5.243333498636883,2.6473069609957802,5.650000180516926,2.5765482156549253,23.666666666666668,19.425069712444614,27.285714285714285,19.17215242406101,110.0,7.21110255092803,127.85714285714286,39.074410089079045,1282.0,19.313207915828038,1267.2857142857142,52.35365089375113,1854.0
8253242879,2016-04-29,6260,4.26000022888184,4.26000022888184,0.0,1.28999996185303,0.540000021457672,2.40000009536743,0.0,16,14,136,1257,1854,1580.0,2008.0,1813.0,1651.0,2718.0,10232.0,4562.0,2824.0,1.79999995231628,8.18000030517578,3.03999996185303,1.87000000476837,11.0,45.0,19.0,0.0,16.0,5.0,14.0,0.0,20.0,104.0,108.0,120.0,1393.0,1286.0,1299.0,1320.0,1800.3333333333333,214.2809682014089,1867.0,198.19687182193368,5837.333333333333,3915.9807626357574,6478.857142857143,3139.2363417754655,4.3400000731150294,3.382839242793359,4.684285828045438,2.5709199111461305,25.0,17.77638883463117,21.857142857142858,17.286107827082528,77.33333333333333,49.692387076224605,106.14285714285714,50.89999532229372,1326.0,58.386642307980026,1295.0,60.84132367615499,0.0
8378563200,2016-04-19,13070,10.3599996566772,10.3599996566772,2.25308108329773,5.30000019073486,0.879999995231628,4.17999982833862,0.0,120,19,154,737,4092,4157.0,2572.0,3363.0,3635.0,13630.0,2132.0,11207.0,7626.0,10.8100004196167,1.69000005722046,8.89000034332275,6.05000019073486,117.0,0.0,64.0,65.0,10.0,0.0,21.0,15.0,174.0,93.0,142.0,156.0,720.0,599.0,563.0,723.0,3364.0,792.5004731859786,3662.1428571428573,569.8188099654803,8989.666666666666,6061.223171384909,10680.0,4388.258766298997,7.130000273386638,4.8079935354738375,8.470000198909213,3.48011980362093,60.333333333333336,58.58611894752317,77.85714285714286,44.27726493897506,136.33333333333334,40.796241656963126,156.85714285714286,31.970968974099875,627.3333333333334,82.24556725643839,673.2857142857143,66.01190368843658,3787.0
8378563200,2016-04-20,9388,7.44000005722046,7.44000005722046,2.0921471118927,2.23000001907349,0.439999997615814,4.78000020980835,0.0,82,8,169,763,3787,4092.0,4157.0,2572.0,4079.0,13070.0,13630.0,2132.0,12386.0,10.3599996566772,10.8100004196167,1.69000005722046,9.81999969482422,120.0,117.0,0.0,116.0,19.0,10.0,0.0,14.0,154.0,174.0,93.0,169.0,737.0,720.0,599.0,680.0,3607.0,896.9253034673512,3727.4285714285716,591.9411167627112,9610.666666666666,6482.764945093515,11457.714285714286,4236.590559804968,7.6200000445047875,5.1404571838072535,9.085714408329547,3.3597959531880344,79.0,68.4324484437025,85.71428571428571,46.44248875657679,140.33333333333334,42.19399641339196,156.57142857142858,31.988837338761062,685.3333333333334,75.24847728248942,675.2857142857143,67.95271465196535,4236.0
8378563200,2016-04-21,15148,12.0100002288818,12.0100002288818,2.25308108329773,6.90000009536743,0.819999992847443,4.28999996185303,0.0,137,16,145,677,4236,3787.0,4092.0,4157.0,4163.0,9388.0,13070.0,13630.0,13318.0,7.44000005722046,10.3599996566772,10.8100004196167,10.5600004196167,82.0,120.0,117.0,123.0,8.0,19.0,10.0,21.0,169.0,154.0,174.0,174.0,763.0,737.0,720.0,699.0,4012.0,197.5474626513844,3685.714285714286,573.0228949136658,12029.333333333334,2304.5349494710067,11029.42857142857,4278.438182995553,9.536666711171454,1.8296539194623849,8.745714460100439,3.393360531298961,106.33333333333333,21.1266025033211,80.85714285714286,44.483811929841664,165.66666666666666,10.408329997330743,156.57142857142858,31.988837338761062,740.0,21.656407827707504,687.1428571428571,75.71091636707916,4044.0
8378563200,2016-04-22,12200,9.67000007629395,9.67000007629395,2.0921471118927,4.90999984741211,0.589999973773956,4.17999982833862,0.0,113,12,159,769,4044,4236.0,3787.0,4092.0,3666.0,15148.0,9388.0,13070.0,14461.0,12.0100002288818,7.44000005722046,10.3599996566772,11.4700002670288,137.0,82.0,120.0,60.0,16.0,8.0,19.0,23.0,145.0,169.0,154.0,190.0,677.0,763.0,737.0,729.0,4038.3333333333335,229.26040507103147,3696.1428571428573,583.721231574179,12535.333333333334,2916.984973107221,11290.857142857143,4492.157181450482,9.936666647593155,2.314224172305112,8.952857289995453,3.5626054404465863,113.0,28.160255680657446,82.85714285714286,46.94119928672669,156.0,12.124355652982207,152.42857142857142,31.224227467663322,725.6666666666666,44.10593308539479,684.0,75.59320957158342,2908.0
8378563200,2016-04-23,5709,4.53000020980835,4.53000020980835,0.0,1.51999998092651,0.519999980926514,2.48000001907349,0.0,19,10,136,740,2908,4044.0,4236.0,3787.0,3363.0,12200.0,15148.0,9388.0,11207.0,9.67000007629395,12.0100002288818,7.44000005722046,8.89000034332275,113.0,137.0,82.0,64.0,12.0,16.0,8.0,21.0,159.0,145.0,169.0,142.0,769.0,677.0,763.0,563.0,4022.3333333333335,225.28278525740362,3750.1428571428573,597.7829674643435,12245.333333333334,2880.267580162186,10967.857142857143,4303.550643696103,9.706666787465403,2.285220717573526,8.69571440560476,3.4124373721715884,110.66666666666667,27.574142476844738,90.42857142857143,46.91430891479039,157.66666666666666,12.055427546683482,148.0,26.90724809414742,736.3333333333334,51.47167505855353,689.7142857142857,80.88822387656167,2741.0
8378563200,2016-04-24,3703,2.94000005722046,2.94000005722046,0.0,0.0,0.0,2.94000005722046,0.0,0,0,135,734,2741,2908.0,4044.0,4236.0,2572.0,5709.0,12200.0,15148.0,2132.0,4.53000020980835,9.67000007629395,12.0100002288818,1.69000005722046,19.0,113.0,137.0,0.0,10.0,12.0,16.0,0.0,136.0,159.0,145.0,93.0,740.0,769.0,677.0,599.0,3729.3333333333335,717.7446156770063,3685.1428571428573,667.5598421543517,11019.0,4829.05280567525,10182.42857142857,4732.92354530625,8.736666838328034,3.8263472491599155,8.072857243674132,3.7520692810822593,89.66666666666667,62.364519827649865,84.0,53.727708555890096,146.66666666666666,11.590225767142536,147.14285714285714,27.22393904531189,728.6666666666666,47.035447625523055,715.0,59.51750442796922,4005.0
8378563200,2016-04-25,12405,9.84000015258789,9.84000015258789,2.0921471118927,5.05000019073486,0.870000004768372,3.92000007629395,0.0,117,16,141,692,4005,2741.0,2908.0,4044.0,4157.0,3703.0,5709.0,12200.0,13630.0,2.94000005722046,4.53000020980835,9.67000007629395,10.8100004196167,0.0,19.0,113.0,117.0,0.0,10.0,12.0,10.0,135.0,136.0,159.0,174.0,734.0,740.0,769.0,720.0,3231.0,709.012693821486,3709.285714285714,622.1006655640534,7204.0,4441.398541000346,10406.857142857143,4305.508271527356,5.713333447774254,3.517589121577224,8.251428672245561,3.4119956547549117,44.0,60.50619802962336,84.0,53.727708555890096,143.33333333333334,13.576941236277591,153.14285714285714,15.334368495078527,747.6666666666666,18.71719352182167,734.2857142857143,30.42868321016814,3763.0
8378563200,2016-04-26,16208,12.8500003814697,12.8500003814697,0.0,7.51000022888184,0.920000016689301,4.42000007629395,0.0,90,18,161,593,3763,4005.0,2741.0,2908.0,4092.0,12405.0,3703.0,5709.0,13070.0,9.84000015258789,2.94000005722046,4.53000020980835,10.3599996566772,117.0,0.0,19.0,120.0,16.0,0.0,10.0,19.0,141.0,135.0,136.0,154.0,692.0,734.0,740.0,737.0,3218.0,686.6578478398104,3687.5714285714284,606.3213826409384,7272.333333333333,4556.776199610129,10231.857142857143,4175.602927664915,5.770000139872233,3.6132672470959633,8.11285720552716,3.3089057025546023,45.333333333333336,62.788003100380024,84.0,53.727708555890096,137.33333333333334,3.2145502536645707,148.42857142857142,12.699831269970254,722.0,26.153393661243836,730.2857142857143,34.22335599028975,3061.0
8378563200,2016-04-27,7359,5.84000015258789,5.84000015258789,0.0,0.330000013113022,0.180000007152557,5.32999992370605,0.0,4,4,192,676,3061,3763.0,4005.0,2741.0,3787.0,16208.0,12405.0,3703.0,9388.0,12.8500003814697,9.84000015258789,2.94000005722046,7.44000005722046,90.0,117.0,0.0,82.0,18.0,16.0,0.0,8.0,161.0,141.0,135.0,169.0,593.0,692.0,734.0,763.0,3503.0,670.9128110268877,3640.5714285714284,582.010554641654,10772.0,6410.442496427216,10680.142857142857,4670.233164363832,8.543333530426017,5.080652994785858,8.46857159478323,3.701312579724068,69.0,61.261733569986404,79.71428571428571,51.529002466941805,145.66666666666666,13.613718571108155,149.42857142857142,13.46423834777572,673.0,72.39475119095299,709.7142857142857,61.73522572436339,2884.0
8378563200,2016-04-28,5417,4.30000019073486,4.30000019073486,0.0,0.899999976158142,0.490000009536743,2.91000008583069,0.0,11,10,139,711,2884,3061.0,3763.0,4005.0,4236.0,7359.0,16208.0,12405.0,15148.0,5.84000015258789,12.8500003814697,9.84000015258789,12.0100002288818,4.0,90.0,117.0,137.0,4.0,18.0,16.0,16.0,192.0,161.0,141.0,145.0,676.0,593.0,692.0,677.0,3609.6666666666665,490.32370260199895,3536.8571428571427,615.3024807825358,11990.666666666666,4439.026282117884,10390.285714285714,4824.221930850118,9.510000228881827,3.516632020053455,8.24000017983572,3.822826246240355,70.33333333333333,59.01129835322497,68.57142857142857,58.86384612775808,164.66666666666666,25.69695182961075,152.71428571428572,20.17188047517538,653.6666666666666,53.14445722117522,697.2857142857143,57.85532037106093,2982.0
8378563200,2016-04-29,6175,4.90000009536743,4.90000009536743,0.0,0.25,0.360000014305115,4.26999998092651,0.0,3,7,172,767,2982,2884.0,3061.0,3763.0,4044.0,5417.0,7359.0,16208.0,12200.0,4.30000019073486,5.84000015258789,12.8500003814697,9.67000007629395,11.0,4.0,90.0,113.0,10.0,4.0,18.0,12.0,139.0,192.0,161.0,159.0,711.0,676.0,593.0,769.0,3236.0,464.8967627334053,3343.714285714286,569.7770658440935,9661.333333333334,5752.12780919664,9000.142857142857,4622.570512480815,7.663333574930817,4.55730560662394,7.138571602957586,3.6629379881052118,35.0,47.75981574503818,50.57142857142857,53.469172248617994,164.0,26.627053911388735,151.85714285714286,20.67549734531652,660.0,60.605280298006946,702.1428571428571,57.29289825516067,2660.0
8378563200,2016-04-30,2946,2.33999991416931,2.33999991416931,0.0,0.0,0.0,2.33999991416931,0.0,0,0,121,780,2660,2982.0,2884.0,3061.0,2908.0,6175.0,5417.0,7359.0,5709.0,4.90000009536743,4.30000019073486,5.84000015258789,4.53000020980835,3.0,11.0,4.0,19.0,7.0,10.0,4.0,10.0,172.0,139.0,192.0,136.0,767.0,711.0,676.0,740.0,2975.6666666666665,88.66979944340395,3192.0,487.71439729962117,6317.0,978.7563537469355,8139.428571428572,4486.3773751637245,5.013333479563394,0.7762301930527895,6.4571430342537965,3.5556374545099056,6.0,4.358898943540141,34.857142857142854,47.94242578839946,167.66666666666666,26.76440422152781,153.71428571428572,21.967508474367968,718.0,45.90206967011388,701.8571428571429,56.907611006579714,3369.0
8378563200,2016-05-01,11419,9.0600004196167,9.0600004196167,0.0,6.03000020980835,0.560000002384186,2.47000002861023,0.0,71,10,127,669,3369,2660.0,2982.0,2884.0,2741.0,2946.0,6175.0,5417.0,3703.0,2.33999991416931,4.90000009536743,4.30000019073486,2.94000005722046,0.0,3.0,11.0,0.0,0.0,7.0,10.0,0.0,121.0,172.0,139.0,135.0,780.0,767.0,711.0,734.0,2842.0,165.05756571572277,3156.5714285714284,519.7393119448939,4846.0,1688.5322028317971,7744.714285714285,4843.201651603537,3.846666733423867,1.3388553505034453,6.144285849162506,3.8385582563658547,4.666666666666667,5.686240703076911,32.142857142857146,49.50228469955896,144.0,25.865034312755164,151.57142857142858,24.561875219244037,752.6666666666666,36.66515148384529,707.5714285714286,63.052510240426194,3491.0
8378563200,2016-05-02,6064,4.80999994277954,4.80999994277954,2.0921471118927,0.629999995231628,0.170000001788139,4.01000022888184,0.0,63,4,142,802,3491,3369.0,2660.0,2982.0,4005.0,11419.0,2946.0,6175.0,12405.0,9.0600004196167,2.33999991416931,4.90000009536743,9.84000015258789,71.0,0.0,3.0,117.0,10.0,0.0,7.0,16.0,127.0,121.0,172.0,141.0,669.0,780.0,767.0,692.0,3003.6666666666665,354.9962441115871,3246.285714285714,489.36343491169316,6846.666666666667,4276.246523919467,8847.0,4643.979938228272,5.4333334763844805,3.3915977163843527,7.018571615219111,3.680817204097928,24.666666666666668,40.15387071420799,42.285714285714285,49.09078082394658,140.0,27.874719729532746,150.42857142857142,25.624578974473856,738.6666666666666,60.68223243531274,698.2857142857143,63.29748358798658,3784.0
8378563200,2016-05-03,8712,6.90999984741211,6.90999984741211,2.25308108329773,1.3400000333786,1.05999994277954,4.5,0.0,71,20,195,822,3784,3491.0,3369.0,2660.0,3763.0,6064.0,11419.0,2946.0,16208.0,4.80999994277954,9.0600004196167,2.33999991416931,12.8500003814697,63.0,71.0,0.0,90.0,4.0,10.0,0.0,18.0,142.0,127.0,121.0,161.0,802.0,669.0,780.0,593.0,3173.3333333333335,448.7252314427321,3172.8571428571427,383.7001557516088,6809.666666666667,4285.434205927484,7941.142857142857,4448.6136952452725,5.403333425521851,3.399063865921114,6.300000156675061,3.5259373929373843,44.666666666666664,38.88873015840619,34.57142857142857,38.491804941039675,130.0,10.816653826392063,150.57142857142858,25.565974411687257,750.3333333333334,71.29048557369573,714.0,74.19344086013717,3110.0
8378563200,2016-05-04,7875,6.23999977111816,6.23999977111816,0.0,1.55999994277954,0.490000009536743,4.19999980926514,0.0,19,10,167,680,3110,3784.0,3491.0,3369.0,3061.0,8712.0,6064.0,11419.0,7359.0,6.90999984741211,4.80999994277954,9.0600004196167,5.84000015258789,71.0,63.0,71.0,4.0,20.0,4.0,10.0,4.0,195.0,142.0,127.0,192.0,822.0,802.0,669.0,676.0,3548.0,213.29088119279757,3175.8571428571427,389.12698380324235,8731.666666666666,2677.5541700091376,6870.285714285715,2676.0397178346516,6.926666736602784,2.125049258764478,5.4514286518096915,2.1222035905825027,68.33333333333333,4.618802153516941,31.857142857142858,34.382304418739245,154.66666666666666,35.725807665234605,155.42857142857142,30.609677896906735,764.3333333333334,83.16449562964546,746.7142857142857,61.318062281066716,3783.0
8378563200,2016-05-05,8567,6.78999996185303,6.78999996185303,2.25308108329773,0.889999985694885,0.159999996423721,5.73999977111816,0.0,66,3,214,764,3783,3110.0,3784.0,3491.0,2884.0,7875.0,8712.0,6064.0,5417.0,6.23999977111816,6.90999984741211,4.80999994277954,4.30000019073486,19.0,71.0,63.0,11.0,10.0,20.0,4.0,10.0,167.0,195.0,142.0,139.0,680.0,822.0,802.0,711.0,3461.6666666666665,337.9561115490196,3182.8571428571427,387.15217876670783,7550.333333333333,1353.525889421154,6944.0,2698.7560097200326,5.9866665204366045,1.072675720704923,5.508571454456873,2.1397230342195135,51.0,27.99999999999997,34.0,32.78719262150999,168.0,26.514147167125753,151.85714285714286,26.86030883061828,768.0,76.86351540230244,747.2857142857143,60.56322945405716,3644.0
8378563200,2016-05-06,7045,5.59000015258789,5.59000015258789,2.0921471118927,1.54999995231628,0.25,3.77999997138977,0.0,74,5,166,831,3644,3783.0,3110.0,3784.0,2982.0,8567.0,7875.0,8712.0,6175.0,6.78999996185303,6.23999977111816,6.90999984741211,4.90000009536743,66.0,19.0,71.0,3.0,3.0,10.0,20.0,7.0,214.0,167.0,195.0,172.0,764.0,680.0,822.0,767.0,3559.0,388.8457277635953,3311.285714285714,419.2690919070605,8384.666666666666,447.2989306194715,7394.0,2664.1009740623554,6.646666526794434,0.35725814303205483,5.864285707473754,2.112114820525263,52.0,28.68797657556208,41.857142857142854,32.94656568560962,192.0,23.643180835073835,162.57142857142858,34.69321327895483,755.3333333333334,71.39561144309444,754.8571428571429,58.55034463726815,2799.0
8378563200,2016-05-07,4468,3.53999996185303,3.53999996185303,0.0,0.0,0.0,3.53999996185303,0.0,0,0,158,851,2799,3644.0,3783.0,3110.0,2660.0,7045.0,8567.0,7875.0,2946.0,5.59000015258789,6.78999996185303,6.23999977111816,2.33999991416931,74.0,66.0,19.0,0.0,5.0,3.0,10.0,0.0,166.0,214.0,167.0,121.0,831.0,764.0,680.0,780.0,3512.3333333333335,355.2947133484164,3405.8571428571427,407.100081295099,7829.0,762.0419935935232,7518.285714285715,2617.642559905489,6.206666628519694,0.6006939398359807,5.962857144219535,2.0753933610042727,53.0,29.715315916207228,52.0,29.765752132274415,182.33333333333334,27.42869543622766,161.71428571428572,34.49499618647263,758.3333333333334,75.6593241665118,764.0,65.36308846232217,2685.0
8378563200,2016-05-08,2943,2.32999992370605,2.32999992370605,0.0,0.0,0.0,2.32999992370605,0.0,0,0,139,621,2685,2799.0,3644.0,3783.0,3369.0,4468.0,7045.0,8567.0,11419.0,3.53999996185303,5.59000015258789,6.78999996185303,9.0600004196167,0.0,74.0,66.0,71.0,0.0,5.0,3.0,10.0,158.0,166.0,214.0,127.0,851.0,831.0,764.0,669.0,3408.6666666666665,532.5413911925845,3425.714285714286,365.9679923553035,6693.333333333333,2072.0044240622,7735.714285714285,2205.2904354669245,5.306666692097984,1.643421244652401,6.134285722460065,1.750379660347932,46.666666666666664,40.61198509471473,52.0,29.765752132274415,179.33333333333334,30.287511177601505,167.0,29.720924166878344,815.3333333333334,45.5668007800999,774.1428571428571,73.28808127617258,3721.0
8378563200,2016-05-09,8382,6.65000009536743,6.65000009536743,2.0921471118927,1.26999998092651,0.660000026226044,4.71999979019165,0.0,71,13,171,772,3721,2685.0,2799.0,3644.0,3491.0,2943.0,4468.0,7045.0,6064.0,2.32999992370605,3.53999996185303,5.59000015258789,4.80999994277954,0.0,0.0,74.0,63.0,0.0,0.0,5.0,4.0,139.0,158.0,166.0,142.0,621.0,851.0,831.0,802.0,3042.6666666666665,523.880075335313,3328.0,462.27697325304854,4818.666666666667,2073.3611198566778,6524.857142857143,2172.5609641290002,3.8200000127156577,1.6479382253105443,5.172857080187116,1.7236271078901193,24.666666666666668,42.72391992003227,41.857142857142854,34.007002080103874,154.33333333333334,13.868429375143265,168.71428571428572,27.27461753911064,767.6666666666666,127.41009902410917,767.2857142857143,85.92189143967589,3586.0
8378563200,2016-05-10,6582,5.21999979019165,5.21999979019165,2.25308108329773,0.660000026226044,0.639999985694885,3.92000007629395,0.0,63,13,152,840,3586,3721.0,2685.0,2799.0,3784.0,8382.0,2943.0,4468.0,8712.0,6.65000009536743,2.32999992370605,3.53999996185303,6.90999984741211,71.0,0.0,0.0,71.0,13.0,0.0,0.0,20.0,171.0,139.0,158.0,195.0,772.0,621.0,851.0,822.0,3068.3333333333335,568.092715437659,3360.8571428571427,483.4809298450244,5264.333333333333,2805.5819954749736,6856.0,2265.2861482235135,4.173333326975505,2.228549693033915,5.435714244842528,1.7977750788301048,23.666666666666668,40.99186911246339,43.0,34.957116585897055,156.0,16.093476939431184,172.85714285714286,24.613198162967848,748.0,116.86316785026825,763.0,84.64041587799541,3788.0
8378563200,2016-05-11,9143,7.25,7.25,2.0921471118927,1.38999998569489,0.589999973773956,5.26999998092651,0.0,72,10,184,763,3788,3586.0,3721.0,2685.0,3110.0,6582.0,8382.0,2943.0,7875.0,5.21999979019165,6.65000009536743,2.32999992370605,6.23999977111816,63.0,71.0,0.0,19.0,13.0,13.0,0.0,10.0,152.0,171.0,139.0,167.0,840.0,772.0,621.0,680.0,3330.6666666666665,563.2231647698211,3332.5714285714284,459.81186628984705,5969.0,2770.831463658517,6551.714285714285,2112.3186087240474,4.733333269755044,2.200734785787226,5.194285665239605,1.676154914232438,44.666666666666664,38.888730158406204,41.857142857142854,34.007002080103874,154.0,16.093476939431184,166.71428571428572,23.506837910944725,744.3333333333334,112.09073705410854,765.5714285714286,86.9729021838741,1976.0
8583815059,2016-04-19,5697,4.44000005722046,4.44000005722046,0.0,0.529999971389771,0.479999989271164,3.44000005722046,0.0,7,10,166,1257,2668,2536.0,2439.0,2693.0,2650.0,3864.0,3008.0,5319.0,5014.0,3.00999999046326,2.34999990463257,4.15000009536743,3.91000008583069,4.0,0.0,0.0,0.0,22.0,0.0,0.0,7.0,105.0,0.0,0.0,196.0,1309.0,1440.0,1440.0,1237.0,2556.0,128.1756607160658,2560.0,105.32172931862955,4063.6666666666665,1168.3665235418775,4191.571428571428,1084.3420212495773,3.169999996821087,0.9106042901212698,3.271428585052491,0.8450725618933527,1.3333333333333333,2.309401076758503,0.8571428571428571,1.5735915849388864,35.0,60.62177826491072,94.71428571428571,76.80649774099908,1396.3333333333333,75.63288526384092,1337.0,83.2986594529988,2647.0
8583815059,2016-04-20,5273,4.1100001335144,4.1100001335144,0.0,0.0,1.03999996185303,3.0699999332428,0.0,0,27,167,1246,2647,2668.0,2536.0,2439.0,2654.0,5697.0,3864.0,3008.0,5571.0,4.44000005722046,3.00999999046326,2.34999990463257,4.34999990463257,7.0,4.0,0.0,2.0,10.0,22.0,0.0,23.0,166.0,105.0,0.0,163.0,1257.0,1309.0,1440.0,1252.0,2547.6666666666665,114.94491434305984,2562.5714285714284,108.06920181509804,4189.666666666667,1373.7628373679834,4289.142857142857,1195.6916308942184,3.2666666507720965,1.0683789076633436,3.3471428666796013,0.9311769404050352,3.6666666666666665,3.511884584284246,1.8571428571428572,2.734262327610589,90.33333333333333,83.96626306638478,90.42857142857143,70.81632849105058,1335.3333333333333,94.2991693141213,1339.857142857143,79.55591025903014,2883.0
8583815059,2016-04-21,8538,6.65999984741211,6.65999984741211,0.0,2.63000011444092,1.01999998092651,3.00999999046326,0.0,35,18,158,1229,2883,2647.0,2668.0,2536.0,2443.0,5273.0,5697.0,3864.0,3135.0,4.1100001335144,4.44000005722046,3.00999999046326,2.45000004768372,0.0,7.0,4.0,0.0,27.0,10.0,22.0,0.0,167.0,166.0,105.0,134.0,1246.0,1257.0,1309.0,1306.0,2617.0,70.92954250522162,2561.5714285714284,107.11031251760521,4944.666666666667,959.5959219032416,4246.571428571428,1146.7491526256379,3.8533333937327066,0.7487545720822151,3.3128571850912913,0.8916785090780128,3.6666666666666665,3.511884584284246,1.5714285714285714,2.819996622760558,146.0,35.51056180912939,91.0,71.5122367151245,1270.6666666666667,33.6501609703923,1339.0,80.68457101577724,2944.0
8583815059,2016-04-22,8687,6.78000020980835,6.78000020980835,0.0,0.28999999165535,2.41000008583069,4.07999992370605,0.0,4,54,212,1170,2944,2883.0,2647.0,2668.0,2505.0,8538.0,5273.0,5697.0,3430.0,6.65999984741211,4.1100001335144,4.44000005722046,2.6800000667572,35.0,0.0,7.0,0.0,18.0,27.0,10.0,0.0,158.0,167.0,166.0,65.0,1229.0,1246.0,1257.0,1375.0,2732.6666666666665,130.61521095696853,2624.4285714285716,147.44248273237181,6502.666666666667,1775.353579806944,5018.428571428572,1866.3969618083981,5.070000012715656,1.386830773080321,3.914285727909633,1.454726257115423,14.0,18.520259177452136,6.571428571428571,12.830395458404531,163.66666666666666,4.932882862316151,94.42857142857143,74.43309555759262,1244.0,14.10673597966524,1328.0,90.57593499379402,3012.0
8583815059,2016-04-23,9423,7.34999990463257,7.34999990463257,0.0,0.529999971389771,2.02999997138977,4.75,0.0,7,44,238,1151,3012,2944.0,2883.0,2647.0,2693.0,8687.0,8538.0,5273.0,5319.0,6.78000020980835,6.65999984741211,4.1100001335144,4.15000009536743,4.0,35.0,0.0,0.0,54.0,18.0,27.0,0.0,212.0,158.0,167.0,0.0,1170.0,1229.0,1246.0,1440.0,2824.6666666666665,156.85768496740417,2687.1428571428573,178.31005633580028,7499.333333333333,1929.5000215945402,5769.428571428572,2155.919359742911,5.850000063578286,1.5080781939974301,4.500000034059797,1.6824981702952428,13.0,19.157244060668017,7.142857142857143,12.575486358103895,179.0,28.93095228297885,115.42857142857143,84.7660646384254,1215.0,39.887341350358035,1298.7142857142858,104.86135971798556,2889.0
8583815059,2016-04-24,8286,6.46000003814697,6.46000003814697,0.0,0.150000005960464,2.04999995231628,4.26999998092651,0.0,2,44,206,1188,2889,3012.0,2944.0,2883.0,2439.0,9423.0,8687.0,8538.0,3008.0,7.34999990463257,6.78000020980835,6.65999984741211,2.34999990463257,7.0,4.0,35.0,0.0,44.0,54.0,18.0,0.0,238.0,212.0,158.0,0.0,1151.0,1170.0,1229.0,1440.0,2946.3333333333335,64.53164598345082,2732.714285714286,216.69003536981464,8882.666666666666,473.8357662031558,6355.714285714285,2537.3053760689845,6.929999987284343,0.3686461306906508,4.957142863954816,1.9799807614801974,15.333333333333334,17.09775813764288,8.142857142857142,12.185080651197614,202.66666666666666,40.80849584747437,149.42857142857142,78.2301245106537,1183.3333333333333,40.67349669420264,1257.4285714285713,96.52436159308381,2547.0
8583815059,2016-04-25,4503,3.50999999046326,3.50999999046326,0.0,1.47000002861023,0.239999994635582,1.80999994277954,0.0,18,6,122,1294,2547,2889.0,3012.0,2944.0,2536.0,8286.0,9423.0,8687.0,3864.0,6.46000003814697,7.34999990463257,6.78000020980835,3.00999999046326,2.0,7.0,4.0,4.0,44.0,44.0,54.0,22.0,206.0,238.0,212.0,105.0,1188.0,1151.0,1170.0,1309.0,2948.3333333333335,61.6143922580871,2797.0,178.39843048636962,8798.666666666666,576.6665703275435,7109.714285714285,2127.859308811379,6.863333384195964,0.45081399052295096,5.54428574017116,1.6618348730156816,4.333333333333333,2.516611478423571,8.428571428571429,11.984116472191332,218.66666666666666,17.00980109623075,178.85714285714286,43.8346460060554,1169.6666666666667,18.502252115169913,1221.4285714285713,55.25352822175617,3093.0
8583815059,2016-04-26,10499,8.1899995803833,8.1899995803833,0.0,0.0700000002980232,4.21999979019165,3.89000010490417,0.0,1,91,214,1134,3093,2547.0,2889.0,3012.0,2668.0,4503.0,8286.0,9423.0,5697.0,3.50999999046326,6.46000003814697,7.34999990463257,4.44000005722046,18.0,2.0,7.0,7.0,6.0,44.0,44.0,10.0,122.0,206.0,238.0,166.0,1294.0,1188.0,1151.0,1257.0,2816.0,240.9419017107653,2798.5714285714284,175.74494506040782,7404.0,2575.857721226077,7201.0,1973.519613955399,5.7733333110809335,2.0099833906651474,5.6157143115997314,1.54111273844605,9.0,8.185352771872447,10.428571428571429,12.286267983093195,188.66666666666666,59.91104516976258,181.28571428571428,39.2967949741209,1211.0,74.22263805605387,1219.2857142857142,51.45131772110526,3142.0
8583815059,2016-04-27,12474,9.72999954223633,9.72999954223633,0.0,6.59999990463257,0.270000010728836,2.86999988555908,0.0,77,5,129,1229,3142,3093.0,2547.0,2889.0,2647.0,10499.0,4503.0,8286.0,5273.0,8.1899995803833,3.50999999046326,6.46000003814697,4.1100001335144,1.0,18.0,2.0,0.0,91.0,6.0,44.0,27.0,214.0,122.0,206.0,167.0,1134.0,1294.0,1188.0,1246.0,2843.0,275.89128293586964,2859.285714285714,195.42834516834571,7762.666666666667,3032.0640384618087,7887.0,2186.6753302673906,6.053333202997844,2.3663542584576365,6.1514285291944235,1.7071361697395404,7.0,9.539392014169454,9.571428571428571,12.765280292746452,180.66666666666666,50.964039609643706,188.14285714285714,40.35851240828286,1205.3333333333333,81.39615060513185,1201.7142857142858,57.116005595963465,2757.0
8583815059,2016-04-28,6174,4.82000017166138,4.82000017166138,0.0,0.0,1.20000004768372,3.60999989509583,0.0,0,28,203,1209,2757,3142.0,3093.0,2547.0,2883.0,12474.0,10499.0,4503.0,8538.0,9.72999954223633,8.1899995803833,3.50999999046326,6.65999984741211,77.0,1.0,18.0,35.0,5.0,91.0,6.0,18.0,129.0,214.0,122.0,158.0,1229.0,1134.0,1294.0,1229.0,2927.3333333333335,330.2882579404442,2930.0,195.3680287730482,9158.666666666666,4151.0938719009155,8915.714285714286,2432.0463067333326,7.143333037694298,3.2394029920191625,6.9542855875832705,1.8979185010364845,32.0,39.88734135035826,20.571428571428573,27.645717829090895,155.0,51.2152321092075,182.71428571428572,45.857439548068534,1219.0,80.46738469715524,1199.2857142857142,55.25008080149262,3513.0
8583815059,2016-04-29,15168,11.8299999237061,11.8299999237061,0.0,3.90000009536743,3.0,4.92000007629395,0.0,46,67,258,1069,3513,2757.0,3142.0,3093.0,2944.0,6174.0,12474.0,10499.0,8687.0,4.82000017166138,9.72999954223633,8.1899995803833,6.78000020980835,0.0,77.0,1.0,4.0,28.0,5.0,91.0,54.0,203.0,129.0,214.0,212.0,1209.0,1229.0,1134.0,1170.0,2997.3333333333335,209.57178563283128,2912.0,205.93850214728332,9715.666666666666,3222.2210249039917,8578.0,2647.799967268424,7.579999764760337,2.511194593426927,6.691428491047452,2.0654894894759432,26.0,44.170125650715555,15.571428571428571,27.766029261534335,182.0,46.227697325304874,189.14285714285714,44.96082951276799,1190.6666666666667,50.08326400438879,1196.4285714285713,53.959420378828064,3164.0
8583815059,2016-04-30,10085,7.86999988555908,7.86999988555908,0.0,0.150000005960464,1.27999997138977,6.42999982833862,0.0,2,28,317,1093,3164,3513.0,2757.0,3142.0,3012.0,15168.0,6174.0,12474.0,9423.0,11.8299999237061,4.82000017166138,9.72999954223633,7.34999990463257,46.0,0.0,77.0,7.0,67.0,28.0,5.0,44.0,258.0,203.0,129.0,238.0,1069.0,1209.0,1229.0,1151.0,3137.3333333333335,378.0216043208818,2993.285714285714,307.784943472827,11272.0,4615.908577950824,9503.857142857143,3639.6155212957797,8.793333212534604,3.5976425601794326,7.412857021604274,2.8387596626307077,41.0,38.742741255621034,21.571428571428573,29.341990064622085,196.66666666666666,64.73278406907379,195.71428571428572,51.713036028047064,1169.0,87.17797887081329,1182.0,72.51666475139844,2596.0
8583815059,2016-05-01,4512,3.51999998092651,3.51999998092651,0.0,0.779999971389771,0.119999997317791,2.03999996185303,0.0,10,2,117,1311,2596,3164.0,3513.0,2757.0,2889.0,10085.0,15168.0,6174.0,8286.0,7.86999988555908,11.8299999237061,4.82000017166138,6.46000003814697,2.0,46.0,0.0,2.0,28.0,67.0,28.0,44.0,317.0,258.0,203.0,206.0,1093.0,1069.0,1209.0,1188.0,3144.6666666666665,378.3706295860361,3015.0,314.6114005139248,10475.666666666666,4509.708896739714,9598.42857142857,3645.759859395701,8.173333326975522,3.514830367660423,7.487142733165203,2.843640229980792,16.0,26.0,20.857142857142858,29.81290867744246,259.3333333333333,57.01169470672955,207.0,68.40565278786055,1123.6666666666667,74.86877408728758,1173.7142857142858,79.6151457234833,2894.0
8583815059,2016-05-02,8469,6.6100001335144,6.6100001335144,0.0,0.0,0.0,0.0,0.0,0,0,0,1440,2894,2596.0,3164.0,3513.0,2547.0,4512.0,10085.0,15168.0,4503.0,3.51999998092651,7.86999988555908,11.8299999237061,3.50999999046326,10.0,2.0,46.0,18.0,2.0,28.0,67.0,6.0,117.0,317.0,258.0,122.0,1311.0,1093.0,1069.0,1294.0,3091.0,462.83798461232635,2973.1428571428573,351.4974767910519,9921.666666666666,5329.87732816932,9059.285714285714,4120.354989329833,7.739999930063898,4.156524961259195,7.067142724990852,3.2136723022641025,19.333333333333332,23.437861108329262,22.0,29.114715637743515,230.66666666666666,102.7634824893227,194.28571428571428,76.42363134902337,1157.6666666666667,133.33166665624975,1191.2857142857142,95.31826387724162,3212.0
8583815059,2016-05-03,12015,9.36999988555908,9.36999988555908,0.0,0.0,0.0,0.0,0.0,0,0,0,1440,3212,2894.0,2596.0,3164.0,3093.0,8469.0,4512.0,10085.0,10499.0,6.6100001335144,3.51999998092651,7.86999988555908,8.1899995803833,0.0,10.0,2.0,1.0,0.0,2.0,28.0,91.0,0.0,117.0,317.0,214.0,1440.0,1311.0,1093.0,1134.0,2884.6666666666665,284.1150001906506,3022.714285714286,302.4255910058505,7688.666666666667,2867.2761173862077,9625.857142857143,3633.309484412774,5.9999999999999964,2.2382358934530435,7.509999888283871,2.832813549683322,4.0,5.2915026221291805,19.428571428571427,30.297728973511877,144.66666666666666,160.3007589917569,176.85714285714286,104.43407581089701,1281.3333333333333,175.39194204219675,1212.142857142857,130.8796248102668,2516.0
8583815059,2016-05-04,3588,2.79999995231628,2.79999995231628,0.0,0.0,0.0,0.0,0.0,0,0,0,1440,2516,3212.0,2894.0,2596.0,3142.0,12015.0,8469.0,4512.0,12474.0,9.36999988555908,6.6100001335144,3.51999998092651,9.72999954223633,0.0,0.0,10.0,77.0,0.0,0.0,2.0,5.0,0.0,0.0,117.0,129.0,1440.0,1440.0,1311.0,1229.0,2900.6666666666665,308.05410780142734,3039.714285714286,310.2776790154876,8332.0,3753.3756806373635,9842.42857142857,3737.7116375817827,6.499999999999997,2.9265508270112384,7.678571360451841,2.913968704465409,3.3333333333333335,5.773502691896256,19.285714285714285,30.401284434018496,39.0,67.54998149518624,146.28571428571428,121.65211915638004,1397.0,74.4781847254616,1255.857142857143,150.11820739162906,3266.0
8583815059,2016-05-05,12427,9.6899995803833,9.6899995803833,0.0,0.0,0.0,1.17999994754791,0.0,0,0,70,1370,3266,2516.0,3212.0,2894.0,2757.0,3588.0,12015.0,8469.0,6174.0,2.79999995231628,9.36999988555908,6.6100001335144,4.82000017166138,0.0,0.0,0.0,0.0,0.0,0.0,0.0,28.0,0.0,0.0,0.0,203.0,1440.0,1440.0,1440.0,1209.0,2874.0,348.4307678721845,2950.285714285714,361.81612009680373,8024.0,4231.087448871743,8573.0,4178.027764388362,6.259999990463253,3.298954357945025,6.688571419034689,3.257777460039265,0.0,0.0,8.285714285714286,17.026589849548913,0.0,0.0,127.85714285714286,133.8648927979607,1440.0,0.0,1286.0,164.33705202012902,2683.0
8583815059,2016-05-06,5843,4.55999994277954,4.55999994277954,0.0,0.140000000596046,1.19000005722046,3.23000001907349,0.0,2,22,166,1250,2683,3266.0,2516.0,3212.0,3513.0,12427.0,3588.0,12015.0,15168.0,9.6899995803833,2.79999995231628,9.36999988555908,11.8299999237061,0.0,0.0,0.0,46.0,0.0,0.0,0.0,67.0,70.0,0.0,0.0,258.0,1370.0,1440.0,1440.0,1069.0,2998.0,418.2965455272134,3023.0,367.59805947982534,9343.333333333334,4988.520054418276,9466.285714285714,4247.507022332266,7.286666472752887,3.88886002581437,7.384285620280679,3.311786240770937,0.0,0.0,8.285714285714286,17.026589849548913,23.333333333333332,40.41451884327387,108.85714285714286,130.82612961666402,1416.6666666666667,40.41451884327361,1309.0,163.02556036810068,2810.0
8583815059,2016-05-07,6117,4.76999998092651,4.76999998092651,0.0,0.0,0.0,4.76999998092651,0.0,0,0,250,1190,2810,2683.0,3266.0,2516.0,3164.0,5843.0,12427.0,3588.0,10085.0,4.55999994277954,9.6899995803833,2.79999995231628,7.86999988555908,2.0,0.0,0.0,2.0,22.0,0.0,0.0,28.0,166.0,70.0,0.0,317.0,1250.0,1370.0,1440.0,1093.0,2821.6666666666665,393.75923269598826,2904.4285714285716,313.0111058428317,7286.0,4592.784231814074,8134.142857142857,3569.414444441901,5.683333158493041,3.5797251086968758,6.345714194434028,2.7829650944546778,0.6666666666666666,1.1547005383792432,2.0,3.651483716701128,78.66666666666667,83.33866649601093,95.71428571428571,117.2642518498487,1353.3333333333333,96.0902353693304,1334.857142857143,129.52789734445653,2940.0
8583815059,2016-05-08,9217,7.19000005722046,7.19000005722046,0.0,0.219999998807907,3.30999994277954,3.66000008583069,0.0,3,72,182,1183,2940,2810.0,2683.0,3266.0,2596.0,6117.0,5843.0,12427.0,4512.0,4.76999998092651,4.55999994277954,9.6899995803833,3.51999998092651,0.0,2.0,0.0,10.0,0.0,22.0,0.0,2.0,250.0,166.0,70.0,117.0,1190.0,1250.0,1370.0,1311.0,2919.6666666666665,306.581691125438,2853.8571428571427,291.9739877520078,8129.0,3724.697571615713,7567.285714285715,3522.7368486394093,6.33999983469645,2.903084347049171,5.902857065200804,2.7463897410300606,0.6666666666666666,1.1547005383792432,1.7142857142857142,3.728908942943238,162.0,90.0666419935816,86.14285714285714,97.21184525119786,1270.0,91.65151389911667,1348.7142857142858,101.4966572285575,2947.0
8583815059,2016-05-09,9877,7.69999980926514,7.69999980926514,0.0,5.76000022888184,0.170000001788139,1.73000001907349,0.0,66,4,110,1260,2947,2940.0,2810.0,2683.0,2894.0,9217.0,6117.0,5843.0,8469.0,7.19000005722046,4.76999998092651,4.55999994277954,6.6100001335144,3.0,0.0,2.0,0.0,72.0,0.0,22.0,0.0,182.0,250.0,166.0,0.0,1183.0,1190.0,1250.0,1440.0,2811.0,128.50291825480107,2903.0,269.4185096338656,7059.0,1873.8975425566882,8239.42857142857,3283.3520400724055,5.506666660308838,1.4615859529545179,6.427142790385653,2.559639955287068,1.6666666666666667,1.5275252316519417,0.7142857142857143,1.253566341056077,199.33333333333334,44.60194315647388,95.42857142857143,103.54847036188269,1207.6666666666667,36.82843104631677,1330.4285714285713,119.37874900620128,2846.0
8583815059,2016-05-10,8240,6.42999982833862,6.42999982833862,0.0,0.689999997615814,2.00999999046326,3.72000002861023,0.0,9,43,162,1226,2846,2947.0,2940.0,2810.0,3212.0,9877.0,9217.0,6117.0,12015.0,7.69999980926514,7.19000005722046,4.76999998092651,9.36999988555908,66.0,3.0,0.0,0.0,4.0,72.0,0.0,0.0,110.0,182.0,250.0,0.0,1260.0,1183.0,1190.0,1440.0,2899.0,77.1556867638419,2910.5714285714284,269.86778067716614,8403.666666666666,2007.6188217222223,8440.57142857143,3342.35774352691,6.553333282470703,1.5653220707154156,6.582857029778617,2.605364335249438,23.0,37.26929030716845,10.142857142857142,24.660552652827093,180.66666666666666,70.00952316173372,111.14285714285714,94.61400278927803,1211.0,42.57933771208729,1304.7142857142858,110.93048016019472,2804.0
8583815059,2016-05-11,8701,6.78999996185303,6.78999996185303,0.0,0.370000004768372,3.24000000953674,3.17000007629395,0.0,5,71,177,1106,2804,2846.0,2947.0,2940.0,2516.0,8240.0,9877.0,9217.0,3588.0,6.42999982833862,7.69999980926514,7.19000005722046,2.79999995231628,9.0,66.0,3.0,0.0,43.0,4.0,72.0,0.0,162.0,110.0,182.0,0.0,1226.0,1260.0,1183.0,1440.0,2911.0,56.40035460881507,2858.285714285714,234.92744573996632,9111.333333333334,823.5996195563233,7901.285714285715,2951.158456961478,7.106666564941407,0.6390878977808169,6.162857021604265,2.3002876593220996,26.0,34.77067730142742,11.428571428571429,24.275207811380618,151.33333333333334,37.16629297271029,134.28571428571428,81.84887351233421,1223.0,38.587562763149194,1274.142857142857,95.90347329724906,0.0
8792009665,2016-04-19,0,0.0,0.0,0.0,0.0,0.0,0.0,0.0,0,0,0,1440,1688,1688.0,1688.0,1721.0,2044.0,0.0,0.0,244.0,2564.0,0.0,0.0,0.159999996423721,1.63999998569489,0.0,0.0,0.0,0.0,0.0,0.0,0.0,0.0,0.0,0.0,12.0,116.0,1440.0,1440.0,1428.0,831.0,1699.0,19.052558883257745,1863.857142857143,158.39131770336888,81.33333333333333,140.87346568227292,1118.5714285714287,1100.67159152081,0.05333333214124026,0.09237604100557213,0.7157142800944197,0.7037484700124937,0.0,0.0,0.0,0.0,4.0,6.928203230275509,60.0,54.85739087245522,1436.0,6.928203230275509,1105.0,312.24562980662085,2188.0
8792009665,2016-04-20,3147,2.00999999046326,2.00999999046326,0.0,0.0,0.280000001192093,1.74000000953674,0.0,0,10,139,744,2188,1688.0,1688.0,1688.0,1934.0,0.0,0.0,0.0,1320.0,0.0,0.0,0.0,0.839999973773956,0.0,0.0,0.0,0.0,0.0,0.0,0.0,0.0,0.0,0.0,0.0,82.0,1440.0,1440.0,1440.0,806.0,1688.0,0.0,1813.0,147.70240350109412,0.0,0.0,752.2857142857143,956.7000077150125,0.0,0.0,0.48142856785229254,0.6117305717794481,0.0,0.0,0.0,0.0,0.0,0.0,43.42857142857143,52.59549138743466,1440.0,0.0,1192.0,307.99080072841997,1720.0
8792009665,2016-04-21,144,0.0900000035762787,0.0900000035762787,0.0,0.0,0.0,0.0900000035762787,0.0,0,0,9,1431,1720,2188.0,1688.0,1688.0,1963.0,3147.0,0.0,0.0,1219.0,2.00999999046326,0.0,0.0,0.779999971389771,0.0,0.0,0.0,0.0,10.0,0.0,0.0,0.0,139.0,0.0,0.0,84.0,744.0,1440.0,1440.0,853.0,1854.6666666666667,288.67513459481285,1849.2857142857142,203.16800460514966,1049.0,1816.9212971397526,1013.2857142857143,1318.279145235145,0.6699999968210865,1.1604740355651084,0.6485714273793359,0.8423860701542774,0.0,0.0,0.0,0.0,46.333333333333336,80.25168741735799,51.57142857142857,62.95463219085403,1208.0,401.8357873559795,1183.142857142857,321.53508288180547,2419.0
8792009665,2016-04-22,4068,2.59999990463257,2.59999990463257,0.0,0.0500000007450581,0.280000001192093,2.26999998092651,0.0,1,20,195,817,2419,1720.0,2188.0,1688.0,2009.0,144.0,3147.0,0.0,2483.0,0.0900000035762787,2.00999999046326,0.0,1.5900000333786,0.0,0.0,0.0,0.0,0.0,10.0,0.0,0.0,9.0,139.0,0.0,126.0,1431.0,744.0,1440.0,937.0,1865.3333333333333,279.8952184895864,1814.5714285714287,201.25096864599783,1097.0,1776.8114700215106,859.7142857142857,1352.492108946261,0.6999999980131796,1.1353853906605196,0.5500000034059799,0.8645229938217885,0.0,0.0,0.0,0.0,49.333333333333336,77.78388864882838,40.857142857142854,62.89787641202886,1205.0,399.26307116987414,1265.7142857142858,295.8100259094871,2748.0
8792009665,2016-04-23,5245,3.35999989509583,3.35999989509583,0.0,0.159999996423721,0.439999997615814,2.75,0.0,8,45,232,795,2748,2419.0,1720.0,2188.0,1721.0,4068.0,144.0,3147.0,244.0,2.59999990463257,0.0900000035762787,2.00999999046326,0.159999996423721,1.0,0.0,0.0,0.0,20.0,0.0,10.0,0.0,195.0,9.0,139.0,12.0,817.0,1431.0,744.0,1428.0,2109.0,356.13340197178917,1873.142857142857,301.8081225831122,2453.0,2051.991959048573,1086.142857142857,1745.2106299404502,1.566666632890703,1.3124150354510824,0.6942856992994042,1.1150165200188262,0.3333333333333333,0.5773502691896258,0.14285714285714285,0.37796447300922725,114.33333333333333,95.42187030934434,50.714285714285715,81.20696662584699,997.3333333333334,377.3358362696728,1248.5714285714287,320.48289457361955,1799.0
8792009665,2016-04-24,400,0.259999990463257,0.259999990463257,0.0,0.0399999991059303,0.0500000007450581,0.159999996423721,0.0,3,8,19,1410,1799,2748.0,2419.0,1720.0,1688.0,5245.0,4068.0,144.0,0.0,3.35999989509583,2.59999990463257,0.0900000035762787,0.0,8.0,1.0,0.0,0.0,45.0,20.0,0.0,0.0,232.0,195.0,9.0,0.0,795.0,817.0,1431.0,1440.0,2295.6666666666665,524.980317091349,2019.857142857143,435.52283850234863,3152.3333333333335,2670.9332326610734,1800.5714285714287,2283.5860583114195,2.01666660110156,1.711266528010985,1.1514285419668482,1.461579337032837,3.0,4.358898943540674,1.2857142857142858,2.984084768360628,145.33333333333334,119.5087165579705,82.14285714285714,103.29477006997753,1014.3333333333334,361.01154182842043,1158.142857142857,349.4154301932627,1688.0
8792009665,2016-04-25,0,0.0,0.0,0.0,0.0,0.0,0.0,0.0,0,0,0,1440,1688,1799.0,2748.0,2419.0,1688.0,400.0,5245.0,4068.0,0.0,0.259999990463257,3.35999989509583,2.59999990463257,0.0,3.0,8.0,1.0,0.0,8.0,45.0,20.0,0.0,19.0,232.0,195.0,0.0,1410.0,795.0,817.0,1440.0,2322.0,481.8786154209378,2035.7142857142858,423.27481785309584,3237.6666666666665,2526.973750028546,1857.7142857142858,2235.5192323250626,2.073333263397219,1.6157144442701148,1.1885713977473136,1.4304128182497569,4.0,3.605551275463989,1.7142857142857142,2.984084768360628,148.66666666666666,113.80831838373386,84.85714285714286,101.00070721110252,1007.3333333333334,348.8930112990705,1153.857142857143,345.54470457112035,1928.0
8792009665,2016-04-26,1321,0.850000023841858,0.850000023841858,0.0,0.0,0.0,0.850000023841858,0.0,0,0,80,1360,1928,1688.0,1799.0,2748.0,1688.0,0.0,400.0,5245.0,0.0,0.0,0.259999990463257,3.35999989509583,0.0,0.0,3.0,8.0,0.0,0.0,8.0,45.0,0.0,0.0,19.0,232.0,0.0,1440.0,1410.0,795.0,1440.0,2078.3333333333335,582.5979173781292,2035.7142857142858,423.27481785309584,1881.6666666666667,2919.5904393139344,1857.7142857142858,2235.5192323250626,1.2066666285196956,1.8693670363167871,1.1885713977473136,1.4304128182497569,3.6666666666666665,4.041451884327381,1.7142857142857142,2.984084768360628,83.66666666666667,128.8112313943677,84.85714285714286,101.00070721110252,1215.0,364.0398329853479,1153.857142857143,345.54470457112035,2067.0
8792009665,2016-04-27,1758,1.12999999523163,1.12999999523163,0.0,0.0,0.0,1.12999999523163,0.0,0,0,112,900,2067,1928.0,1688.0,1799.0,2188.0,1321.0,0.0,400.0,3147.0,0.850000023841858,0.0,0.259999990463257,2.00999999046326,0.0,0.0,3.0,0.0,0.0,0.0,8.0,10.0,80.0,0.0,19.0,139.0,1360.0,1440.0,1410.0,744.0,1805.0,120.11244731500669,2070.0,399.4658934126918,573.6666666666666,677.4070661967831,2046.4285714285713,2104.477200093716,0.37000000476837164,0.43554564914958666,1.3099999725818647,1.3463035380787427,1.0,1.7320508075688785,1.7142857142857142,2.984084768360628,33.0,41.7971290880128,96.28571428571429,94.08810460717885,1403.3333333333333,40.41451884327377,1142.4285714285713,335.68579413039265,2780.0
8792009665,2016-04-28,6157,3.94000005722046,3.94000005722046,0.0,0.0,0.0,3.94000005722046,0.0,0,0,310,714,2780,2067.0,1928.0,1688.0,1720.0,1758.0,1321.0,0.0,144.0,1.12999999523163,0.850000023841858,0.0,0.0900000035762787,0.0,0.0,0.0,0.0,0.0,0.0,0.0,0.0,112.0,80.0,0.0,9.0,900.0,1360.0,1440.0,1431.0,1894.3333333333333,191.7298446599629,2052.714285714286,396.11265833754686,1026.3333333333333,915.2935776751264,1848.0,2048.1398878006357,0.6600000063578293,0.5884726011368927,1.1842856875487748,1.3106595474825202,0.0,0.0,1.7142857142857142,2.984084768360628,64.0,57.68882040742387,92.42857142857143,92.5866389620323,1233.3333333333333,291.43323992525853,1164.7142857142858,308.93889055157507,3101.0
8792009665,2016-04-29,8360,5.34999990463257,5.34999990463257,0.0,0.140000000596046,0.280000001192093,4.92999982833862,0.0,6,14,380,634,3101,2780.0,2067.0,1928.0,2419.0,6157.0,1758.0,1321.0,4068.0,3.94000005722046,1.12999999523163,0.850000023841858,2.59999990463257,0.0,0.0,0.0,1.0,0.0,0.0,0.0,20.0,310.0,112.0,80.0,195.0,714.0,900.0,1360.0,817.0,2258.3333333333335,457.09116523220314,2204.1428571428573,447.05757592336596,3078.6666666666665,2674.854077016788,2707.0,2438.1673445438482,1.9733333587646493,1.7089275652016027,1.7342856952122292,1.5591649028941619,0.0,0.0,1.7142857142857142,2.984084768360628,167.33333333333334,124.58464324840895,135.42857142857142,114.64998494382392,991.3333333333334,332.54373145998903,1062.2857142857142,324.41060108331544,2896.0
8792009665,2016-04-30,7174,4.59000015258789,4.59000015258789,0.0,0.330000013113022,0.360000014305115,3.91000008583069,0.0,10,20,301,749,2896,3101.0,2780.0,2067.0,2748.0,8360.0,6157.0,1758.0,5245.0,5.34999990463257,3.94000005722046,1.12999999523163,3.35999989509583,6.0,0.0,0.0,8.0,14.0,0.0,0.0,45.0,380.0,310.0,112.0,232.0,634.0,714.0,900.0,795.0,2649.3333333333335,529.2393913280956,2301.5714285714284,561.3830709782334,5425.0,3361.3195325645547,3320.1428571428573,3243.9800363427757,3.4733333190282196,2.1483559277357247,2.127142838069372,2.074831004180682,2.0,3.464101615137755,2.4285714285714284,3.3594217189442417,267.3333333333333,139.0011990355958,161.85714285714286,147.33457228524537,749.3333333333334,136.47466187294006,1036.142857142857,353.5375645158651,1962.0
8792009665,2016-05-01,1619,1.03999996185303,1.03999996185303,0.0,0.0,0.0,1.03999996185303,0.0,0,0,79,834,1962,2896.0,3101.0,2780.0,1799.0,7174.0,8360.0,6157.0,400.0,4.59000015258789,5.34999990463257,3.94000005722046,0.259999990463257,10.0,6.0,0.0,3.0,20.0,14.0,0.0,8.0,301.0,380.0,310.0,19.0,749.0,634.0,714.0,1410.0,2925.6666666666665,162.54332755709495,2322.714285714286,583.3557274613019,7230.333333333333,1102.579853495125,3595.714285714286,3506.0899738543376,4.62666670481364,0.7057146870121376,2.3028571605682377,2.2419910474901275,5.333333333333333,5.033222956847166,2.7142857142857144,3.946064947695181,330.3333333333333,43.24735059322485,171.71428571428572,154.92225392726755,699.0,58.94913061275792,1029.5714285714287,359.1498559760521,2015.0
8792009665,2016-05-02,1831,1.16999995708466,1.16999995708466,0.0,0.0,0.0,1.16999995708466,0.0,0,0,101,916,2015,1962.0,2896.0,3101.0,1688.0,1619.0,7174.0,8360.0,0.0,1.03999996185303,4.59000015258789,5.34999990463257,0.0,0.0,10.0,6.0,0.0,0.0,20.0,14.0,0.0,79.0,301.0,380.0,0.0,834.0,749.0,634.0,1440.0,2653.0,607.1383697313157,2346.0,561.822332533456,5717.666666666667,3598.7428823595233,3769.8571428571427,3347.599409953917,3.66000000635783,2.300586899180481,2.414285727909634,2.1406296484023293,5.333333333333333,5.033222956847166,2.2857142857142856,4.070801956792859,253.33333333333334,156.05874962120296,180.28571428571428,146.49540867175585,739.0,100.37429949942361,947.2857142857143,321.4699126853159,2297.0
8792009665,2016-05-03,2421,1.54999995231628,1.54999995231628,0.0,0.0,0.0,1.54999995231628,0.0,0,0,156,739,2297,2015.0,1962.0,2896.0,1928.0,1831.0,1619.0,7174.0,1321.0,1.16999995708466,1.03999996185303,4.59000015258789,0.850000023841858,0.0,0.0,10.0,0.0,0.0,0.0,20.0,0.0,101.0,79.0,301.0,80.0,916.0,834.0,749.0,1360.0,2291.0,524.6150969996953,2392.714285714286,509.1148247320095,3541.3333333333335,3147.7668803984398,4031.4285714285716,3063.411434830069,2.2666666905085266,2.0131154417229324,2.581428578921728,1.9586426475450063,3.3333333333333335,5.773502691896257,2.2857142857142856,4.070801956792859,160.33333333333334,122.31652927275744,194.71428571428572,129.80204708929452,833.0,83.50449089719662,872.4285714285714,237.7126116012474,2067.0
8792009665,2016-05-04,2283,1.46000003814697,1.46000003814697,0.0,0.0,0.0,1.46000003814697,0.0,0,0,129,848,2067,2297.0,2015.0,1962.0,2067.0,2421.0,1831.0,1619.0,1758.0,1.54999995231628,1.16999995708466,1.03999996185303,1.12999999523163,0.0,0.0,0.0,0.0,0.0,0.0,0.0,0.0,156.0,101.0,79.0,112.0,739.0,916.0,834.0,900.0,2091.3333333333335,180.0731332912633,2445.4285714285716,470.6268363019888,1957.0,415.5815202821094,4188.571428571428,2926.3497658996534,1.25333329041799,0.2650157182158526,2.681428568703789,1.8714382307658912,0.0,0.0,2.2857142857142856,4.070801956792859,112.0,39.661064030103844,205.57142857142858,121.52209283755383,829.6666666666666,88.57953111940321,783.7142857142857,103.30329824633456,1688.0
8792009665,2016-05-05,0,0.0,0.0,0.0,0.0,0.0,0.0,0.0,0,0,0,1440,1688,2067.0,2297.0,2015.0,2780.0,2283.0,2421.0,1831.0,6157.0,1.46000003814697,1.54999995231628,1.16999995708466,3.94000005722046,0.0,0.0,0.0,0.0,0.0,0.0,0.0,0.0,129.0,156.0,101.0,310.0,848.0,739.0,916.0,714.0,2126.3333333333335,150.0710942631294,2445.4285714285716,470.6268363019888,2178.3333333333335,308.611946193473,4263.571428571428,2859.6412279132073,1.3933333158493033,0.19857829184089057,2.7285714319774086,1.8295302766558188,0.0,0.0,2.2857142857142856,4.070801956792859,128.66666666666666,27.501515109777653,208.0,119.49337499069424,834.3333333333334,89.28792378218526,776.2857142857143,95.0906835354432,1688.0
8792009665,2016-05-06,0,0.0,0.0,0.0,0.0,0.0,0.0,0.0,0,0,0,1440,1688,1688.0,2067.0,2297.0,3101.0,0.0,2283.0,2421.0,8360.0,0.0,1.46000003814697,1.54999995231628,5.34999990463257,0.0,0.0,0.0,6.0,0.0,0.0,0.0,14.0,0.0,129.0,156.0,380.0,1440.0,848.0,739.0,634.0,2017.3333333333333,307.5228988763813,2289.4285714285716,519.6706832674122,1568.0,1359.6797417039018,3384.0,3115.6255658642085,1.0033333301544165,0.8700766200092307,2.165714280945914,1.9934464183617544,0.0,0.0,2.2857142857142856,4.070801956792859,95.0,83.37265738837883,163.71428571428572,132.1636791831935,1009.0,377.2147929230772,880.0,263.1837127686029,1688.0
8792009665,2016-05-07,0,0.0,0.0,0.0,0.0,0.0,0.0,0.0,0,0,0,1440,1688,1688.0,1688.0,2067.0,2896.0,0.0,0.0,2283.0,7174.0,0.0,0.0,1.46000003814697,4.59000015258789,0.0,0.0,0.0,10.0,0.0,0.0,0.0,20.0,0.0,0.0,129.0,301.0,1440.0,1440.0,848.0,749.0,1814.3333333333333,218.81575202286743,2087.5714285714284,415.9706949385006,761.0,1318.090664559911,2189.714285714286,2413.4825263013417,0.48666667938232333,0.8429314150410187,1.4014285802841187,1.5440577884856275,0.0,0.0,1.4285714285714286,3.779644730092272,43.0,74.47818472546174,109.42857142857143,103.43896290865955,1242.6666666666667,341.7913593602584,995.1428571428571,309.80446982541974,1688.0
8792009665,2016-05-08,0,0.0,0.0,0.0,0.0,0.0,0.0,0.0,0,0,0,1440,1688,1688.0,1688.0,1688.0,1962.0,0.0,0.0,0.0,1619.0,0.0,0.0,0.0,1.03999996185303,0.0,0.0,0.0,0.0,0.0,0.0,0.0,0.0,0.0,0.0,0.0,79.0,1440.0,1440.0,1440.0,834.0,1688.0,0.0,1915.0,236.58120522701483,0.0,0.0,1164.857142857143,1121.6659378756583,0.0,0.0,0.7457142727715629,0.71786388536819,0.0,0.0,0.0,0.0,0.0,0.0,66.42857142857143,66.49525582790885,1440.0,0.0,1093.857142857143,327.8650273976719,1688.0
8792009665,2016-05-09,0,0.0,0.0,0.0,0.0,0.0,0.0,0.0,0,0,0,1440,1688,1688.0,1688.0,1688.0,2015.0,0.0,0.0,0.0,1831.0,0.0,0.0,0.0,1.16999995708466,0.0,0.0,0.0,0.0,0.0,0.0,0.0,0.0,0.0,0.0,0.0,101.0,1440.0,1440.0,1440.0,916.0,1688.0,0.0,1875.857142857143,249.8062106056275,0.0,0.0,933.5714285714286,1177.9220202179301,0.0,0.0,0.5971428496497014,0.7535408397396658,0.0,0.0,0.0,0.0,0.0,0.0,55.142857142857146,70.584296108574,1440.0,0.0,1180.4285714285713,327.82101678754384,57.0
8877689391,2016-04-19,18785,17.3999996185303,17.3999996185303,0.0,12.1499996185303,0.180000007152557,5.03000020980835,0.0,82,13,214,1131,3676,2761.0,3545.0,4547.0,3921.0,11423.0,15118.0,29326.0,23186.0,8.67000007629395,8.86999988555908,25.2900009155273,20.3999996185303,29.0,58.0,94.0,85.0,5.0,15.0,29.0,7.0,191.0,307.0,429.0,312.0,1215.0,1060.0,888.0,1036.0,3617.6666666666665,895.2146856108501,3723.8571428571427,539.964945952182,18622.333333333332,9451.963623149071,18420.14285714286,6368.416585739645,14.276666959126777,9.538351199621983,14.137142862592418,7.23422368641218,60.333333333333336,32.562759915789286,78.28571428571429,28.546536776021746,309.0,119.01260437449471,290.57142857142856,76.93472805536119,1054.3333333333333,163.57363275703497,1058.5714285714287,96.33250947085504,3679.0
8877689391,2016-04-20,19948,18.1100006103516,18.1100006103516,0.0,11.0200004577637,0.689999997615814,6.34000015258789,0.0,73,19,225,1123,3679,3676.0,2761.0,3545.0,3566.0,18785.0,11423.0,15118.0,15337.0,17.3999996185303,8.67000007629395,8.86999988555908,9.57999992370605,82.0,29.0,58.0,108.0,13.0,5.0,15.0,18.0,214.0,191.0,307.0,216.0,1131.0,1215.0,1060.0,1098.0,3327.3333333333335,494.813432854579,3688.8571428571427,532.9513513043594,15108.666666666666,3681.0088743893716,17791.428571428572,6027.618845977318,11.646666526794442,4.983536016652599,13.70857143402099,6.881631338194705,56.333333333333336,26.539279065817396,77.85714285714286,28.45129505797918,237.33333333333334,61.419323777890405,276.57142857142856,81.18468070364248,1135.3333333333333,77.59080701560818,1072.142857142857,99.26971436685099,3659.0
8877689391,2016-04-21,19377,17.6200008392334,17.6200008392334,0.0,12.289999961853,0.419999986886978,4.8899998664856,0.0,82,13,226,1119,3659,3679.0,3676.0,2761.0,3793.0,19948.0,18785.0,11423.0,21129.0,18.1100006103516,17.3999996185303,8.67000007629395,18.9799995422363,73.0,82.0,29.0,68.0,19.0,13.0,5.0,13.0,225.0,214.0,191.0,298.0,1123.0,1131.0,1215.0,1061.0,3372.0,529.1436477932997,3705.0,530.3146864519845,16718.666666666668,4622.900208022374,18450.14285714286,5966.327497675919,14.72666676839195,5.257226827565444,14.92714296068464,6.783241105452996,61.333333333333336,28.360771028541052,72.85714285714286,25.155705591565585,210.0,17.349351572897486,277.85714285714283,80.1299539735892,1156.3333333333333,50.964039609643905,1075.7142857142858,100.79304586745103,3427.0
8877689391,2016-04-22,18258,16.3099994659424,16.3099994659424,0.0,10.2299995422363,0.0299999993294477,5.96999979019165,0.0500000007450581,61,2,236,1141,3427,3659.0,3679.0,3676.0,3934.0,19377.0,19948.0,18785.0,13422.0,17.6200008392334,18.1100006103516,17.3999996185303,7.17000007629395,82.0,73.0,82.0,106.0,13.0,19.0,13.0,1.0,226.0,225.0,214.0,281.0,1119.0,1123.0,1131.0,1052.0,3671.3333333333335,10.785793124892832,3685.8571428571427,529.0256542523649,19370.0,581.531598453572,18199.85714285714,5871.210421158809,17.710000356038435,0.3634560315439927,14.732857431684225,6.666280426947573,79.0,5.196152422706643,74.85714285714286,25.261489606570258,221.66666666666666,6.65832811847943,267.57142857142856,81.7187394723657,1124.3333333333333,6.1101009266091015,1084.0,101.76115827433041,3891.0
8877689391,2016-04-23,11200,7.42999982833862,7.42999982833862,0.0,0.0,0.0,7.40000009536743,0.0099999997764825,102,6,300,1032,3891,3427.0,3659.0,3679.0,4547.0,18258.0,19377.0,19948.0,29326.0,16.3099994659424,17.6200008392334,18.1100006103516,25.2900009155273,61.0,82.0,73.0,94.0,2.0,13.0,19.0,29.0,236.0,226.0,225.0,429.0,1141.0,1119.0,1123.0,888.0,3588.3333333333335,140.07616975536206,3613.4285714285716,524.0737407219384,19194.333333333332,859.6803669581496,18890.714285714286,5487.275392951882,17.346666971842467,0.9306097905490867,16.038571630205432,5.773388765490188,72.0,10.535653752852744,68.42857142857143,21.45427030420085,229.0,6.082762530298264,261.14285714285717,82.25454105281679,1127.6666666666667,11.718930554165267,1096.7142857142858,102.65267375266667,3455.0
8877689391,2016-04-24,16674,15.7399997711182,15.7399997711182,0.0,11.0100002288818,0.0099999997764825,4.69000005722046,0.0,64,1,227,1148,3455,3891.0,3427.0,3659.0,3545.0,11200.0,18258.0,19377.0,15118.0,7.42999982833862,16.3099994659424,17.6200008392334,8.86999988555908,102.0,61.0,82.0,58.0,6.0,2.0,13.0,15.0,300.0,236.0,226.0,307.0,1032.0,1141.0,1119.0,1060.0,3659.0,231.99999999999932,3519.714285714286,363.30277285193495,16278.333333333334,4433.4120419078245,16301.285714285714,3741.1465138504286,13.786666711171472,5.543864743478512,13.487142903464193,4.880951953564528,81.66666666666667,20.50203241957571,69.57142857142857,23.18661354357397,254.0,40.14971979976947,242.71428571428572,43.87753520012368,1097.3333333333333,57.63968540279643,1117.2857142857142,59.00484241629181,3802.0
8877689391,2016-04-25,12986,8.73999977111816,8.73999977111816,0.0,2.36999988555908,0.0700000002980232,6.26999998092651,0.0099999997764825,113,8,218,1101,3802,3455.0,3891.0,3427.0,2761.0,16674.0,11200.0,18258.0,11423.0,15.7399997711182,7.42999982833862,16.3099994659424,8.67000007629395,64.0,102.0,61.0,29.0,1.0,6.0,2.0,5.0,227.0,300.0,236.0,191.0,1148.0,1032.0,1141.0,1215.0,3591.0,260.18454988719003,3506.8571428571427,363.8508982955464,15377.333333333334,3703.3564955771276,16523.571428571428,3705.1751581242324,13.159999688466408,4.970502862973051,14.468571458544066,4.471336343780886,75.66666666666667,22.854612955229268,70.42857142857143,22.79515403806361,254.33333333333334,39.8036849215413,231.28571428571428,33.54456878897226,1107.0,65.04613747179773,1129.857142857143,53.921018077148716,2860.0
8877689391,2016-04-26,11101,8.43000030517578,8.43000030517578,0.0,1.75999999046326,0.129999995231628,6.5,0.0,22,3,258,1157,2860,3802.0,3455.0,3891.0,3676.0,12986.0,16674.0,11200.0,18785.0,8.73999977111816,15.7399997711182,7.42999982833862,17.3999996185303,113.0,64.0,102.0,82.0,8.0,1.0,6.0,13.0,218.0,227.0,300.0,214.0,1101.0,1148.0,1032.0,1131.0,3716.0,230.37143920199762,3655.5714285714284,168.4832901139427,13620.0,2791.5293299551718,16746.85714285714,3379.337332898832,10.636666456858327,4.467889115661514,14.478571414947526,4.456259562015475,93.0,25.709920264364886,82.42857142857143,19.17339426442401,248.33333333333334,44.97036060933172,235.14285714285714,29.441629095712774,1093.6666666666667,58.34666514320542,1113.5714285714287,39.097558077443274,3808.0
8877689391,2016-04-27,23629,20.6499996185303,20.6499996185303,0.0,13.0699996948242,0.439999997615814,7.09999990463257,0.0,93,8,235,1104,3808,2860.0,3802.0,3455.0,3679.0,11101.0,12986.0,16674.0,19948.0,8.43000030517578,8.73999977111816,15.7399997711182,18.1100006103516,22.0,113.0,64.0,73.0,3.0,8.0,1.0,19.0,258.0,218.0,227.0,225.0,1157.0,1101.0,1148.0,1123.0,3372.3333333333335,476.40983756985236,3539.0,343.4418922224446,13587.0,2834.692752310199,15649.142857142857,3825.492666684529,10.969999949137382,4.13384792215364,13.197142941611165,4.755795637949951,66.33333333333333,45.54484969053399,73.85714285714286,29.840847683606285,234.33333333333334,20.984120980716206,241.42857142857142,28.86668866159942,1135.3333333333333,30.072135496724208,1117.2857142857142,42.14543979172715,3060.0
8877689391,2016-04-28,14890,11.3000001907349,11.3000001907349,0.0,4.92999982833862,0.379999995231628,5.96999979019165,0.0,58,8,231,1143,3060,3808.0,2860.0,3802.0,3659.0,23629.0,11101.0,12986.0,19377.0,20.6499996185303,8.43000030517578,8.73999977111816,17.6200008392334,93.0,22.0,113.0,82.0,8.0,3.0,8.0,13.0,235.0,258.0,218.0,226.0,1104.0,1157.0,1101.0,1119.0,3490.0,545.6042521828434,3557.4285714285716,355.4569158809812,15905.333333333334,6754.966789950436,16175.0,4673.8391072008435,12.606666564941413,6.967455050119649,13.559999942779553,5.262964922455476,76.0,47.82258880487337,76.71428571428571,30.690466954817776,237.0,20.07485989988475,242.85714285714286,28.15687347362136,1120.6666666666667,31.50132272355147,1114.5714285714287,42.327521160812736,2698.0
8877689391,2016-04-29,9733,7.3899998664856,7.3899998664856,0.0,1.37999999523163,0.170000001788139,5.78999996185303,0.0,18,5,210,1207,2698,3060.0,3808.0,2860.0,3427.0,14890.0,23629.0,11101.0,18258.0,11.3000001907349,20.6499996185303,8.43000030517578,16.3099994659424,58.0,93.0,22.0,61.0,8.0,8.0,3.0,2.0,231.0,235.0,258.0,236.0,1143.0,1104.0,1157.0,1141.0,3242.6666666666665,499.70124407823226,3471.8571428571427,396.64401696039243,16540.0,6424.91797613012,15534.0,4464.506057038482,13.460000038146994,6.389937034917595,12.657142707279766,4.985156833643857,57.666666666666664,35.50117368951811,73.28571428571429,31.33535961026715,241.33333333333334,14.571661996262955,243.57142857142858,27.71796735487133,1134.6666666666667,27.465129406819454,1118.0,43.69591895513053,4398.0
8877689391,2016-04-30,27745,26.7199993133545,26.7199993133545,0.0,21.6599998474121,0.0799999982118607,4.92999982833862,0.0,124,4,223,1089,4398,2698.0,3060.0,3808.0,3891.0,9733.0,14890.0,23629.0,11200.0,7.3899998664856,11.3000001907349,20.6499996185303,7.42999982833862,18.0,58.0,93.0,102.0,5.0,8.0,8.0,6.0,210.0,231.0,235.0,300.0,1207.0,1143.0,1104.0,1032.0,3188.6666666666665,566.0753777840307,3367.714285714286,494.11223903269644,16084.0,7024.523542561443,14316.142857142857,4751.141597152249,13.113333225250265,6.8134448611994305,11.382857050214508,5.035598865271847,56.333333333333336,37.52776749732568,67.14285714285714,37.71130940636849,225.33333333333334,13.42882471898916,239.85714285714286,30.503707815217947,1151.3333333333333,52.00320502943394,1127.4285714285713,55.11459922397193,2786.0
8877689391,2016-05-01,10930,8.31999969482422,8.31999969482422,0.0,3.13000011444092,0.569999992847443,4.57000017166138,0.0,36,12,166,1226,2786,4398.0,2698.0,3060.0,3455.0,27745.0,9733.0,14890.0,16674.0,26.7199993133545,7.3899998664856,11.3000001907349,15.7399997711182,124.0,18.0,58.0,64.0,4.0,5.0,8.0,1.0,223.0,210.0,231.0,227.0,1089.0,1207.0,1143.0,1148.0,3385.3333333333335,895.4782707209221,3440.1428571428573,607.7034442805767,17456.0,9276.114650002983,16679.714285714286,6670.315427681205,15.136666456858336,10.220187164734078,14.138571262359633,7.286845024216477,66.66666666666667,53.52880844305553,70.28571428571429,41.795989782570786,221.33333333333334,10.598742063723146,228.85714285714286,15.290831364236558,1146.3333333333333,59.07057925340958,1135.5714285714287,41.09281016940852,2189.0
8877689391,2016-05-02,4790,3.64000010490417,3.64000010490417,0.0,0.0,0.0,3.55999994277954,0.0,0,0,105,1335,2189,2786.0,4398.0,2698.0,3802.0,10930.0,27745.0,9733.0,12986.0,8.31999969482422,26.7199993133545,7.3899998664856,8.73999977111816,36.0,124.0,18.0,113.0,12.0,4.0,5.0,8.0,166.0,223.0,210.0,218.0,1226.0,1089.0,1207.0,1101.0,3294.0,957.1039650947015,3344.5714285714284,655.6886601487164,16136.0,10071.487625966682,15859.142857142857,7015.512179652824,14.143332958221443,10.901634160823294,13.078571251460493,7.549996292469446,59.333333333333336,56.7215420570821,66.28571428571429,43.79008367851594,199.66666666666666,29.87194893764607,220.14285714285714,28.339775178057653,1174.0,74.2226380560541,1146.7142857142858,53.674060419394,2817.0
8877689391,2016-05-03,10818,8.21000003814697,8.21000003814697,0.0,1.38999998569489,0.100000001490116,6.67000007629395,0.0099999997764825,19,3,229,1189,2817,2189.0,2786.0,4398.0,2860.0,4790.0,10930.0,27745.0,11101.0,3.64000010490417,8.31999969482422,26.7199993133545,8.43000030517578,0.0,36.0,124.0,22.0,0.0,12.0,4.0,3.0,105.0,166.0,223.0,258.0,1335.0,1226.0,1089.0,1157.0,3124.3333333333335,1142.7039569955698,3114.1428571428573,745.429278686992,14488.333333333334,11883.99378716319,14688.285714285714,8164.752450100892,12.893333037694298,12.200742775104818,12.349999870572782,8.251892440495489,53.333333333333336,63.79132647416366,50.142857142857146,44.521262977849766,164.66666666666666,59.01129835322499,204.0,52.03844732503068,1216.6666666666667,123.26529654908285,1180.142857142857,84.48358533156707,3477.0
8877689391,2016-05-04,18193,16.2999992370605,16.2999992370605,0.0,10.4200000762939,0.310000002384186,5.53000020980835,0.0,66,8,212,1154,3477,2817.0,2189.0,2786.0,3808.0,10818.0,4790.0,10930.0,23629.0,8.21000003814697,3.64000010490417,8.31999969482422,20.6499996185303,19.0,0.0,36.0,93.0,3.0,0.0,12.0,8.0,229.0,105.0,166.0,235.0,1189.0,1335.0,1226.0,1104.0,2597.3333333333335,353.9665709263137,3108.0,748.0452303615514,8846.0,3513.0454024962405,14647.857142857143,8186.148329720786,6.723333279291789,2.670811221207285,12.318571260997237,8.269710402167597,18.333333333333332,18.009256878986797,49.714285714285715,44.850545465706745,166.66666666666666,62.00268811376918,199.85714285714286,48.02231624091918,1250.0,75.90125163658367,1184.7142857142858,83.88626086496373,3052.0
8877689391,2016-05-05,14055,10.6700000762939,10.6700000762939,0.0,5.46000003814697,0.819999992847443,4.36999988555908,0.0,67,15,188,1170,3052,3477.0,2817.0,2189.0,3060.0,18193.0,10818.0,4790.0,14890.0,16.2999992370605,8.21000003814697,3.64000010490417,11.3000001907349,66.0,19.0,0.0,58.0,8.0,3.0,0.0,8.0,212.0,229.0,105.0,231.0,1154.0,1189.0,1335.0,1143.0,2827.6666666666665,644.0662491804187,3060.714285714286,705.6839978077329,11267.0,6712.771633237645,13871.285714285714,7413.544085305073,9.383333126703882,6.411039495204869,11.69714263507298,7.6818456582859485,28.333333333333332,33.975481355432386,45.857142857142854,41.5468754197335,182.0,67.22350779303324,196.57142857142858,45.95960959675035,1226.0,96.00520819205589,1191.857142857143,77.77409288323138,4015.0
8877689391,2016-05-06,21727,19.3400001525879,19.3400001525879,0.0,12.789999961853,0.28999999165535,6.15999984741211,0.0,96,17,232,1095,4015,3052.0,3477.0,2817.0,2698.0,14055.0,18193.0,10818.0,9733.0,10.6700000762939,16.2999992370605,8.21000003814697,7.3899998664856,67.0,66.0,19.0,18.0,15.0,8.0,3.0,5.0,188.0,212.0,229.0,210.0,1170.0,1154.0,1189.0,1207.0,3115.3333333333335,334.5270293015697,3059.5714285714284,705.6918253607251,14355.333333333334,3696.6615118689656,13752.0,7401.128112209196,11.726666450500458,4.147219505812247,11.607142618724266,7.690959151288404,50.666666666666664,27.428695436227617,47.142857142857146,42.120575223314034,209.66666666666666,20.599352740640498,190.42857142857142,43.39299921591469,1171.0,17.521415467935075,1195.7142857142858,75.5859649355492,4142.0
8877689391,2016-05-07,12332,8.13000011444092,8.13000011444092,0.0,0.0799999982118607,0.959999978542328,6.98999977111816,0.0,105,28,271,1036,4142,4015.0,3052.0,3477.0,4398.0,21727.0,14055.0,18193.0,27745.0,19.3400001525879,10.6700000762939,16.2999992370605,26.7199993133545,96.0,67.0,66.0,124.0,17.0,15.0,8.0,4.0,232.0,188.0,212.0,223.0,1095.0,1170.0,1154.0,1089.0,3514.6666666666665,482.60370215460773,3247.714285714286,766.1953002304556,17991.666666666668,3839.960590075551,15465.42857142857,7698.025566276562,15.436666488647434,4.399003626572318,13.314285516738881,7.921674386635919,76.33333333333333,17.03917055884276,58.285714285714285,43.423166956953146,210.66666666666666,22.030282189144405,193.57142857142858,45.77793188446852,1139.6666666666667,39.50105483823603,1179.7142857142858,84.16593587612955,2847.0
8877689391,2016-05-08,10686,8.10999965667725,8.10999965667725,0.0,1.08000004291534,0.200000002980232,6.80000019073486,0.0,17,4,245,1174,2847,4142.0,4015.0,3052.0,2786.0,12332.0,21727.0,14055.0,10930.0,8.13000011444092,19.3400001525879,10.6700000762939,8.31999969482422,105.0,96.0,67.0,36.0,28.0,17.0,15.0,12.0,271.0,232.0,188.0,166.0,1036.0,1095.0,1170.0,1226.0,3736.3333333333335,596.0422244550576,3211.1428571428573,705.8752081804612,16038.0,5001.572052864982,13263.57142857143,5487.119185180953,12.713333447774241,5.877706496931248,10.658571345465512,5.389982667666868,89.33333333333333,19.857828011475323,55.57142857142857,38.999389494611066,230.33333333333334,41.525092815469215,200.42857142857142,53.81095657595245,1100.3333333333333,67.15901527965794,1172.142857142857,95.3300032718426,3710.0
8877689391,2016-05-09,20226,18.25,18.25,0.0,11.1000003814697,0.800000011920929,6.23999977111816,0.0500000007450581,73,19,217,1131,3710,2847.0,4142.0,4015.0,2189.0,10686.0,12332.0,21727.0,4790.0,8.10999965667725,8.13000011444092,19.3400001525879,3.64000010490417,17.0,105.0,96.0,0.0,4.0,28.0,17.0,0.0,245.0,271.0,232.0,105.0,1174.0,1036.0,1095.0,1335.0,3668.0,713.8368160861415,3219.8571428571427,700.1048560921496,14915.0,5956.495362207547,13228.714285714286,5505.159329038094,11.859999974568693,6.477877893411802,10.628571340015943,5.405729664468936,72.66666666666667,48.41831609353359,52.857142857142854,41.1883016216521,249.33333333333334,19.85782801147529,211.71428571428572,53.670955167310204,1101.6666666666667,69.24112458166259,1164.7142857142858,92.41521210586184,2832.0
8877689391,2016-05-10,10733,8.14999961853027,8.14999961853027,0.0,1.35000002384186,0.46000000834465,6.28000020980835,0.0,18,11,224,1187,2832,3710.0,2847.0,4142.0,2817.0,20226.0,10686.0,12332.0,10818.0,18.25,8.10999965667725,8.13000011444092,8.21000003814697,73.0,17.0,105.0,19.0,19.0,4.0,28.0,3.0,217.0,245.0,271.0,229.0,1131.0,1174.0,1036.0,1189.0,3566.3333333333335,659.3453824311907,3437.1428571428573,545.8880924913178,14414.666666666666,5099.610311909465,15433.857142857143,4574.425261843332,11.496666590372726,5.84856684246395,12.71571418217249,5.06761563653549,65.0,44.542114902640186,63.285714285714285,34.228225612371844,244.33333333333334,27.00617213403878,227.71428571428572,26.240644591385763,1113.6666666666667,70.61397406557231,1135.5714285714287,53.909977873170696,3832.0
8877689391,2016-05-11,21420,19.5599994659424,19.5599994659424,0.0,13.2200002670288,0.409999996423721,5.8899998664856,0.0,88,12,213,1127,3832,2832.0,3710.0,2847.0,3477.0,10733.0,20226.0,10686.0,18193.0,8.14999961853027,18.25,8.10999965667725,16.2999992370605,18.0,73.0,17.0,66.0,11.0,19.0,4.0,8.0,224.0,217.0,245.0,212.0,1187.0,1131.0,1174.0,1154.0,3129.6666666666665,502.6393670747778,3439.285714285714,543.0701962870344,13881.666666666666,5494.404092650389,15421.714285714286,4588.810438239435,11.503333091735842,5.842819163514916,12.70714269365582,5.076549758021835,36.0,32.04684071792415,63.142857142857146,34.445263687133966,228.66666666666666,14.571661996262913,227.0,26.26785107312729,1164.0,29.30870177950535,1135.2857142857142,53.58393504809193,1849.0
